dataset,sample_id,phase,source_index,fold,label_id,label_name,relative_path,filename,is_reg,content_sha256
act4,act4/Cux2-CreERT2_Ai14-205530.03.02.01_500961528_m.swc,train,0,6,2,Isocortex_layer5,raw/allen_cell_type/swc/Cux2-CreERT2_Ai14-205530.03.02.01_500961528_m.swc,Cux2-CreERT2_Ai14-205530.03.02.01_500961528_m.swc,false,833a94e1b6de4b4bc5beef4ccc75f84cfec9d5e5f40752d7cefb0ed1f545bbda
act4,act4/Scnn1a-Tg3-Cre_Ai14-172530.06.01.01_492413272_m.swc,test,1,8,2,Isocortex_layer5,raw/allen_cell_type/swc/Scnn1a-Tg3-Cre_Ai14-172530.06.01.01_492413272_m.swc,Scnn1a-Tg3-Cre_Ai14-172530.06.01.01_492413272_m.swc,false,ec4c4d4f17876a07c83be660c2d569f2144c65074f1e87be94abaaf8afa8b170
act4,act4/Scnn1a-Tg3-Cre_Ai14-187849.06.01.01_512328420_m.swc,train,2,1,1,Isocortex_layer4,raw/allen_cell_type/swc/Scnn1a-Tg3-Cre_Ai14-187849.06.01.01_512328420_m.swc,Scnn1a-Tg3-Cre_Ai14-187849.06.01.01_512328420_m.swc,false,7f5b18a493ef884c61a61335d100fb3393003c26267f469b5d2c411897c9ac03
act4,act4/Rorb-IRES2-Cre-D_Ai14-230822.04.02.01_519262717_m.swc,train,3,5,1,Isocortex_layer4,raw/allen_cell_type/swc/Rorb-IRES2-Cre-D_Ai14-230822.04.02.01_519262717_m.swc,Rorb-IRES2-Cre-D_Ai14-230822.04.02.01_519262717_m.swc,false,b87e19550284b1766ba9dbada32ad20ae91c1068a5dedf47f88b80894463e313
act4,act4/Rorb-IRES2-Cre-D_Ai14-197330.06.01.01_491770970_m.swc,train,4,0,1,Isocortex_layer4,raw/allen_cell_type/swc/Rorb-IRES2-Cre-D_Ai14-197330.06.01.01_491770970_m.swc,Rorb-IRES2-Cre-D_Ai14-197330.06.01.01_491770970_m.swc,false,c5750e8c8c4d8d4a8746c1c1af929dca699cc02cab6db26cc802d679d687520a
act4,act4/Rorb-IRES2-Cre-D_Ai14-181715.03.01.01_491253836_m.swc,test,5,9,0,Isocortex_layer23,raw/allen_cell_type/swc/Rorb-IRES2-Cre-D_Ai14-181715.03.01.01_491253836_m.swc,Rorb-IRES2-Cre-D_Ai14-181715.03.01.01_491253836_m.swc,false,130f24d51eef6d5676cce75e37a1c7ca068534a2d4093d61f6d825076278e8e8
act4,act4/Pvalb-IRES-Cre_Ai14-185362.03.01.01_491119982_m.swc,train,6,1,2,Isocortex_layer5,raw/allen_cell_type/swc/Pvalb-IRES-Cre_Ai14-185362.03.01.01_491119982_m.swc,Pvalb-IRES-Cre_Ai14-185362.03.01.01_491119982_m.swc,false,e2977f93328c02de80dbc8afdf0ddac1b6f2e2dbe4006460b296136f54e83e6e
act4,act4/Ctgf-2A-dgCre_Ai14_IVSCC_-229233.03.02.01_546778526_m.swc,train,7,1,3,Isocortex_layer6,raw/allen_cell_type/swc/Ctgf-2A-dgCre_Ai14_IVSCC_-229233.03.02.01_546778526_m.swc,Ctgf-2A-dgCre_Ai14_IVSCC_-229233.03.02.01_546778526_m.swc,false,642c0ce0300a8ab5dadbcc76addd2c9faeac199278e5e6f1ba9b86ebeeda8b1b
act4,act4/Rorb-IRES2-Cre-D_Ai14-168053.05.01.01_491392788_m.swc,train,8,7,2,Isocortex_layer5,raw/allen_cell_type/swc/Rorb-IRES2-Cre-D_Ai14-168053.05.01.01_491392788_m.swc,Rorb-IRES2-Cre-D_Ai14-168053.05.01.01_491392788_m.swc,false,1cc575aced64eaebb17b356385e5ea8a35a7609717d52f58ab264c2870d17aac
act4,act4/Chrna2-Cre_OE25_Ai14_BT_-280154.04.01.01_673136338_m.swc,train,9,0,3,Isocortex_layer6,raw/allen_cell_type/swc/Chrna2-Cre_OE25_Ai14_BT_-280154.04.01.01_673136338_m.swc,Chrna2-Cre_OE25_Ai14_BT_-280154.04.01.01_673136338_m.swc,false,b650e7776335ef1231ae4ca9109ad672e84659080a43ec80faac58aa1a00a77a
act4,act4/Rorb-IRES2-Cre-D_Ai14-212872.04.02.01_505203923_m.swc,train,10,3,2,Isocortex_layer5,raw/allen_cell_type/swc/Rorb-IRES2-Cre-D_Ai14-212872.04.02.01_505203923_m.swc,Rorb-IRES2-Cre-D_Ai14-212872.04.02.01_505203923_m.swc,false,f550c614e54273ae793e8977e5a71b1e8b2d8eb9e8c8fccd8476fa3952b9ea72
act4,act4/Nr5a1-Cre_Ai14-230422.03.02.01_519261988_m.swc,test,11,9,1,Isocortex_layer4,raw/allen_cell_type/swc/Nr5a1-Cre_Ai14-230422.03.02.01_519261988_m.swc,Nr5a1-Cre_Ai14-230422.03.02.01_519261988_m.swc,false,bcb09009485431e26ab4d69d95a320ca85278e16e7aa5cecd8a19dffd90f186e
act4,act4/Nos1-CreERT2_Ai14_BT_-260226.04.02.01_596793240_m.swc,test,12,9,2,Isocortex_layer5,raw/allen_cell_type/swc/Nos1-CreERT2_Ai14_BT_-260226.04.02.01_596793240_m.swc,Nos1-CreERT2_Ai14_BT_-260226.04.02.01_596793240_m.swc,false,4bdc37f0f140931f12f57ea914592ddb6e51bd99541f21501cf801c8336990ff
act4,act4/Ctgf-2A-dgCre_Ai14_IVSCC_-230665.02.02.01_546781359_m.swc,test,13,9,3,Isocortex_layer6,raw/allen_cell_type/swc/Ctgf-2A-dgCre_Ai14_IVSCC_-230665.02.02.01_546781359_m.swc,Ctgf-2A-dgCre_Ai14_IVSCC_-230665.02.02.01_546781359_m.swc,false,f8ee8b83b2277ef5d22802ad8b1ed79eab352d04f857cacad1fd42bd4a74730b
act4,act4/Htr3a-Cre_NO152_Ai14-314467.03.02.01_596799440_m.swc,train,14,2,2,Isocortex_layer5,raw/allen_cell_type/swc/Htr3a-Cre_NO152_Ai14-314467.03.02.01_596799440_m.swc,Htr3a-Cre_NO152_Ai14-314467.03.02.01_596799440_m.swc,false,9d71fc9172c9552dfb2a2f7851d7a3b96f76f3eb9d70fbe6c35a81708d30aa87
act4,act4/Rorb-IRES2-Cre-D_Ai14-234246.02.02.01_552581071_m.swc,train,16,6,3,Isocortex_layer6,raw/allen_cell_type/swc/Rorb-IRES2-Cre-D_Ai14-234246.02.02.01_552581071_m.swc,Rorb-IRES2-Cre-D_Ai14-234246.02.02.01_552581071_m.swc,false,3dfc12450c9e2bb8044de2be6dcf6243ce5c084a5008b3f9fbf1718b1de07089
act4,act4/Vip-IRES-Cre_Ai14_IVSCC_-285657.05.02.02_717086683_m.swc,train,17,0,2,Isocortex_layer5,raw/allen_cell_type/swc/Vip-IRES-Cre_Ai14_IVSCC_-285657.05.02.02_717086683_m.swc,Vip-IRES-Cre_Ai14_IVSCC_-285657.05.02.02_717086683_m.swc,false,7d31763bf8adf94c4b9e7bd7fe41d5cb5ad5f130db0cead0062cbb9a8bf5252a
act4,act4/Nos1-CreERT2_Sst-IRES-FlpO_Ai65-304714.02.01.01_643517283_m.swc,train,18,7,3,Isocortex_layer6,raw/allen_cell_type/swc/Nos1-CreERT2_Sst-IRES-FlpO_Ai65-304714.02.01.01_643517283_m.swc,Nos1-CreERT2_Sst-IRES-FlpO_Ai65-304714.02.01.01_643517283_m.swc,false,7ef7d2fcafa1f1a95f8f661f7a9257cc82f3e7cd6c57581ee9af5a3795546583
act4,act4/Nr5a1-Cre_Ai14-187780.03.02.01_491253858_m.swc,train,19,7,1,Isocortex_layer4,raw/allen_cell_type/swc/Nr5a1-Cre_Ai14-187780.03.02.01_491253858_m.swc,Nr5a1-Cre_Ai14-187780.03.02.01_491253858_m.swc,false,07d9a288723fe09511b960d90b28e5adab790a63510b281a016aeb0ccbf219e3
act4,act4/Slc17a6-IRES-Cre_Ai14-190263.04.01.01_706381804_m.swc,train,20,1,0,Isocortex_layer23,raw/allen_cell_type/swc/Slc17a6-IRES-Cre_Ai14-190263.04.01.01_706381804_m.swc,Slc17a6-IRES-Cre_Ai14-190263.04.01.01_706381804_m.swc,false,fb8db78303b87183f7602181cbaa606cd8f828bba4f01366d8011cd20027180a
act4,act4/Nos1-CreERT2_Ai14_BT_-285362.04.01.01_572837209_m.swc,train,21,4,1,Isocortex_layer4,raw/allen_cell_type/swc/Nos1-CreERT2_Ai14_BT_-285362.04.01.01_572837209_m.swc,Nos1-CreERT2_Ai14_BT_-285362.04.01.01_572837209_m.swc,false,991107b17f7d26ae94917b28788e07b90697d7c82df5130e4792a8b57d0f25c1
act4,act4/Ntsr1-Cre_Ai14-235627.04.02.01_541514429_m.swc,test,22,8,3,Isocortex_layer6,raw/allen_cell_type/swc/Ntsr1-Cre_Ai14-235627.04.02.01_541514429_m.swc,Ntsr1-Cre_Ai14-235627.04.02.01_541514429_m.swc,false,168a96ce11b104b332f737a8397e84d1adfc7ea1f67876c105f63dd3bd365f17
act4,act4/Chrna2-Cre_OE25_Ai14_IVSCC_-294465.05.01.01_650485582_m.swc,train,23,4,0,Isocortex_layer23,raw/allen_cell_type/swc/Chrna2-Cre_OE25_Ai14_IVSCC_-294465.05.01.01_650485582_m.swc,Chrna2-Cre_OE25_Ai14_IVSCC_-294465.05.01.01_650485582_m.swc,false,9242201bf70bb9bfd3e4a604f3bf11e036bfa0da67a2fee7f8d5972c1dee0428
act4,act4/Sim1-Cre_KJ18_Ai14-318533.06.02.01_708729829_m.swc,test,24,8,3,Isocortex_layer6,raw/allen_cell_type/swc/Sim1-Cre_KJ18_Ai14-318533.06.02.01_708729829_m.swc,Sim1-Cre_KJ18_Ai14-318533.06.02.01_708729829_m.swc,false,156829277c0c054fb6cad927043e3444b90db3c18027c432f421bcb468f3240c
act4,act4/Vipr2-IRES2-Cre_Ai14-310515.06.01.01_596799483_m.swc,train,25,2,3,Isocortex_layer6,raw/allen_cell_type/swc/Vipr2-IRES2-Cre_Ai14-310515.06.01.01_596799483_m.swc,Vipr2-IRES2-Cre_Ai14-310515.06.01.01_596799483_m.swc,false,f960e8882201ae42cd40d35da4bb215439edd1945213100759a2281214eca671
act4,act4/Sst-IRES-Cre_Ai14-183332.06.02.01_657291647_m.swc,train,26,2,0,Isocortex_layer23,raw/allen_cell_type/swc/Sst-IRES-Cre_Ai14-183332.06.02.01_657291647_m.swc,Sst-IRES-Cre_Ai14-183332.06.02.01_657291647_m.swc,false,e68599170fca0cab1e334bcbac567c4130a70eeaa19850a849bc235ce39bafe5
act4,act4/Pvalb-IRES-Cre_Ai14-180633.04.01.01_491771159_m.swc,train,27,5,2,Isocortex_layer5,raw/allen_cell_type/swc/Pvalb-IRES-Cre_Ai14-180633.04.01.01_491771159_m.swc,Pvalb-IRES-Cre_Ai14-180633.04.01.01_491771159_m.swc,false,e60d56ab43b010a43d081ef6ec60e4a43404890a997767c56cb49b12bef7d1f3
act4,act4/Vipr2-IRES2-Cre_Slc32a1-T2A-FlpO_Ai65-315067.06.01.01_636989642_m.swc,test,28,9,0,Isocortex_layer23,raw/allen_cell_type/swc/Vipr2-IRES2-Cre_Slc32a1-T2A-FlpO_Ai65-315067.06.01.01_636989642_m.swc,Vipr2-IRES2-Cre_Slc32a1-T2A-FlpO_Ai65-315067.06.01.01_636989642_m.swc,false,9c8f29e47ee0133ffb89b7f6d989c1b6a6de4b8e61ffca90bf23f63af5a06203
act4,act4/Rbp4-Cre_KL100_Ai14-180747.06.01.01_495335491_m.swc,train,29,4,2,Isocortex_layer5,raw/allen_cell_type/swc/Rbp4-Cre_KL100_Ai14-180747.06.01.01_495335491_m.swc,Rbp4-Cre_KL100_Ai14-180747.06.01.01_495335491_m.swc,false,a810d5ae22263cfa8c9234ce3470eaa26d126a726f3c38d60a6dc6745ba89af5
act4,act4/Chrna2-Cre_OE25_Ai14_BT_-250843.04.01.01_544723118_m.swc,train,30,4,2,Isocortex_layer5,raw/allen_cell_type/swc/Chrna2-Cre_OE25_Ai14_BT_-250843.04.01.01_544723118_m.swc,Chrna2-Cre_OE25_Ai14_BT_-250843.04.01.01_544723118_m.swc,false,6d87f1450ec370dd2541f0a16125e7474d9a3e4958c3c6690519d5a748129247
act4,act4/Sst-IRES-Cre_Ai14_IVSCC_-183332.05.02.01_486041253_m.swc,train,31,1,2,Isocortex_layer5,raw/allen_cell_type/swc/Sst-IRES-Cre_Ai14_IVSCC_-183332.05.02.01_486041253_m.swc,Sst-IRES-Cre_Ai14_IVSCC_-183332.05.02.01_486041253_m.swc,false,5c28837c0238ed9cc7d64c375321f4986f8c3527b6152c79fb9db20ef464a081
act4,act4/Oxtr-2A-Cre_Ai14-293837.06.02.01_580260267_m.swc,train,32,2,1,Isocortex_layer4,raw/allen_cell_type/swc/Oxtr-2A-Cre_Ai14-293837.06.02.01_580260267_m.swc,Oxtr-2A-Cre_Ai14-293837.06.02.01_580260267_m.swc,false,7db1d50e4a7a42fb6cd9beb067a0d3b8e79dc6d2f1d287c1af8daac8cef2d4fa
act4,act4/Rbp4-Cre_KL100_Ai14-205726.04.01.01_514342418_m.swc,train,33,0,2,Isocortex_layer5,raw/allen_cell_type/swc/Rbp4-Cre_KL100_Ai14-205726.04.01.01_514342418_m.swc,Rbp4-Cre_KL100_Ai14-205726.04.01.01_514342418_m.swc,false,86db984b12febaf5f53b48042fec490977efb8e56279a0db7a19f40e8d647872
act4,act4/Nos1-CreERT2_Sst-IRES-FlpO_Ai65-243223.02.01.01_562232730_m.swc,train,34,3,2,Isocortex_layer5,raw/allen_cell_type/swc/Nos1-CreERT2_Sst-IRES-FlpO_Ai65-243223.02.01.01_562232730_m.swc,Nos1-CreERT2_Sst-IRES-FlpO_Ai65-243223.02.01.01_562232730_m.swc,false,964a12037ddfb25cee16130a4c6500ee44954e236a061b0c7f9032f69097e50f
act4,act4/Vip-IRES-Cre_Ai14_IVSCC_-253382.05.01.01_556384349_m.swc,train,35,0,0,Isocortex_layer23,raw/allen_cell_type/swc/Vip-IRES-Cre_Ai14_IVSCC_-253382.05.01.01_556384349_m.swc,Vip-IRES-Cre_Ai14_IVSCC_-253382.05.01.01_556384349_m.swc,false,6c5f8ac31f8bdf23d6c4e6634b2e6aa4e710d7f06cde654cfcdd6cd0efc8725a
act4,act4/Pvalb-IRES-Cre_Ai14-199001.06.02.01_492100996_m.swc,train,36,2,2,Isocortex_layer5,raw/allen_cell_type/swc/Pvalb-IRES-Cre_Ai14-199001.06.02.01_492100996_m.swc,Pvalb-IRES-Cre_Ai14-199001.06.02.01_492100996_m.swc,false,171f0d8afa2b4dbefc6a1d89c85a88ba7a3a3c27dc1ab7d8e7de462c15a60b87
act4,act4/Vipr2-IRES2-Cre_Slc32a1-T2A-FlpO_Ai65-315067.05.01.01_640104110_m.swc,train,37,7,0,Isocortex_layer23,raw/allen_cell_type/swc/Vipr2-IRES2-Cre_Slc32a1-T2A-FlpO_Ai65-315067.05.01.01_640104110_m.swc,Vipr2-IRES2-Cre_Slc32a1-T2A-FlpO_Ai65-315067.05.01.01_640104110_m.swc,false,212e5b49693ff44b93f989fa3595f9478fde02234c88bbb37d72313b7d92052e
act4,act4/Oxtr-T2A-Cre_Ai14-309030.04.02.01_652192441_m.swc,test,39,9,3,Isocortex_layer6,raw/allen_cell_type/swc/Oxtr-T2A-Cre_Ai14-309030.04.02.01_652192441_m.swc,Oxtr-T2A-Cre_Ai14-309030.04.02.01_652192441_m.swc,false,2bbf8c09bd6385a4934d46d63d133990747755ee7f9db5a0044cc41b3aea4738
act4,act4/Pvalb-IRES-Cre_Ai14-201773.04.01.01_496079434_m.swc,test,40,8,2,Isocortex_layer5,raw/allen_cell_type/swc/Pvalb-IRES-Cre_Ai14-201773.04.01.01_496079434_m.swc,Pvalb-IRES-Cre_Ai14-201773.04.01.01_496079434_m.swc,false,e6082d0c98d13406ace2d4e3e59a9852bfd3a52db4337182b391ba830711ce00
act4,act4/Vipr2-IRES2-Cre_Slc32a1-T2A-FlpO_Ai65-315072.05.01.01_638976782_m.swc,train,41,4,0,Isocortex_layer23,raw/allen_cell_type/swc/Vipr2-IRES2-Cre_Slc32a1-T2A-FlpO_Ai65-315072.05.01.01_638976782_m.swc,Vipr2-IRES2-Cre_Slc32a1-T2A-FlpO_Ai65-315072.05.01.01_638976782_m.swc,false,c5571f4d25899b02ed570aea41cc5528624f40ad5b7c0a0e157f61a36519388f
act4,act4/Vipr2-IRES2-Cre_Slc32a1-T2A-FlpO_Ai65-315069.04.01.01_614432441_m.swc,train,42,6,0,Isocortex_layer23,raw/allen_cell_type/swc/Vipr2-IRES2-Cre_Slc32a1-T2A-FlpO_Ai65-315069.04.01.01_614432441_m.swc,Vipr2-IRES2-Cre_Slc32a1-T2A-FlpO_Ai65-315069.04.01.01_614432441_m.swc,false,70e6db1d7604e3641affae5e49b8d0cb85266266a3acd2ebf2504e9e4ce7bdd3
act4,act4/Pvalb-IRES-Cre_Ai14-195045.05.02.01_491119688_m.swc,train,43,3,1,Isocortex_layer4,raw/allen_cell_type/swc/Pvalb-IRES-Cre_Ai14-195045.05.02.01_491119688_m.swc,Pvalb-IRES-Cre_Ai14-195045.05.02.01_491119688_m.swc,false,e2aed30fb65dcb5286cb7dd0c007229877d4d0e9ef50ca947f99573e61741173
act4,act4/Pvalb-IRES-Cre_Ai14-180634.03.02.01_491771204_m.swc,test,44,9,2,Isocortex_layer5,raw/allen_cell_type/swc/Pvalb-IRES-Cre_Ai14-180634.03.02.01_491771204_m.swc,Pvalb-IRES-Cre_Ai14-180634.03.02.01_491771204_m.swc,false,5e8263cf52e2bd28d44beaecee53a2cd5765f7c8648ec76485636bd55872f460
act4,act4/Chat-IRES-Cre-neo_Ai14-316042.05.02.01_639670635_m.swc,train,45,5,0,Isocortex_layer23,raw/allen_cell_type/swc/Chat-IRES-Cre-neo_Ai14-316042.05.02.01_639670635_m.swc,Chat-IRES-Cre-neo_Ai14-316042.05.02.01_639670635_m.swc,false,2041b6d87182facf366ba0f5b2e49bedef98f16f8477566cb2b4ea999f9582ac
act4,act4/Nr5a1-Cre_Ai14-202954.03.01.01_514342445_m.swc,test,47,8,0,Isocortex_layer23,raw/allen_cell_type/swc/Nr5a1-Cre_Ai14-202954.03.01.01_514342445_m.swc,Nr5a1-Cre_Ai14-202954.03.01.01_514342445_m.swc,false,e350ddeddf3c3be37249e1e79e9a8d3145c4fa3e34be9b6d9411d6145d745327
act4,act4/Nkx2-1-CreERT2_Ai14 _IVSCC_-286577.03.01.01_580260086_m.swc,train,48,4,0,Isocortex_layer23,raw/allen_cell_type/swc/Nkx2-1-CreERT2_Ai14 _IVSCC_-286577.03.01.01_580260086_m.swc,Nkx2-1-CreERT2_Ai14 _IVSCC_-286577.03.01.01_580260086_m.swc,false,e4c7164e920d774fd676bdb0bc8c3f8118094728e9e82f36ac53e2462102f42e
act4,act4/Ctgf-2A-dgCre_Ai14_IVSCC_-241547.03.02.01_537042195_m.swc,train,49,1,3,Isocortex_layer6,raw/allen_cell_type/swc/Ctgf-2A-dgCre_Ai14_IVSCC_-241547.03.02.01_537042195_m.swc,Ctgf-2A-dgCre_Ai14_IVSCC_-241547.03.02.01_537042195_m.swc,false,85f68e888a8b7ebbf0d0c0d6eb3cfc42f788bc9d4c93090db13fd172d72ae063
act4,act4/Vipr2-IRES2-Cre_Slc32a1-T2A-FlpO_Ai65-315067.04.02.01_610886090_m.swc,train,50,7,0,Isocortex_layer23,raw/allen_cell_type/swc/Vipr2-IRES2-Cre_Slc32a1-T2A-FlpO_Ai65-315067.04.02.01_610886090_m.swc,Vipr2-IRES2-Cre_Slc32a1-T2A-FlpO_Ai65-315067.04.02.01_610886090_m.swc,false,9f643566e06f4fd6307d727208efa914f8b7aebb7b7b4d4c03e56a2eb9819744
act4,act4/Ndnf-IRES2-dgCre_Ai14-292670.04.02.01_591275762_m.swc,train,51,7,1,Isocortex_layer4,raw/allen_cell_type/swc/Ndnf-IRES2-dgCre_Ai14-292670.04.02.01_591275762_m.swc,Ndnf-IRES2-dgCre_Ai14-292670.04.02.01_591275762_m.swc,false,b9c189964130788cfd4d648d61123b10f563f7c208aaa050248b78b48fcc9af6
act4,act4/Nos1-CreERT2_Sst-IRES-FlpO_Ai65-323427.03.02.01_627859869_m.swc,train,52,7,2,Isocortex_layer5,raw/allen_cell_type/swc/Nos1-CreERT2_Sst-IRES-FlpO_Ai65-323427.03.02.01_627859869_m.swc,Nos1-CreERT2_Sst-IRES-FlpO_Ai65-323427.03.02.01_627859869_m.swc,false,34c431f31a00fe76b1d67d963fa4799ff7ae2917ea666be609ea646fb4356e3f
act4,act4/Sst-IRES-Cre_Ai14-187427.04.01.01_491119894_m.swc,train,53,6,3,Isocortex_layer6,raw/allen_cell_type/swc/Sst-IRES-Cre_Ai14-187427.04.01.01_491119894_m.swc,Sst-IRES-Cre_Ai14-187427.04.01.01_491119894_m.swc,false,d483bf801ae087a507e765f4750ac5d144566040673676928e920540293b1bd5
act4,act4/Vipr2-IRES2-Cre_Ai14-316908.04.02.01_648577094_m.swc,train,54,3,3,Isocortex_layer6,raw/allen_cell_type/swc/Vipr2-IRES2-Cre_Ai14-316908.04.02.01_648577094_m.swc,Vipr2-IRES2-Cre_Ai14-316908.04.02.01_648577094_m.swc,false,5d03d732056f25519a2a66dacee9009947a05e1a3fe9014d0f7388d107cea3ca
act4,act4/Ctgf-2A-dgCre_Ai14_IVSCC_-281934.04.01.01_580260716_m.swc,train,55,6,2,Isocortex_layer5,raw/allen_cell_type/swc/Ctgf-2A-dgCre_Ai14_IVSCC_-281934.04.01.01_580260716_m.swc,Ctgf-2A-dgCre_Ai14_IVSCC_-281934.04.01.01_580260716_m.swc,false,a245953368e305fc1037fb9830440779f4f1834711609c914ffd3edcd171e8d8
act4,act4/Htr3a-Cre_NO152_Ai14-185555.05.01.01_657210762_m.swc,train,56,3,0,Isocortex_layer23,raw/allen_cell_type/swc/Htr3a-Cre_NO152_Ai14-185555.05.01.01_657210762_m.swc,Htr3a-Cre_NO152_Ai14-185555.05.01.01_657210762_m.swc,false,68e481d197dd14af81278ad89949b553450d2352db7ad0931fc0bb1f0decd060
act4,act4/Vipr2-IRES2-Cre_Slc32a1-T2A-FlpO_Ai65-315069.05.01.01_638206442_m.swc,train,57,1,0,Isocortex_layer23,raw/allen_cell_type/swc/Vipr2-IRES2-Cre_Slc32a1-T2A-FlpO_Ai65-315069.05.01.01_638206442_m.swc,Vipr2-IRES2-Cre_Slc32a1-T2A-FlpO_Ai65-315069.05.01.01_638206442_m.swc,false,d95a10071e4eca618de0b5342759d0518aeaf9f8c7ece792f7384a6e67179b68
act4,act4/Rorb-IRES2-Cre-D_Ai14-197332.06.02.01_491771446_m.swc,train,58,5,2,Isocortex_layer5,raw/allen_cell_type/swc/Rorb-IRES2-Cre-D_Ai14-197332.06.02.01_491771446_m.swc,Rorb-IRES2-Cre-D_Ai14-197332.06.02.01_491771446_m.swc,false,e14442b6184082fcad2e1358887b388e9561c96b1b9c0eae79d2200f39419ac6
act4,act4/Htr3a-Cre_NO152_Ai14-210477.04.02.01_500961547_m.swc,train,59,7,2,Isocortex_layer5,raw/allen_cell_type/swc/Htr3a-Cre_NO152_Ai14-210477.04.02.01_500961547_m.swc,Htr3a-Cre_NO152_Ai14-210477.04.02.01_500961547_m.swc,false,af4fa014e323b3038c9d3bfcc3110fa7e831eb8a660822ab504e413f159337fb
act4,act4/Rorb-IRES2-Cre-D_Ai14-212872.05.01.01_496164023_m.swc,train,60,5,3,Isocortex_layer6,raw/allen_cell_type/swc/Rorb-IRES2-Cre-D_Ai14-212872.05.01.01_496164023_m.swc,Rorb-IRES2-Cre-D_Ai14-212872.05.01.01_496164023_m.swc,false,9d7070082ce84a5ef8ce9ce3f6fbf573e1e7a5a6efa1afe28d2c97bf605fabf9
act4,act4/Cux2-CreERT2_Ai14-239083.03.01.01_661929037_m.swc,train,61,7,0,Isocortex_layer23,raw/allen_cell_type/swc/Cux2-CreERT2_Ai14-239083.03.01.01_661929037_m.swc,Cux2-CreERT2_Ai14-239083.03.01.01_661929037_m.swc,false,3f34ecb6cc89f6ba6e303bc888912897f5d83b6b03ff537e23895595e89d661a
act4,act4/Pvalb-IRES-Cre_Ai14-321032.02.02.01_606347981_m.swc,train,62,2,3,Isocortex_layer6,raw/allen_cell_type/swc/Pvalb-IRES-Cre_Ai14-321032.02.02.01_606347981_m.swc,Pvalb-IRES-Cre_Ai14-321032.02.02.01_606347981_m.swc,false,ac23d6addfd47c6c3b30094e8d50e459c428ed8e5c1bf0457db4740fc0a08e89
act4,act4/Htr3a-Cre_NO152_Ai14-276428.05.01.01_571972167_m.swc,train,63,2,0,Isocortex_layer23,raw/allen_cell_type/swc/Htr3a-Cre_NO152_Ai14-276428.05.01.01_571972167_m.swc,Htr3a-Cre_NO152_Ai14-276428.05.01.01_571972167_m.swc,false,3319e1bd20595791436469002ddfe9a1cc966a88211bfee75d41fb7846760916
act4,act4/Sim1-Cre_KJ18_Ai14-318179.06.01.01_652836478_m.swc,train,64,4,2,Isocortex_layer5,raw/allen_cell_type/swc/Sim1-Cre_KJ18_Ai14-318179.06.01.01_652836478_m.swc,Sim1-Cre_KJ18_Ai14-318179.06.01.01_652836478_m.swc,false,c3a1b068b0ad50ef98f43d936d91f9228d3e1f0c0d883d340144292beb18d4df
act4,act4/Cux2-CreERT2_Ai14-207761.04.02.01_506798042_m.swc,train,66,0,0,Isocortex_layer23,raw/allen_cell_type/swc/Cux2-CreERT2_Ai14-207761.04.02.01_506798042_m.swc,Cux2-CreERT2_Ai14-207761.04.02.01_506798042_m.swc,false,f5f91a7babc42672f8c5167ac09f584c531df4677d92bb082156fad107587c82
act4,act4/Oxtr-T2A-Cre_Ai14-309030.04.01.02_657210081_m.swc,train,67,3,3,Isocortex_layer6,raw/allen_cell_type/swc/Oxtr-T2A-Cre_Ai14-309030.04.01.02_657210081_m.swc,Oxtr-T2A-Cre_Ai14-309030.04.01.02_657210081_m.swc,false,e3918970636a7cfb973a326809a61fe0a0afaad2497e584ffc0e66d80adf6e75
act4,act4/Rorb-IRES2-Cre-D_Ai14-212873.04.02.01_505203940_m.swc,train,68,2,2,Isocortex_layer5,raw/allen_cell_type/swc/Rorb-IRES2-Cre-D_Ai14-212873.04.02.01_505203940_m.swc,Rorb-IRES2-Cre-D_Ai14-212873.04.02.01_505203940_m.swc,false,0230b30a9ad37efabe1d109817e734072d3a9a1600c7200d93aaaf7719307168
act4,act4/Vip-IRES-Cre_Ai14-313529.03.01.01_596799462_m.swc,train,69,0,3,Isocortex_layer6,raw/allen_cell_type/swc/Vip-IRES-Cre_Ai14-313529.03.01.01_596799462_m.swc,Vip-IRES-Cre_Ai14-313529.03.01.01_596799462_m.swc,false,eb83965dcdfb2b36a909a6052209050e2662043652ed4fd71cbd74d658984ae9
act4,act4/Chrna2-Cre_OE25_Ai14_IVSCC_-312984.03.01.01_646503876_m.swc,train,70,4,3,Isocortex_layer6,raw/allen_cell_type/swc/Chrna2-Cre_OE25_Ai14_IVSCC_-312984.03.01.01_646503876_m.swc,Chrna2-Cre_OE25_Ai14_IVSCC_-312984.03.01.01_646503876_m.swc,false,a0d04d6245db37326cbf289020e89a262d63436175251a2f0cd76a1528e6d6ed
act4,act4/Chat-IRES-Cre-neo_Ai14-316043.04.02.01_626158141_m.swc,test,71,9,0,Isocortex_layer23,raw/allen_cell_type/swc/Chat-IRES-Cre-neo_Ai14-316043.04.02.01_626158141_m.swc,Chat-IRES-Cre-neo_Ai14-316043.04.02.01_626158141_m.swc,false,39f8f149137bc926638c4d82b4f80ae947c42dec66df5e1e8521832f8167c0a8
act4,act4/Nos1-CreERT2_Sst-IRES-FlpO_Ai65-315002.04.01.01_643422416_m.swc,train,72,3,3,Isocortex_layer6,raw/allen_cell_type/swc/Nos1-CreERT2_Sst-IRES-FlpO_Ai65-315002.04.01.01_643422416_m.swc,Nos1-CreERT2_Sst-IRES-FlpO_Ai65-315002.04.01.01_643422416_m.swc,false,ac66773298a11fb05a07d1a81613458decf8aec3e8146d9c9aaf54133f82652a
act4,act4/Pvalb-IRES-Cre_Ai14-198335.04.01.01_653182186_m.swc,train,73,1,2,Isocortex_layer5,raw/allen_cell_type/swc/Pvalb-IRES-Cre_Ai14-198335.04.01.01_653182186_m.swc,Pvalb-IRES-Cre_Ai14-198335.04.01.01_653182186_m.swc,false,57dd8adf1ff19ffadfef091604f651702eef54b68943ed2a86219ce69c49c3f0
act4,act4/Gad2-IRES-Cre_Ai14-172679.05.01.01_491119788_m.swc,test,74,8,2,Isocortex_layer5,raw/allen_cell_type/swc/Gad2-IRES-Cre_Ai14-172679.05.01.01_491119788_m.swc,Gad2-IRES-Cre_Ai14-172679.05.01.01_491119788_m.swc,false,9849c59004a34a000645fddb71860bf4e533aae341a7fa1c77386de4506418f0
act4,act4/Ndnf-IRES2-dgCre_Ai14-292673.05.01.01_596793018_m.swc,test,75,9,2,Isocortex_layer5,raw/allen_cell_type/swc/Ndnf-IRES2-dgCre_Ai14-292673.05.01.01_596793018_m.swc,Ndnf-IRES2-dgCre_Ai14-292673.05.01.01_596793018_m.swc,false,57013dcf4f82f15303b9ef1e363d4b4364f8fbd8516f4a01f390ee014fa2b993
act4,act4/Pvalb-IRES-Cre_Ai14-236447.02.01.01_657270169_m.swc,train,76,3,0,Isocortex_layer23,raw/allen_cell_type/swc/Pvalb-IRES-Cre_Ai14-236447.02.01.01_657270169_m.swc,Pvalb-IRES-Cre_Ai14-236447.02.01.01_657270169_m.swc,false,3bdab271060e238b20947ecbfcc64cd34a8ebfdce74e1a2e2f391fa4de4dfd58
act4,act4/Rbp4-Cre_KL100_Ai14-203498.04.01.01_496085098_m.swc,train,77,0,2,Isocortex_layer5,raw/allen_cell_type/swc/Rbp4-Cre_KL100_Ai14-203498.04.01.01_496085098_m.swc,Rbp4-Cre_KL100_Ai14-203498.04.01.01_496085098_m.swc,false,ec3d714fc5eaed561338e24502faf91b0559cdaaead8ac6b869d8bc9bd2fc997
act4,act4/Ctgf-2A-dgCre_Ai14_IVSCC_-229236.02.01.01_519262210_m.swc,train,78,3,3,Isocortex_layer6,raw/allen_cell_type/swc/Ctgf-2A-dgCre_Ai14_IVSCC_-229236.02.01.01_519262210_m.swc,Ctgf-2A-dgCre_Ai14_IVSCC_-229236.02.01.01_519262210_m.swc,false,eba35e83157711a1b4b9450855ed487370f2b97f7dc2638113f2f8bc1254d18b
act4,act4/Ndnf-IRES2-dgCre_Ai14-280611.04.02.02_760004770_m.swc,train,79,6,2,Isocortex_layer5,raw/allen_cell_type/swc/Ndnf-IRES2-dgCre_Ai14-280611.04.02.02_760004770_m.swc,Ndnf-IRES2-dgCre_Ai14-280611.04.02.02_760004770_m.swc,false,96f239c952d5f9e9decbcff12ac67eabc4a4672080d16232a411bbfd88bfb28f
act4,act4/Htr3a-Cre_NO152_Ai14-200442.05.02.01_495337161_m.swc,train,80,5,2,Isocortex_layer5,raw/allen_cell_type/swc/Htr3a-Cre_NO152_Ai14-200442.05.02.01_495337161_m.swc,Htr3a-Cre_NO152_Ai14-200442.05.02.01_495337161_m.swc,false,55f5da8366330a258272713da30e8965322e96df5f7600ed0205c5dbef9865d9
act4,act4/Oxtr-2A-Cre_Ai14-293839.04.02.01_648868079_m.swc,train,81,5,0,Isocortex_layer23,raw/allen_cell_type/swc/Oxtr-2A-Cre_Ai14-293839.04.02.01_648868079_m.swc,Oxtr-2A-Cre_Ai14-293839.04.02.01_648868079_m.swc,false,924f5ba64871bb3dcb1131fa1784044ea1541ea64b83a3a5504b8a3203013c23
act4,act4/Chrna2-Cre_OE25_Ai14_IVSCC_-294467.03.01.01_596793119_m.swc,test,82,8,2,Isocortex_layer5,raw/allen_cell_type/swc/Chrna2-Cre_OE25_Ai14_IVSCC_-294467.03.01.01_596793119_m.swc,Chrna2-Cre_OE25_Ai14_IVSCC_-294467.03.01.01_596793119_m.swc,false,709543bce5d269041698d87c353caa4b6cf2dc5ce6a665b798607083678d7d97
act4,act4/Nr5a1-Cre_Ai14-169248.04.02.01_491253825_m.swc,train,83,5,1,Isocortex_layer4,raw/allen_cell_type/swc/Nr5a1-Cre_Ai14-169248.04.02.01_491253825_m.swc,Nr5a1-Cre_Ai14-169248.04.02.01_491253825_m.swc,false,3e0c449fbf1ff7ae89746fda65b8596ac7e3669f13037ca2f875bb36b3d6c263
act4,act4/Sst-IRES-Cre_Ai14-172534.04.02.01_513556739_m.swc,test,84,9,3,Isocortex_layer6,raw/allen_cell_type/swc/Sst-IRES-Cre_Ai14-172534.04.02.01_513556739_m.swc,Sst-IRES-Cre_Ai14-172534.04.02.01_513556739_m.swc,false,ebecd7d902fd1cafd1ab81d737ce46f9382caf6fd7d66edc19cb35c86df6a14b
act4,act4/Ntsr1-Cre_Ai14-232201.04.02.01_519262087_m.swc,train,85,2,3,Isocortex_layer6,raw/allen_cell_type/swc/Ntsr1-Cre_Ai14-232201.04.02.01_519262087_m.swc,Ntsr1-Cre_Ai14-232201.04.02.01_519262087_m.swc,false,7ac4f6ed81ed96ad1e6f3afe783bc744c18dfc17bcdbd5dfa8b7b18319ae32fe
act4,act4/Scnn1a-Tg3-Cre_Ai14-241666.06.02.01_527110314_m.swc,train,86,6,1,Isocortex_layer4,raw/allen_cell_type/swc/Scnn1a-Tg3-Cre_Ai14-241666.06.02.01_527110314_m.swc,Scnn1a-Tg3-Cre_Ai14-241666.06.02.01_527110314_m.swc,false,009b9b46db6bf3cd3b2b0ac28e406a979057cc47314b59b359f316b8e6396a11
act4,act4/Pvalb-IRES-Cre_Ai14-299333.03.01.01_596792857_m.swc,train,87,3,2,Isocortex_layer5,raw/allen_cell_type/swc/Pvalb-IRES-Cre_Ai14-299333.03.01.01_596792857_m.swc,Pvalb-IRES-Cre_Ai14-299333.03.01.01_596792857_m.swc,false,e02e44d75483b65a5c27dfaee2ee6c11420fa318679b6ed7b53cec1e85dc89cd
act4,act4/Sst-IRES-Cre_Ai14-188741.06.02.01_491771387_m.swc,train,88,5,3,Isocortex_layer6,raw/allen_cell_type/swc/Sst-IRES-Cre_Ai14-188741.06.02.01_491771387_m.swc,Sst-IRES-Cre_Ai14-188741.06.02.01_491771387_m.swc,false,ad29f7518220aa598cd84389c3fc64fd7389c17eb0027038b5252c18f4e7d90d
act4,act4/Oxtr-T2A-Cre_Ai14-309025.06.01.01_652118194_m.swc,train,89,1,3,Isocortex_layer6,raw/allen_cell_type/swc/Oxtr-T2A-Cre_Ai14-309025.06.01.01_652118194_m.swc,Oxtr-T2A-Cre_Ai14-309025.06.01.01_652118194_m.swc,false,8f4359a6e11a8dc938aeeec4d7ea81ed3796bf8f4cc955201a45c5a12008838a
act4,act4/Chrna2-Cre_OE25_Pvalb-T2A-Dre_Ai66-312583.02.02.01_651087073_m.swc,train,90,1,2,Isocortex_layer5,raw/allen_cell_type/swc/Chrna2-Cre_OE25_Pvalb-T2A-Dre_Ai66-312583.02.02.01_651087073_m.swc,Chrna2-Cre_OE25_Pvalb-T2A-Dre_Ai66-312583.02.02.01_651087073_m.swc,false,f0105c67d2ab9658cfd7add5212bbd83f6893502391dd3117ce69cd9bf7f93a8
act4,act4/Vipr2-IRES2-Cre_Slc32a1-T2A-FlpO_Ai65-343382.04.02.01_640109715_m.swc,train,91,4,0,Isocortex_layer23,raw/allen_cell_type/swc/Vipr2-IRES2-Cre_Slc32a1-T2A-FlpO_Ai65-343382.04.02.01_640109715_m.swc,Vipr2-IRES2-Cre_Slc32a1-T2A-FlpO_Ai65-343382.04.02.01_640109715_m.swc,false,273c94b8b629e4db378095d4847f611f11e6827d3c92b578796fdede0282c552
act4,act4/Ntsr1-Cre_Ai14-244448.05.01.01_537044880_m.swc,train,92,0,3,Isocortex_layer6,raw/allen_cell_type/swc/Ntsr1-Cre_Ai14-244448.05.01.01_537044880_m.swc,Ntsr1-Cre_Ai14-244448.05.01.01_537044880_m.swc,false,432524678d447228dfe912ccb00d513e9554abd312ee41428d7736263515362d
act4,act4/Chrna2-Cre_OE25_Ai14_BT_-281693.05.01.01_614430795_m.swc,train,93,6,2,Isocortex_layer5,raw/allen_cell_type/swc/Chrna2-Cre_OE25_Ai14_BT_-281693.05.01.01_614430795_m.swc,Chrna2-Cre_OE25_Ai14_BT_-281693.05.01.01_614430795_m.swc,false,9bafe8d0ef6e9be868b26bf7dde06280b21fbd9bb8058959db435d5fadd61530
act4,act4/Htr3a-Cre_NO152_Pvalb-T2A-Dre_Ai66-304920.02.02.01_596793163_m.swc,train,94,7,3,Isocortex_layer6,raw/allen_cell_type/swc/Htr3a-Cre_NO152_Pvalb-T2A-Dre_Ai66-304920.02.02.01_596793163_m.swc,Htr3a-Cre_NO152_Pvalb-T2A-Dre_Ai66-304920.02.02.01_596793163_m.swc,false,93eb20080e79d7e9fe67532d2bf78109dd62fbf1c51907a1e04b81b2fe5b9b05
act4,act4/Rorb-IRES2-Cre-D_Ai14-197711.05.01.01_492100960_m.swc,test,95,8,0,Isocortex_layer23,raw/allen_cell_type/swc/Rorb-IRES2-Cre-D_Ai14-197711.05.01.01_492100960_m.swc,Rorb-IRES2-Cre-D_Ai14-197711.05.01.01_492100960_m.swc,false,03224f2a72965ede2198d74f054ec801495f928d35f18458f129cd494a6ec348
act4,act4/Sst-IRES-Cre_Ai14-199390.05.01.01_492101025_m.swc,train,96,0,2,Isocortex_layer5,raw/allen_cell_type/swc/Sst-IRES-Cre_Ai14-199390.05.01.01_492101025_m.swc,Sst-IRES-Cre_Ai14-199390.05.01.01_492101025_m.swc,false,1970e400f241f231efa8ee5d66f6a793b807c78e56faa6cd769def578ea3d8cb
act4,act4/Scnn1a-Tg3-Cre_Ai14-177297.05.02.01_495335458_m.swc,train,97,5,2,Isocortex_layer5,raw/allen_cell_type/swc/Scnn1a-Tg3-Cre_Ai14-177297.05.02.01_495335458_m.swc,Scnn1a-Tg3-Cre_Ai14-177297.05.02.01_495335458_m.swc,false,becef39f3d4b21b8025598da15fd3c76be9e061aa362823a19bc41bb86e794eb
act4,act4/Nr5a1-Cre_Ai14-177332.03.01.01_673427331_m.swc,test,98,8,1,Isocortex_layer4,raw/allen_cell_type/swc/Nr5a1-Cre_Ai14-177332.03.01.01_673427331_m.swc,Nr5a1-Cre_Ai14-177332.03.01.01_673427331_m.swc,false,ef59dd6ada4b95ed8f5772dc18b8c99fcf9f17f67838370f9c18abf0fe2652e4
act4,act4/Chat-IRES-Cre-neo_Ai14-316041.04.02.01_610885974_m.swc,train,99,1,0,Isocortex_layer23,raw/allen_cell_type/swc/Chat-IRES-Cre-neo_Ai14-316041.04.02.01_610885974_m.swc,Chat-IRES-Cre-neo_Ai14-316041.04.02.01_610885974_m.swc,false,9638e43ccc7ffba564a768e8657e634686232466a7f1ea16ac438f9cba0b2373
act4,act4/Pvalb-IRES-Cre_Ai14-296193.04.01.01_596792650_m.swc,train,100,6,0,Isocortex_layer23,raw/allen_cell_type/swc/Pvalb-IRES-Cre_Ai14-296193.04.01.01_596792650_m.swc,Pvalb-IRES-Cre_Ai14-296193.04.01.01_596792650_m.swc,false,f730e9ca05211e8d638b42a80f3dd97dcffd45da4cf52990dd27105876f628ef
act4,act4/Sst-IRES-Cre_Ai14-182533.04.02.01_491119394_m.swc,train,101,2,2,Isocortex_layer5,raw/allen_cell_type/swc/Sst-IRES-Cre_Ai14-182533.04.02.01_491119394_m.swc,Sst-IRES-Cre_Ai14-182533.04.02.01_491119394_m.swc,false,6dd8b6f3cc11c04f378feb42f3fa6ab4a8674f91e24efc00afb2da4387f79b1f
act4,act4/Tlx3-Cre_PL56_Ai14-329936.03.02.01_651482864_m.swc,test,102,9,1,Isocortex_layer4,raw/allen_cell_type/swc/Tlx3-Cre_PL56_Ai14-329936.03.02.01_651482864_m.swc,Tlx3-Cre_PL56_Ai14-329936.03.02.01_651482864_m.swc,false,f8e88fee5905a1324a776a85bf039246bf06042127b47ce56e15832e7fd43052
act4,act4/Scnn1a-Tg2-Cre_Ai14-176961.06.02.01_491253847_m.swc,train,103,3,1,Isocortex_layer4,raw/allen_cell_type/swc/Scnn1a-Tg2-Cre_Ai14-176961.06.02.01_491253847_m.swc,Scnn1a-Tg2-Cre_Ai14-176961.06.02.01_491253847_m.swc,false,c5e721a736fe99a0f9ddf0521c89ac71483999b4c051d6db7534b082bbc26538
act4,act4/Oxtr-2A-Cre_Ai14-293837.04.02.01_760010721_m.swc,train,104,2,0,Isocortex_layer23,raw/allen_cell_type/swc/Oxtr-2A-Cre_Ai14-293837.04.02.01_760010721_m.swc,Oxtr-2A-Cre_Ai14-293837.04.02.01_760010721_m.swc,false,53959a91c653d53aace53a3a95a6c67e20822b3f362e422f39957af9fb6f386c
act4,act4/Nos1-CreERT2_Sst-IRES-FlpO_Ai65-271577.05.02.01_601947916_m.swc,train,105,3,2,Isocortex_layer5,raw/allen_cell_type/swc/Nos1-CreERT2_Sst-IRES-FlpO_Ai65-271577.05.02.01_601947916_m.swc,Nos1-CreERT2_Sst-IRES-FlpO_Ai65-271577.05.02.01_601947916_m.swc,false,1bb4a880aa290c0e756b18652f473687bbfb4ab0d72afaf3a165cc462bdf490c
act4,act4/Sim1-Cre_KJ18_Ai14-318531.03.02.01_653148741_m.swc,train,106,4,2,Isocortex_layer5,raw/allen_cell_type/swc/Sim1-Cre_KJ18_Ai14-318531.03.02.01_653148741_m.swc,Sim1-Cre_KJ18_Ai14-318531.03.02.01_653148741_m.swc,false,8e5e19db0858e756cc7c55a121feee2936830909f49624a5ff377f99e107a8da
act4,act4/Nr5a1-Cre_Ai14-177334.05.02.01_527109106_m.swc,train,107,1,1,Isocortex_layer4,raw/allen_cell_type/swc/Nr5a1-Cre_Ai14-177334.05.02.01_527109106_m.swc,Nr5a1-Cre_Ai14-177334.05.02.01_527109106_m.swc,false,9cd667e6a8e90f15080ca59efe508921476ff9fac65f4fe37ec51267e6a113b9
act4,act4/Rbp4-Cre_KL100_Ai14-212175.03.01.01_505203905_m.swc,test,108,9,1,Isocortex_layer4,raw/allen_cell_type/swc/Rbp4-Cre_KL100_Ai14-212175.03.01.01_505203905_m.swc,Rbp4-Cre_KL100_Ai14-212175.03.01.01_505203905_m.swc,false,a34075dac0f460198595a51027423f90f45922afde300c5e46524aa83088aceb
act4,act4/Rorb-IRES2-Cre-D_Ai14-176684.04.01.01_491771001_m.swc,train,109,0,1,Isocortex_layer4,raw/allen_cell_type/swc/Rorb-IRES2-Cre-D_Ai14-176684.04.01.01_491771001_m.swc,Rorb-IRES2-Cre-D_Ai14-176684.04.01.01_491771001_m.swc,false,10eb22e9c1a0b983641cdeae7ab6ba3280f134581b489cc06fe3bedfe97734e7
act4,act4/Nr5a1-Cre_Ai14-177834.03.02.01_491771105_m.swc,test,110,8,0,Isocortex_layer23,raw/allen_cell_type/swc/Nr5a1-Cre_Ai14-177834.03.02.01_491771105_m.swc,Nr5a1-Cre_Ai14-177834.03.02.01_491771105_m.swc,false,59a18d05e643b4203e05e4b31257a358a8409f1cb51f0be3b81d83f631b5148c
act4,act4/Htr3a-Cre_NO152_Pvalb-T2A-Dre_Ai66-304920.03.02.01_601947850_m.swc,train,111,3,2,Isocortex_layer5,raw/allen_cell_type/swc/Htr3a-Cre_NO152_Pvalb-T2A-Dre_Ai66-304920.03.02.01_601947850_m.swc,Htr3a-Cre_NO152_Pvalb-T2A-Dre_Ai66-304920.03.02.01_601947850_m.swc,false,a4a61e150eea0a206ae73348957d6d157628d26ac94acd638e17a99cc36d46c6
act4,act4/Rbp4-Cre_KL100_Ai14-243055.04.01.01_537042147_m.swc,test,112,9,2,Isocortex_layer5,raw/allen_cell_type/swc/Rbp4-Cre_KL100_Ai14-243055.04.01.01_537042147_m.swc,Rbp4-Cre_KL100_Ai14-243055.04.01.01_537042147_m.swc,false,3c3fef8001c3ddb2cbe805b964d28ad7a43954040b64055569cb9613be4c2a30
act4,act4/Penk-IRES2-Cre-neo_Ai14-336495.04.01.01_646827528_m.swc,train,113,6,3,Isocortex_layer6,raw/allen_cell_type/swc/Penk-IRES2-Cre-neo_Ai14-336495.04.01.01_646827528_m.swc,Penk-IRES2-Cre-neo_Ai14-336495.04.01.01_646827528_m.swc,false,b2670c86203e4a664b5e9f08154cfe0c7e9f1030e81520d70b470bb7e1ca1770
act4,act4/Sst-IRES-Cre_Ai14-172531.05.01.01_495335232_m.swc,train,114,4,2,Isocortex_layer5,raw/allen_cell_type/swc/Sst-IRES-Cre_Ai14-172531.05.01.01_495335232_m.swc,Sst-IRES-Cre_Ai14-172531.05.01.01_495335232_m.swc,false,fb7eecd034f73b5f77110c7ab40cbc0c52092f62dcbb4d64e8c41bc23523c5d3
act4,act4/Ntsr1-Cre_Ai14-214926.04.02.01_669498058_m.swc,train,115,4,3,Isocortex_layer6,raw/allen_cell_type/swc/Ntsr1-Cre_Ai14-214926.04.02.01_669498058_m.swc,Ntsr1-Cre_Ai14-214926.04.02.01_669498058_m.swc,false,116c9a365dfe21a20429d4bcce5fd178c0f66699c355e7fbe7e75a11bd161f43
act4,act4/Scnn1a-Tg2-Cre_Ai14-200710.05.01.01_492101048_m.swc,train,116,7,2,Isocortex_layer5,raw/allen_cell_type/swc/Scnn1a-Tg2-Cre_Ai14-200710.05.01.01_492101048_m.swc,Scnn1a-Tg2-Cre_Ai14-200710.05.01.01_492101048_m.swc,false,3d1c93669a6f0a715d0820b838c2add69ed15b5bcb67c1805845b0a191676735
act4,act4/Vipr2-IRES2-Cre_Ai14-304184.04.01.01_601947998_m.swc,test,117,8,3,Isocortex_layer6,raw/allen_cell_type/swc/Vipr2-IRES2-Cre_Ai14-304184.04.01.01_601947998_m.swc,Vipr2-IRES2-Cre_Ai14-304184.04.01.01_601947998_m.swc,false,7a0adbb8499ee8f60ff1f1ba4edfafaec1aceb0dbe66d6b2147cb023b9f568c1
act4,act4/Ntsr1-Cre_Ai14-232206.02.01.01_546779006_m.swc,train,118,7,3,Isocortex_layer6,raw/allen_cell_type/swc/Ntsr1-Cre_Ai14-232206.02.01.01_546779006_m.swc,Ntsr1-Cre_Ai14-232206.02.01.01_546779006_m.swc,false,674c12592fb8a01d70e19868175e8f865d9692ac0acb2faf1586219251e1e723
act4,act4/Chat-IRES-Cre-neo_Ai14-316042.06.01.01_636787957_m.swc,train,120,6,0,Isocortex_layer23,raw/allen_cell_type/swc/Chat-IRES-Cre-neo_Ai14-316042.06.01.01_636787957_m.swc,Chat-IRES-Cre-neo_Ai14-316042.06.01.01_636787957_m.swc,false,607669ea71ee9bc500a7093ffae9a9435e3fa118927a95e2cb92c70839f1b857
act4,act4/Pvalb-IRES-Cre_Ai14-170929.04.01.01_491458275_m.swc,test,121,9,3,Isocortex_layer6,raw/allen_cell_type/swc/Pvalb-IRES-Cre_Ai14-170929.04.01.01_491458275_m.swc,Pvalb-IRES-Cre_Ai14-170929.04.01.01_491458275_m.swc,false,239dbbbe0b1ae33404448a15ec1584403218ce5dead5786dff9e42c3d252d8a2
act4,act4/Rorb-IRES2-Cre-D_Ai14-197352.04.01.01_510989742_m.swc,test,122,8,2,Isocortex_layer5,raw/allen_cell_type/swc/Rorb-IRES2-Cre-D_Ai14-197352.04.01.01_510989742_m.swc,Rorb-IRES2-Cre-D_Ai14-197352.04.01.01_510989742_m.swc,false,70b34b06c829e8d31fdaad661dfdb6f647ba1315060e16c6286d4a08e8eaa78d
act4,act4/Chat-IRES-Cre-neo_Ai14-316043.05.01.01_610886034_m.swc,test,123,8,1,Isocortex_layer4,raw/allen_cell_type/swc/Chat-IRES-Cre-neo_Ai14-316043.05.01.01_610886034_m.swc,Chat-IRES-Cre-neo_Ai14-316043.05.01.01_610886034_m.swc,false,a13742ade6e5868fa5ce41248e3d902cb318a3a120eeb13494a1cc8dbeea5471
act4,act4/Sst-IRES-Cre_Ai14-181378.04.02.01_491771215_m.swc,train,124,7,2,Isocortex_layer5,raw/allen_cell_type/swc/Sst-IRES-Cre_Ai14-181378.04.02.01_491771215_m.swc,Sst-IRES-Cre_Ai14-181378.04.02.01_491771215_m.swc,false,1a30a80fd3275db8d962e66c78a04b4d0932ec60b2608fa6ccc451d264a9cc12
act4,act4/Ctgf-2A-dgCre_Ai14_IVSCC_-252900.03.01.01_543107196_m.swc,train,125,7,3,Isocortex_layer6,raw/allen_cell_type/swc/Ctgf-2A-dgCre_Ai14_IVSCC_-252900.03.01.01_543107196_m.swc,Ctgf-2A-dgCre_Ai14_IVSCC_-252900.03.01.01_543107196_m.swc,false,3531fe6ade398e403334abbb3815e8362b8b46cb66113647a743fa565f3398e5
act4,act4/Sst-IRES-Cre_Ai14-179870.04.01.01_491120344_m.swc,test,127,9,2,Isocortex_layer5,raw/allen_cell_type/swc/Sst-IRES-Cre_Ai14-179870.04.01.01_491120344_m.swc,Sst-IRES-Cre_Ai14-179870.04.01.01_491120344_m.swc,false,3f9d192c3f7c1dff06f735b49ae9163680aa43789f76de2e7245849067277100
act4,act4/Ntsr1-Cre_Ai14-181184.05.01.01_492413318_m.swc,train,128,4,3,Isocortex_layer6,raw/allen_cell_type/swc/Ntsr1-Cre_Ai14-181184.05.01.01_492413318_m.swc,Ntsr1-Cre_Ai14-181184.05.01.01_492413318_m.swc,false,3f244026d72a5c14331dedb838fac5fa107193f5e1004abd7e7f2fbbf437b3fd
act4,act4/Scnn1a-Tg2-Cre_Ai14-173240.03.02.01_491770179_m.swc,train,129,6,1,Isocortex_layer4,raw/allen_cell_type/swc/Scnn1a-Tg2-Cre_Ai14-173240.03.02.01_491770179_m.swc,Scnn1a-Tg2-Cre_Ai14-173240.03.02.01_491770179_m.swc,false,c0eea39979df10073e666bb1ee02f0873e7be4806c4e90ce981ac0a50e1736b2
act4,act4/Ctgf-2A-dgCre_Ai14_IVSCC_-230665.04.01.01_527108048_m.swc,train,130,1,2,Isocortex_layer5,raw/allen_cell_type/swc/Ctgf-2A-dgCre_Ai14_IVSCC_-230665.04.01.01_527108048_m.swc,Ctgf-2A-dgCre_Ai14_IVSCC_-230665.04.01.01_527108048_m.swc,false,52fb9f2b0a9e1c09ffa3e52af0c6e255293f998acb1053a139988de0f572692f
act4,act4/Rbp4-Cre_KL100_Ai14-196623.06.01.01_511962662_m.swc,train,131,5,1,Isocortex_layer4,raw/allen_cell_type/swc/Rbp4-Cre_KL100_Ai14-196623.06.01.01_511962662_m.swc,Rbp4-Cre_KL100_Ai14-196623.06.01.01_511962662_m.swc,false,2e9cb33eaa4fe1358085205191e9f34519bbb16fe4582f5d7051a282014b7bd5
act4,act4/Pvalb-IRES-Cre_Ai14-299135.05.01.01_650040988_m.swc,train,132,2,1,Isocortex_layer4,raw/allen_cell_type/swc/Pvalb-IRES-Cre_Ai14-299135.05.01.01_650040988_m.swc,Pvalb-IRES-Cre_Ai14-299135.05.01.01_650040988_m.swc,false,c3840ba9eb10193285f450db90830343e33af7b7b4105867e5f552447bc6eb3c
act4,act4/Cux2-CreERT2_Ai14-230637.05.01.01_661929017_m.swc,train,133,6,0,Isocortex_layer23,raw/allen_cell_type/swc/Cux2-CreERT2_Ai14-230637.05.01.01_661929017_m.swc,Cux2-CreERT2_Ai14-230637.05.01.01_661929017_m.swc,false,333d6d06216ad2a9b2b9256e59ded6ca079cbadc26a1653b26bdbcb1acb27c00
act4,act4/Rorb-IRES2-Cre-D_Ai14-171056.05.01.01_491119971_m.swc,train,134,6,2,Isocortex_layer5,raw/allen_cell_type/swc/Rorb-IRES2-Cre-D_Ai14-171056.05.01.01_491119971_m.swc,Rorb-IRES2-Cre-D_Ai14-171056.05.01.01_491119971_m.swc,false,82240e967b7a7ed093ad81a2935d09e7ab29d6174b79a2afe4a3bf715b3dadc9
act4,act4/Rbp4-Cre_KL100_Ai14-205727.03.02.01_500961607_m.swc,train,135,5,2,Isocortex_layer5,raw/allen_cell_type/swc/Rbp4-Cre_KL100_Ai14-205727.03.02.01_500961607_m.swc,Rbp4-Cre_KL100_Ai14-205727.03.02.01_500961607_m.swc,false,4d78e96623789d33bf70c7a8ff9fd54a5819c970de06ea78041b34f8d2b6d6c0
act4,act4/Chat-IRES-Cre-neo_Ai14-307622.05.02.01_610885676_m.swc,train,136,4,1,Isocortex_layer4,raw/allen_cell_type/swc/Chat-IRES-Cre-neo_Ai14-307622.05.02.01_610885676_m.swc,Chat-IRES-Cre-neo_Ai14-307622.05.02.01_610885676_m.swc,false,7d91dbac4f3d52dea18916691e863b78184db108f710a4710ecc8b1ca637ef57
act4,act4/Ntsr1-Cre_Ai14-212354.03.02.01_496164013_m.swc,train,137,6,3,Isocortex_layer6,raw/allen_cell_type/swc/Ntsr1-Cre_Ai14-212354.03.02.01_496164013_m.swc,Ntsr1-Cre_Ai14-212354.03.02.01_496164013_m.swc,false,c78f8ca726eeec36105a3d4bae622e4c4e5d5b13e6c4bb17d7a7aeea8b996a6d
act4,act4/Scnn1a-Tg3-Cre_Ai14-172530.03.01.01_491771137_m.swc,train,138,0,3,Isocortex_layer6,raw/allen_cell_type/swc/Scnn1a-Tg3-Cre_Ai14-172530.03.01.01_491771137_m.swc,Scnn1a-Tg3-Cre_Ai14-172530.03.01.01_491771137_m.swc,false,1f8e0530f28c9ff1d7c5a76b4dd7c0980acdf6f9cce84d0a204e491a18a88b33
act4,act4/Rorb-IRES2-Cre-D_Ai14-197332.04.02.01_492100936_m.swc,train,139,2,2,Isocortex_layer5,raw/allen_cell_type/swc/Rorb-IRES2-Cre-D_Ai14-197332.04.02.01_492100936_m.swc,Rorb-IRES2-Cre-D_Ai14-197332.04.02.01_492100936_m.swc,false,c65c9c031743b65ac2866d17278d25bab3e9a6472889c6ab60d9d3bffadf37eb
act4,act4/Pvalb-IRES-Cre_Ai14-299135.03.02.01_587405348_m.swc,train,140,2,3,Isocortex_layer6,raw/allen_cell_type/swc/Pvalb-IRES-Cre_Ai14-299135.03.02.01_587405348_m.swc,Pvalb-IRES-Cre_Ai14-299135.03.02.01_587405348_m.swc,false,8b67f91f1cbb5e2d81034bfd60481c0e03d89982eef89691c79dff9de07a296e
act4,act4/Oxtr-2A-Cre_Ai14-293841.05.02.01_614432108_m.swc,train,141,7,1,Isocortex_layer4,raw/allen_cell_type/swc/Oxtr-2A-Cre_Ai14-293841.05.02.01_614432108_m.swc,Oxtr-2A-Cre_Ai14-293841.05.02.01_614432108_m.swc,false,12c04073a5cc857af8d9369a674d96a775b1d0cbd02ed471605069002668f75e
act4,act4/Htr3a-Cre_NO152_Ai14-306203.03.02.01_656154929_m.swc,train,142,5,3,Isocortex_layer6,raw/allen_cell_type/swc/Htr3a-Cre_NO152_Ai14-306203.03.02.01_656154929_m.swc,Htr3a-Cre_NO152_Ai14-306203.03.02.01_656154929_m.swc,false,b53e5fe56a96157967f7bd6b4562b8dfca3994a5eaae0872637c752b7a961563
act4,act4/Rorb-IRES2-Cre-D_Ai14-201965.05.01.01_491459182_m.swc,train,143,3,1,Isocortex_layer4,raw/allen_cell_type/swc/Rorb-IRES2-Cre-D_Ai14-201965.05.01.01_491459182_m.swc,Rorb-IRES2-Cre-D_Ai14-201965.05.01.01_491459182_m.swc,false,6824f3479e102527384eac93c8569c51a40fb3b5af9360293a802dd678acd14f
act4,act4/Htr3a-Cre_NO152_Ai14-200434.06.02.01_653181333_m.swc,test,144,8,2,Isocortex_layer5,raw/allen_cell_type/swc/Htr3a-Cre_NO152_Ai14-200434.06.02.01_653181333_m.swc,Htr3a-Cre_NO152_Ai14-200434.06.02.01_653181333_m.swc,false,c1bb69edb35a8c0661563bf747a6c0d770cec4fe71ba93d7771b2f855392a1da
act4,act4/Sst-IRES-Cre_Ai14-173196.03.02.01_491458442_m.swc,train,145,3,2,Isocortex_layer5,raw/allen_cell_type/swc/Sst-IRES-Cre_Ai14-173196.03.02.01_491458442_m.swc,Sst-IRES-Cre_Ai14-173196.03.02.01_491458442_m.swc,false,b7d398509d0f1c6f1e5857f61a5ac07e9bf61b905294600e6e717a128a72fc6f
act4,act4/Pvalb-IRES-Cre_Ai14-212440.05.02.01_657246943_m.swc,train,146,4,0,Isocortex_layer23,raw/allen_cell_type/swc/Pvalb-IRES-Cre_Ai14-212440.05.02.01_657246943_m.swc,Pvalb-IRES-Cre_Ai14-212440.05.02.01_657246943_m.swc,false,116659925190e57fa297bcffa206d63040ac48e94029ed1f2b9d7cb3d848f2a9
act4,act4/Cux2-CreERT2_Ai14-230634.03.02.01_673280893_m.swc,train,147,5,1,Isocortex_layer4,raw/allen_cell_type/swc/Cux2-CreERT2_Ai14-230634.03.02.01_673280893_m.swc,Cux2-CreERT2_Ai14-230634.03.02.01_673280893_m.swc,false,af21709c075a3a2edbc1ae233a494891bb1c4fa8fb184cb27102b2d068e31567
act4,act4/Sst-IRES-Cre_Ai14-306888.04.02.01_614432344_m.swc,train,148,0,2,Isocortex_layer5,raw/allen_cell_type/swc/Sst-IRES-Cre_Ai14-306888.04.02.01_614432344_m.swc,Sst-IRES-Cre_Ai14-306888.04.02.01_614432344_m.swc,false,46bfc169e9b5bb9ae964dac3270e91844a1e85d94a70c75eba55d16189318f23
act4,act4/Nos1-CreERT2_Sst-IRES-FlpO_Ai65-304714.03.01.01_644564684_m.swc,test,149,8,3,Isocortex_layer6,raw/allen_cell_type/swc/Nos1-CreERT2_Sst-IRES-FlpO_Ai65-304714.03.01.01_644564684_m.swc,Nos1-CreERT2_Sst-IRES-FlpO_Ai65-304714.03.01.01_644564684_m.swc,false,f333c325f1a5d570adf1621ad4945c2f1aa46df11e3643812a7da8a79c96b111
act4,act4/Htr3a-Cre_NO152_Ai14-178904.04.01.01_491120305_m.swc,train,151,3,0,Isocortex_layer23,raw/allen_cell_type/swc/Htr3a-Cre_NO152_Ai14-178904.04.01.01_491120305_m.swc,Htr3a-Cre_NO152_Ai14-178904.04.01.01_491120305_m.swc,false,3c26f079ec0622239e45fb2fd2f9c360512f2adb680401fb70a14ae27348bdbe
act4,act4/Nr5a1-Cre_Ai14-199361.04.02.01_496001083_m.swc,test,152,8,1,Isocortex_layer4,raw/allen_cell_type/swc/Nr5a1-Cre_Ai14-199361.04.02.01_496001083_m.swc,Nr5a1-Cre_Ai14-199361.04.02.01_496001083_m.swc,false,2132b31877e87f13ff7bda273dae47f9e1610d5d19da3b5b087902e71bc04ba8
act4,act4/Vip-IRES-Cre_Ai14-299123.03.01.01_599475378_m.swc,train,153,3,3,Isocortex_layer6,raw/allen_cell_type/swc/Vip-IRES-Cre_Ai14-299123.03.01.01_599475378_m.swc,Vip-IRES-Cre_Ai14-299123.03.01.01_599475378_m.swc,false,7bfd65e37e7ec1f7a2b2d5386175afc07e63ec365d9b239e26ab47a4eaf87fe5
act4,act4/Vipr2-IRES2-Cre_Slc32a1-T2A-FlpO_Ai65-315072.04.02.01_623893374_m.swc,train,154,2,0,Isocortex_layer23,raw/allen_cell_type/swc/Vipr2-IRES2-Cre_Slc32a1-T2A-FlpO_Ai65-315072.04.02.01_623893374_m.swc,Vipr2-IRES2-Cre_Slc32a1-T2A-FlpO_Ai65-315072.04.02.01_623893374_m.swc,false,a1d3d591e460c149d429087871d2cf56933f59c246a874ff6be82d9cc75f3bf7
act4,act4/Vipr2-IRES2-Cre_Ai14-310513.05.02.01_637021223_m.swc,train,155,3,0,Isocortex_layer23,raw/allen_cell_type/swc/Vipr2-IRES2-Cre_Ai14-310513.05.02.01_637021223_m.swc,Vipr2-IRES2-Cre_Ai14-310513.05.02.01_637021223_m.swc,false,65a33a6d8e00c4741247f7bc6b083879a452aa27f1107fa6d2fe8b3d4684ec7f
act4,act4/Rbp4-Cre_KL100_Ai14-175331.06.01.01_501146939_m.swc,train,156,1,3,Isocortex_layer6,raw/allen_cell_type/swc/Rbp4-Cre_KL100_Ai14-175331.06.01.01_501146939_m.swc,Rbp4-Cre_KL100_Ai14-175331.06.01.01_501146939_m.swc,false,4118d931d6fe9dc258d11b1eb5c823a20f984e067ad6b424c843d397325c2078
act4,act4/Ctgf-2A-dgCre_Ai14_IVSCC_-230669.06.02.01_673116846_m.swc,train,157,7,3,Isocortex_layer6,raw/allen_cell_type/swc/Ctgf-2A-dgCre_Ai14_IVSCC_-230669.06.02.01_673116846_m.swc,Ctgf-2A-dgCre_Ai14_IVSCC_-230669.06.02.01_673116846_m.swc,false,82e2270d0f63e81bef80d83aacc1cf9706b6f8ec9c6f34fac66c7be0fe5a3bbc
act4,act4/Ntsr1-Cre_Ai14-235626.04.01.01_527108961_m.swc,train,159,5,3,Isocortex_layer6,raw/allen_cell_type/swc/Ntsr1-Cre_Ai14-235626.04.01.01_527108961_m.swc,Ntsr1-Cre_Ai14-235626.04.01.01_527108961_m.swc,false,dc501667d293a80bc61b8610bf36e872e4397cf637a99f6402549c972ef31b6f
act4,act4/Rorb-IRES2-Cre-D_Ai14-226102.05.02.01_554475023_m.swc,train,160,0,3,Isocortex_layer6,raw/allen_cell_type/swc/Rorb-IRES2-Cre-D_Ai14-226102.05.02.01_554475023_m.swc,Rorb-IRES2-Cre-D_Ai14-226102.05.02.01_554475023_m.swc,false,f30db27d76b4c6f227db213b13ba87c22abc74174c3af72a662fed243756926c
act4,act4/Nr5a1-Cre_Ai14-231294.04.02.01_519262578_m.swc,test,161,9,1,Isocortex_layer4,raw/allen_cell_type/swc/Nr5a1-Cre_Ai14-231294.04.02.01_519262578_m.swc,Nr5a1-Cre_Ai14-231294.04.02.01_519262578_m.swc,false,718cca3592c5f5c30bdeb9c5d008f1eb207be0ede056a505a3d3f525e26019c2
act4,act4/Pvalb-IRES-Cre_Ai14-177452.03.02.01_673116803_m.swc,train,162,4,2,Isocortex_layer5,raw/allen_cell_type/swc/Pvalb-IRES-Cre_Ai14-177452.03.02.01_673116803_m.swc,Pvalb-IRES-Cre_Ai14-177452.03.02.01_673116803_m.swc,false,8a755b96f785bcd7ce7df0b774f8d2de7231a7c2180bc30050afb9c77bbbc01e
act4,act4/Pvalb-IRES-Cre_Ai14-305768.04.02.01_656999337_m.swc,test,163,9,0,Isocortex_layer23,raw/allen_cell_type/swc/Pvalb-IRES-Cre_Ai14-305768.04.02.01_656999337_m.swc,Pvalb-IRES-Cre_Ai14-305768.04.02.01_656999337_m.swc,false,3ebf8e2386ba06e5ee848870121519c8cf884df7b7aeb812ff686e887474dbf3
act4,act4/Htr3a-Cre_NO152_Ai14-241983.05.02.01_653181641_m.swc,train,164,4,2,Isocortex_layer5,raw/allen_cell_type/swc/Htr3a-Cre_NO152_Ai14-241983.05.02.01_653181641_m.swc,Htr3a-Cre_NO152_Ai14-241983.05.02.01_653181641_m.swc,false,0e7f4b021b73b35b175839d48e60bf5e711abe7af4b2215f87b30719c3a2316b
act4,act4/Rbp4-Cre_KL100_Ai14-205727.02.02.01_512328534_m.swc,train,165,6,1,Isocortex_layer4,raw/allen_cell_type/swc/Rbp4-Cre_KL100_Ai14-205727.02.02.01_512328534_m.swc,Rbp4-Cre_KL100_Ai14-205727.02.02.01_512328534_m.swc,false,3141b25d57fb53079219d93b4cbebc4a6ca137975a793a873bcfaec61a522c11
act4,act4/Sst-IRES-Cre_Ai14-192340.03.01.01_491119721_m.swc,train,166,6,2,Isocortex_layer5,raw/allen_cell_type/swc/Sst-IRES-Cre_Ai14-192340.03.01.01_491119721_m.swc,Sst-IRES-Cre_Ai14-192340.03.01.01_491119721_m.swc,false,a7693e987bfcb14a71b4efae782356b90f5b4dcb2cb082cc0ffcd5424a06d7d3
act4,act4/Rbp4-Cre_KL100_Ai14-196624.06.02.01_491253814_m.swc,train,167,0,1,Isocortex_layer4,raw/allen_cell_type/swc/Rbp4-Cre_KL100_Ai14-196624.06.02.01_491253814_m.swc,Rbp4-Cre_KL100_Ai14-196624.06.02.01_491253814_m.swc,false,75bc1847d33bb174b0009b0cfa1ec82737737c1bcaf97a1e76c0627994239da8
act4,act4/Rorb-IRES2-Cre-D_Ai14-212873.03.02.01_554475593_m.swc,train,168,1,2,Isocortex_layer5,raw/allen_cell_type/swc/Rorb-IRES2-Cre-D_Ai14-212873.03.02.01_554475593_m.swc,Rorb-IRES2-Cre-D_Ai14-212873.03.02.01_554475593_m.swc,false,0f2620f26842265ba426d44d2a1180f5725e55ffb9c137830351cb48fce8e235
act4,act4/Nr5a1-Cre_Ai14-169250.03.02.01_491119754_m.swc,train,169,1,0,Isocortex_layer23,raw/allen_cell_type/swc/Nr5a1-Cre_Ai14-169250.03.02.01_491119754_m.swc,Nr5a1-Cre_Ai14-169250.03.02.01_491119754_m.swc,false,d164756ef52670f151530999b7f510176886d6a478bf41d5dd67d658686c3deb
act4,act4/Rorb-IRES2-Cre-D_Ai14-194017.03.01.01_491770945_m.swc,train,170,4,1,Isocortex_layer4,raw/allen_cell_type/swc/Rorb-IRES2-Cre-D_Ai14-194017.03.01.01_491770945_m.swc,Rorb-IRES2-Cre-D_Ai14-194017.03.01.01_491770945_m.swc,false,998d551d00aee9dcbb024bade2996027401a3e4037aeaa921547340943715f75
act4,act4/Cux2-CreERT2_Ai14-205221.03.01.01_500961566_m.swc,train,171,1,1,Isocortex_layer4,raw/allen_cell_type/swc/Cux2-CreERT2_Ai14-205221.03.01.01_500961566_m.swc,Cux2-CreERT2_Ai14-205221.03.01.01_500961566_m.swc,false,3059645c3c00c48434421635e1199c622dbbd79b25f2e8a848310d592e3e2274
act4,act4/Pvalb-IRES-Cre_Ai14-172101.05.02.01_759896998_m.swc,train,172,7,2,Isocortex_layer5,raw/allen_cell_type/swc/Pvalb-IRES-Cre_Ai14-172101.05.02.01_759896998_m.swc,Pvalb-IRES-Cre_Ai14-172101.05.02.01_759896998_m.swc,false,214d3288c434a33804ee417065c5eae73ca10a6c248652012ec8e00e1de04c04
act4,act4/Rorb-IRES2-Cre-D_Ai14-206927.04.01.01_496253700_m.swc,train,173,7,1,Isocortex_layer4,raw/allen_cell_type/swc/Rorb-IRES2-Cre-D_Ai14-206927.04.01.01_496253700_m.swc,Rorb-IRES2-Cre-D_Ai14-206927.04.01.01_496253700_m.swc,false,b119db2b81997b970fa028a14d41ccae4438ca9ca48962ae55e583c779a220e2
act4,act4/Rorb-IRES2-Cre-D_Ai14-188712.05.02.01_495889950_m.swc,train,174,2,1,Isocortex_layer4,raw/allen_cell_type/swc/Rorb-IRES2-Cre-D_Ai14-188712.05.02.01_495889950_m.swc,Rorb-IRES2-Cre-D_Ai14-188712.05.02.01_495889950_m.swc,false,0331a5207c1a86966f3d9472de2082958a8a3efb1674cdabb8a75a0494cfb879
act4,act4/Pvalb-IRES-Cre_Ai14-202470.03.02.01_657298379_m.swc,train,175,5,0,Isocortex_layer23,raw/allen_cell_type/swc/Pvalb-IRES-Cre_Ai14-202470.03.02.01_657298379_m.swc,Pvalb-IRES-Cre_Ai14-202470.03.02.01_657298379_m.swc,false,85ab0ab5e68b5daf93eedee669f7218be3fc3575d468d16e09c31718a65004bf
act4,act4/Sst-IRES-Cre_Ai14-172534.04.01.01_492413642_m.swc,train,177,0,0,Isocortex_layer23,raw/allen_cell_type/swc/Sst-IRES-Cre_Ai14-172534.04.01.01_492413642_m.swc,Sst-IRES-Cre_Ai14-172534.04.01.01_492413642_m.swc,false,f45cdc215ab7e10c0a40c0d11eb21f3c5f4a682dc0e123b4527b20509fd82f76
act4,act4/Nos1-CreERT2_Sst-IRES-FlpO_Ai65-244006.04.02.01_561095910_m.swc,train,178,5,3,Isocortex_layer6,raw/allen_cell_type/swc/Nos1-CreERT2_Sst-IRES-FlpO_Ai65-244006.04.02.01_561095910_m.swc,Nos1-CreERT2_Sst-IRES-FlpO_Ai65-244006.04.02.01_561095910_m.swc,false,4a787fe0783e3ba1c3a6003bc12068f978e616ab6acc72713624f6378b73e3b3
act4,act4/Tlx3-Cre_PL56_Ai14-318850.05.02.01_675965554_m.swc,train,179,3,2,Isocortex_layer5,raw/allen_cell_type/swc/Tlx3-Cre_PL56_Ai14-318850.05.02.01_675965554_m.swc,Tlx3-Cre_PL56_Ai14-318850.05.02.01_675965554_m.swc,false,8d3c5fc12fbee445d8cdbe3a2281029e4f87b219689856477e82e60f46d29bb9
act4,act4/Rorb-IRES2-Cre-D_Ai14-197851.04.01.01_491770985_m.swc,train,180,2,2,Isocortex_layer5,raw/allen_cell_type/swc/Rorb-IRES2-Cre-D_Ai14-197851.04.01.01_491770985_m.swc,Rorb-IRES2-Cre-D_Ai14-197851.04.01.01_491770985_m.swc,false,f31bacb32ee2910719071354a792e4df5bc7e39c1ff2611c3d1e46065b11c816
act4,act4/Ntsr1-Cre_Ai14-235627.04.01.01_541514449_m.swc,train,181,1,3,Isocortex_layer6,raw/allen_cell_type/swc/Ntsr1-Cre_Ai14-235627.04.01.01_541514449_m.swc,Ntsr1-Cre_Ai14-235627.04.01.01_541514449_m.swc,false,6abb9363f1f0aab7597d27b588363d93a774336476b7c110dba4a46491544620
act4,act4/Esr2-IRES2-Cre_Ai14-291923.03.01.02_601947954_m.swc,train,182,0,2,Isocortex_layer5,raw/allen_cell_type/swc/Esr2-IRES2-Cre_Ai14-291923.03.01.02_601947954_m.swc,Esr2-IRES2-Cre_Ai14-291923.03.01.02_601947954_m.swc,false,8d353f546beb3a6ea47f3a12837dbc05bebe8d57d9efa4eb80a389a88aa0f06a
act4,act4/Tlx3-Cre_PL56_Ai14-338859.04.01.01_647469819_m.swc,train,183,5,2,Isocortex_layer5,raw/allen_cell_type/swc/Tlx3-Cre_PL56_Ai14-338859.04.01.01_647469819_m.swc,Tlx3-Cre_PL56_Ai14-338859.04.01.01_647469819_m.swc,false,80fa934bb9939b0d2780acfb3f4164a3f91fef369039eab62e0d98a143b4d03a
act4,act4/Chat-IRES-Cre-neo_Ai14-316042.03.01.01_610873063_m.swc,train,184,0,0,Isocortex_layer23,raw/allen_cell_type/swc/Chat-IRES-Cre-neo_Ai14-316042.03.01.01_610873063_m.swc,Chat-IRES-Cre-neo_Ai14-316042.03.01.01_610873063_m.swc,false,a1b4412c9c34611e515b77ed4d0ad7c26060752b75e993971422437f77050f8d
act4,act4/Scnn1a-Tg3-Cre_Ai14-170426.03.01.01_491392845_m.swc,train,185,1,1,Isocortex_layer4,raw/allen_cell_type/swc/Scnn1a-Tg3-Cre_Ai14-170426.03.01.01_491392845_m.swc,Scnn1a-Tg3-Cre_Ai14-170426.03.01.01_491392845_m.swc,false,776278669746cde41ab2ff3202cb667d5e96dff1f8bb688abf384662ead6d422
act4,act4/Scnn1a-Tg3-Cre_Ai14-209101.04.01.01_673429655_m.swc,test,186,8,1,Isocortex_layer4,raw/allen_cell_type/swc/Scnn1a-Tg3-Cre_Ai14-209101.04.01.01_673429655_m.swc,Scnn1a-Tg3-Cre_Ai14-209101.04.01.01_673429655_m.swc,false,7686418ae5d7208bbb6655846c2238b2b2a59c692ca4ecd8f785f6a7cf59a219
act4,act4/Rorb-IRES2-Cre-D_Ai14-168053.06.01.01_495334938_m.swc,test,187,9,2,Isocortex_layer5,raw/allen_cell_type/swc/Rorb-IRES2-Cre-D_Ai14-168053.06.01.01_495334938_m.swc,Rorb-IRES2-Cre-D_Ai14-168053.06.01.01_495334938_m.swc,false,4c5f25ba8928cf0a742b375828b1b1c171cf1cacc96755099e9df5210277cb13
act4,act4/Tlx3-Cre_PL56_Ai14-318845.02.02.01_652303152_m.swc,train,188,1,1,Isocortex_layer4,raw/allen_cell_type/swc/Tlx3-Cre_PL56_Ai14-318845.02.02.01_652303152_m.swc,Tlx3-Cre_PL56_Ai14-318845.02.02.01_652303152_m.swc,false,a2d2687620ada6f98f1f9d940ded159c54e65540e836a46c9da18cd59d16a506
act4,act4/Chat-IRES-Cre-neo_Ai14-280699.05.02.01_570681325_m.swc,train,189,7,0,Isocortex_layer23,raw/allen_cell_type/swc/Chat-IRES-Cre-neo_Ai14-280699.05.02.01_570681325_m.swc,Chat-IRES-Cre-neo_Ai14-280699.05.02.01_570681325_m.swc,false,e97d36938727dc7b3fa2b1cc2fe910419fff0ef45cc43dfc4c68ff89cd8c5714
act4,act4/Rorb-IRES2-Cre-D_Ai14-172651.01.01.01_491770168_m.swc,train,190,5,1,Isocortex_layer4,raw/allen_cell_type/swc/Rorb-IRES2-Cre-D_Ai14-172651.01.01.01_491770168_m.swc,Rorb-IRES2-Cre-D_Ai14-172651.01.01.01_491770168_m.swc,false,d00a44fb5ba8a3f238914b7e5cb2f98e7991751148765898cc06fa23453059d5
act4,act4/Rorb-IRES2-Cre-D_Ai14-228832.05.01.01_549424226_m.swc,train,191,0,3,Isocortex_layer6,raw/allen_cell_type/swc/Rorb-IRES2-Cre-D_Ai14-228832.05.01.01_549424226_m.swc,Rorb-IRES2-Cre-D_Ai14-228832.05.01.01_549424226_m.swc,false,5c79f95f648b83e2acba875c7870cb11ef89cfbf8ada5cdb67e2452f2fa26482
act4,act4/Pvalb-IRES-Cre_Ai14-176847.04.02.01_491120133_m.swc,test,192,8,2,Isocortex_layer5,raw/allen_cell_type/swc/Pvalb-IRES-Cre_Ai14-176847.04.02.01_491120133_m.swc,Pvalb-IRES-Cre_Ai14-176847.04.02.01_491120133_m.swc,false,676269a4aa528caf8c3c02a1910d21c6c3c53f513baa42a6e96257f6d61d963b
act4,act4/Pvalb-IRES-Cre_Ai14-299810.02.01.01_659054679_m.swc,train,193,7,3,Isocortex_layer6,raw/allen_cell_type/swc/Pvalb-IRES-Cre_Ai14-299810.02.01.01_659054679_m.swc,Pvalb-IRES-Cre_Ai14-299810.02.01.01_659054679_m.swc,false,3fd96b7fa9eeec873bd5e108ad4a73d8658b8ef14b7623e06b4bcefc334508e7
act4,act4/Scnn1a-Tg3-Cre_Ai14-168093.03.01.01_491770152_m.swc,train,194,3,1,Isocortex_layer4,raw/allen_cell_type/swc/Scnn1a-Tg3-Cre_Ai14-168093.03.01.01_491770152_m.swc,Scnn1a-Tg3-Cre_Ai14-168093.03.01.01_491770152_m.swc,false,5e73c8168c73a24375414f4a929aac2cd8fd5b0739a02e07804992a4655b0b4a
act4,act4/Nr5a1-Cre_Ai14-172512.05.01.01_495334973_m.swc,train,195,1,1,Isocortex_layer4,raw/allen_cell_type/swc/Nr5a1-Cre_Ai14-172512.05.01.01_495334973_m.swc,Nr5a1-Cre_Ai14-172512.05.01.01_495334973_m.swc,false,659b05b4c5cdcdcbb9056c20c6c055e11524a5ca7032f9c8efce51d5f56e7ede
act4,act4/Oxtr-T2A-Cre_Ai14-314785.02.01.01_661930469_m.swc,test,196,8,0,Isocortex_layer23,raw/allen_cell_type/swc/Oxtr-T2A-Cre_Ai14-314785.02.01.01_661930469_m.swc,Oxtr-T2A-Cre_Ai14-314785.02.01.01_661930469_m.swc,false,8276b4c3796cad4fddb51b4a10f6c9ca60c9dc876492f422b16455adfb0ad715
act4,act4/Pvalb-IRES-Cre_Ai14-238302.06.01.01_543141063_m.swc,test,197,9,1,Isocortex_layer4,raw/allen_cell_type/swc/Pvalb-IRES-Cre_Ai14-238302.06.01.01_543141063_m.swc,Pvalb-IRES-Cre_Ai14-238302.06.01.01_543141063_m.swc,false,6a170ee19647a48f2a0837a934bed84797726406ad3522a37e6f35a3b5951c43
act4,act4/Pvalb-IRES-Cre_Ai14-177452.03.01.01_491120251_m.swc,train,198,0,2,Isocortex_layer5,raw/allen_cell_type/swc/Pvalb-IRES-Cre_Ai14-177452.03.01.01_491120251_m.swc,Pvalb-IRES-Cre_Ai14-177452.03.01.01_491120251_m.swc,false,5712abec02596d36e827c56ac5bc0216b54bce6b9151c899e6743ce7ebc0b3bf
act4,act4/Pvalb-IRES-Cre_Ai14-191322.04.02.01_491119269_m.swc,train,199,6,3,Isocortex_layer6,raw/allen_cell_type/swc/Pvalb-IRES-Cre_Ai14-191322.04.02.01_491119269_m.swc,Pvalb-IRES-Cre_Ai14-191322.04.02.01_491119269_m.swc,false,9e462f9796e76058b76d21a5e48da234589401d56f0fdb98030f19f72787487c
act4,act4/Htr3a-Cre_NO152_Ai14-200436.05.02.01_495337195_m.swc,test,200,9,0,Isocortex_layer23,raw/allen_cell_type/swc/Htr3a-Cre_NO152_Ai14-200436.05.02.01_495337195_m.swc,Htr3a-Cre_NO152_Ai14-200436.05.02.01_495337195_m.swc,false,3b33f78ff727f5924fe493112b281799a1a55498692c98fa9ecb5d666090ddf2
act4,act4/Htr3a-Cre_NO152_Pvalb-T2A-Dre_Ai66-313949.04.02.01_671531778_m.swc,train,201,4,3,Isocortex_layer6,raw/allen_cell_type/swc/Htr3a-Cre_NO152_Pvalb-T2A-Dre_Ai66-313949.04.02.01_671531778_m.swc,Htr3a-Cre_NO152_Pvalb-T2A-Dre_Ai66-313949.04.02.01_671531778_m.swc,false,9b4fbfd24431373541c46a3da4caed440bdcc7e97499a25e0aad4342b3cf2131
act4,act4/Rbp4-Cre_KL100_Ai14-180748.06.01.01_495335436_m.swc,train,202,6,2,Isocortex_layer5,raw/allen_cell_type/swc/Rbp4-Cre_KL100_Ai14-180748.06.01.01_495335436_m.swc,Rbp4-Cre_KL100_Ai14-180748.06.01.01_495335436_m.swc,false,3202bcd7fb2bc32ad07666485ededf584b8d5d40d78001e4b32a9d6f9b355db0
act4,act4/Scnn1a-Tg2-Cre_Ai14-215161.05.01.01_510985337_m.swc,train,203,4,1,Isocortex_layer4,raw/allen_cell_type/swc/Scnn1a-Tg2-Cre_Ai14-215161.05.01.01_510985337_m.swc,Scnn1a-Tg2-Cre_Ai14-215161.05.01.01_510985337_m.swc,false,b894187e1165509bedf5b2e02e1bc2f96a271d3303e8f534b196a804a57e15d4
act4,act4/Ctgf-2A-dgCre_Ai14_IVSCC_-240529.05.01.01_527109189_m.swc,train,204,4,3,Isocortex_layer6,raw/allen_cell_type/swc/Ctgf-2A-dgCre_Ai14_IVSCC_-240529.05.01.01_527109189_m.swc,Ctgf-2A-dgCre_Ai14_IVSCC_-240529.05.01.01_527109189_m.swc,false,f2bcf100714068023f4cbae2a5044a38ce9d29be53b9cac1ec84e90a2abc50de
act4,act4/Scnn1a-Tg2-Cre_Ai14-176961.05.01.01_491771079_m.swc,test,205,9,2,Isocortex_layer5,raw/allen_cell_type/swc/Scnn1a-Tg2-Cre_Ai14-176961.05.01.01_491771079_m.swc,Scnn1a-Tg2-Cre_Ai14-176961.05.01.01_491771079_m.swc,false,bbc3d0a5a5e283ba2fff622de732e15bb7a7ae82c5127b7df614bc0f2e972747
act4,act4/Rorb-IRES2-Cre-D_Ai14-234885.03.02.01_546786289_m.swc,train,206,4,1,Isocortex_layer4,raw/allen_cell_type/swc/Rorb-IRES2-Cre-D_Ai14-234885.03.02.01_546786289_m.swc,Rorb-IRES2-Cre-D_Ai14-234885.03.02.01_546786289_m.swc,false,07ffbbe7eb80602c994700e6c8f13c5ce493ed96dd104bf50048d6cc9350e968
act4,act4/Ctgf-2A-dgCre_Ai14_IVSCC_-229236.03.01.01_514342367_m.swc,train,207,2,3,Isocortex_layer6,raw/allen_cell_type/swc/Ctgf-2A-dgCre_Ai14_IVSCC_-229236.03.01.01_514342367_m.swc,Ctgf-2A-dgCre_Ai14_IVSCC_-229236.03.01.01_514342367_m.swc,false,7070e1de9c458c3266c0cc1857caeb535c0cb73ac88632320af03e6eba0702bc
act4,act4/Nos1-CreERT2_Ai14_BT_-260226.05.02.01_569319306_m.swc,train,208,3,3,Isocortex_layer6,raw/allen_cell_type/swc/Nos1-CreERT2_Ai14_BT_-260226.05.02.01_569319306_m.swc,Nos1-CreERT2_Ai14_BT_-260226.05.02.01_569319306_m.swc,false,e309901183450557a4dfafb6e930989b276072168247d6209eb2c854df5abfa7
act4,act4/Rbp4-Cre_KL100_Ai14-211533.05.02.01_505206420_m.swc,train,209,6,1,Isocortex_layer4,raw/allen_cell_type/swc/Rbp4-Cre_KL100_Ai14-211533.05.02.01_505206420_m.swc,Rbp4-Cre_KL100_Ai14-211533.05.02.01_505206420_m.swc,false,f0f25263d08063d81511ced73b5eb3805227024bad0f344a4e9c28f9da4f3d36
act4,act4/Chat-IRES-Cre-neo_Ai14-308247.03.02.01_648990126_m.swc,train,210,0,1,Isocortex_layer4,raw/allen_cell_type/swc/Chat-IRES-Cre-neo_Ai14-308247.03.02.01_648990126_m.swc,Chat-IRES-Cre-neo_Ai14-308247.03.02.01_648990126_m.swc,false,ed2a182584e7720e463c7439a4ac00139924a5bbbe30717fe2adc51abd9373a3
act4,act4/Sst-IRES-Cre_Ai14-165865.03.01.01_491119181_m.swc,train,211,6,2,Isocortex_layer5,raw/allen_cell_type/swc/Sst-IRES-Cre_Ai14-165865.03.01.01_491119181_m.swc,Sst-IRES-Cre_Ai14-165865.03.01.01_491119181_m.swc,false,dc2cec74c1d7b28251194fa7a424d32d0af461ad915d91d023312f6bed06a833
act4,act4/Chrna2-Cre_OE25_Ai14_IVSCC_-298915.04.02.01_657266283_m.swc,test,212,8,2,Isocortex_layer5,raw/allen_cell_type/swc/Chrna2-Cre_OE25_Ai14_IVSCC_-298915.04.02.01_657266283_m.swc,Chrna2-Cre_OE25_Ai14_IVSCC_-298915.04.02.01_657266283_m.swc,false,1b98162c437a955b4a143912f10c51ea4db8d2f8bb40a79dab057ab322deb15d
act4,act4/Nos1-CreERT2_Sst-IRES-FlpO_Ai65-321729.02.02.01_644933383_m.swc,train,213,4,3,Isocortex_layer6,raw/allen_cell_type/swc/Nos1-CreERT2_Sst-IRES-FlpO_Ai65-321729.02.02.01_644933383_m.swc,Nos1-CreERT2_Sst-IRES-FlpO_Ai65-321729.02.02.01_644933383_m.swc,false,c629b9f49bf18f18a31da8a31f10b43930593c1b28532f2ff786c359c528a5e0
act4,act4/Rbp4-Cre_KL100_Ai14-180748.02.02.01_491771193_m.swc,train,214,5,2,Isocortex_layer5,raw/allen_cell_type/swc/Rbp4-Cre_KL100_Ai14-180748.02.02.01_491771193_m.swc,Rbp4-Cre_KL100_Ai14-180748.02.02.01_491771193_m.swc,false,e7d2631bd646a0ad629c0688f6c9d5e039c1079a24a353c76c392f268e277119
act4,act4/Htr3a-Cre_NO152_Ai14-185555.03.01.01_491119960_m.swc,test,215,9,0,Isocortex_layer23,raw/allen_cell_type/swc/Htr3a-Cre_NO152_Ai14-185555.03.01.01_491119960_m.swc,Htr3a-Cre_NO152_Ai14-185555.03.01.01_491119960_m.swc,false,c1a25ceaf64a43ef6ce2709c3a17b77f71837e5db0e09844c6d91941d9922cf4
act4,act4/Htr3a-Cre_NO152_Ai14-308439.03.01.01_657060422_m.swc,test,216,8,3,Isocortex_layer6,raw/allen_cell_type/swc/Htr3a-Cre_NO152_Ai14-308439.03.01.01_657060422_m.swc,Htr3a-Cre_NO152_Ai14-308439.03.01.01_657060422_m.swc,false,2317dd78596dcc9144ac6c79789b42d0420adc059f6b3e0c61736cd2c81faf79
act4,act4/Scnn1a-Tg3-Cre_Ai14-180214.05.01.01_491253802_m.swc,train,217,2,1,Isocortex_layer4,raw/allen_cell_type/swc/Scnn1a-Tg3-Cre_Ai14-180214.05.01.01_491253802_m.swc,Scnn1a-Tg3-Cre_Ai14-180214.05.01.01_491253802_m.swc,false,4f74c3055cf38ce4677775e5bba2b242590ff90908dc8faa612ff8d3b72711df
act4,act4/Cux2-CreERT2_Ai14-209118.03.01.01_508278896_m.swc,train,218,5,1,Isocortex_layer4,raw/allen_cell_type/swc/Cux2-CreERT2_Ai14-209118.03.01.01_508278896_m.swc,Cux2-CreERT2_Ai14-209118.03.01.01_508278896_m.swc,false,8c4bc0a3ac966e0e6da67eb4e3e1f8d99239dccc56c99e7e834a5800029e7ef1
act4,act4/Htr3a-Cre_NO152_Ai14-191534.04.01.01_543101964_m.swc,test,219,8,0,Isocortex_layer23,raw/allen_cell_type/swc/Htr3a-Cre_NO152_Ai14-191534.04.01.01_543101964_m.swc,Htr3a-Cre_NO152_Ai14-191534.04.01.01_543101964_m.swc,false,c6b6c03482d8f4b83d0a0f7ba74ff8c0befe8c7046d8ad57c0f03020a0b42257
act4,act4/Cux2-CreERT2_Ai14_BT_-246762.04.01.01_543105241_m.swc,train,220,7,1,Isocortex_layer4,raw/allen_cell_type/swc/Cux2-CreERT2_Ai14_BT_-246762.04.01.01_543105241_m.swc,Cux2-CreERT2_Ai14_BT_-246762.04.01.01_543105241_m.swc,false,b2c2e8a863846224dba8a9b21cd1b8a0be97e04f96dd5c5932dac7ffeb7329f3
act4,act4/Chat-IRES-Cre-neo_Ai14-287662.04.02.01_614444566_m.swc,train,221,1,1,Isocortex_layer4,raw/allen_cell_type/swc/Chat-IRES-Cre-neo_Ai14-287662.04.02.01_614444566_m.swc,Chat-IRES-Cre-neo_Ai14-287662.04.02.01_614444566_m.swc,false,d8c39d5bc52acd85864cc938af9233ddad731b1df49dc432ca33b5ddb2219452
act4,act4/Scnn1a-Tg2-Cre_Ai14-245347.05.01.01_537047525_m.swc,test,222,8,1,Isocortex_layer4,raw/allen_cell_type/swc/Scnn1a-Tg2-Cre_Ai14-245347.05.01.01_537047525_m.swc,Scnn1a-Tg2-Cre_Ai14-245347.05.01.01_537047525_m.swc,false,9353b8a2434149a80ca3e044f5d480ea0b992a2592890549fc02bd2916b20bb8
act4,act4/Pvalb-IRES-Cre_Ai14-301947.03.01.01_614432193_m.swc,train,223,6,1,Isocortex_layer4,raw/allen_cell_type/swc/Pvalb-IRES-Cre_Ai14-301947.03.01.01_614432193_m.swc,Pvalb-IRES-Cre_Ai14-301947.03.01.01_614432193_m.swc,false,467ac08fdb3f834070ded43866b67fed17c5e55983183ef036f7c60a7dc76133
act4,act4/Nr5a1-Cre_Ai14-178521.04.02.01_492100683_m.swc,train,224,0,1,Isocortex_layer4,raw/allen_cell_type/swc/Nr5a1-Cre_Ai14-178521.04.02.01_492100683_m.swc,Nr5a1-Cre_Ai14-178521.04.02.01_492100683_m.swc,false,e5b7bc58c691a064198b224b844b7e6daa8a06a5fa1fecaef36dc396584a523a
act4,act4/Ctgf-2A-dgCre_Ai14_IVSCC_-229236.06.01.01_519263589_m.swc,train,225,4,3,Isocortex_layer6,raw/allen_cell_type/swc/Ctgf-2A-dgCre_Ai14_IVSCC_-229236.06.01.01_519263589_m.swc,Ctgf-2A-dgCre_Ai14_IVSCC_-229236.06.01.01_519263589_m.swc,false,5b8b2c54eb078c8ff072b48cc3444491095465dea4264f4b47eaa1e2501592b9
act4,act4/Htr3a-Cre_NO152_Ai14-286736.05.01.01_596793143_m.swc,train,226,4,2,Isocortex_layer5,raw/allen_cell_type/swc/Htr3a-Cre_NO152_Ai14-286736.05.01.01_596793143_m.swc,Htr3a-Cre_NO152_Ai14-286736.05.01.01_596793143_m.swc,false,25aef001263a2a9ed0263d07402c9edcc5282817ad5615d6834d524ba0ae3825
act4,act4/Nr5a1-Cre_Ai14-187779.04.01.01_491771365_m.swc,train,228,5,1,Isocortex_layer4,raw/allen_cell_type/swc/Nr5a1-Cre_Ai14-187779.04.01.01_491771365_m.swc,Nr5a1-Cre_Ai14-187779.04.01.01_491771365_m.swc,false,d98a2fd9e5818befed4561eeb411c3cd16aaba3238c47e94f39ff1d2bb9a2dae
act4,act4/Ntsr1-Cre_Ai14-212351.04.02.01_541514700_m.swc,test,229,9,3,Isocortex_layer6,raw/allen_cell_type/swc/Ntsr1-Cre_Ai14-212351.04.02.01_541514700_m.swc,Ntsr1-Cre_Ai14-212351.04.02.01_541514700_m.swc,false,7b2f3d2a9d0383c8047a4a4bbd8582f78bfcc53cf2dded11ab28cb50c05a5ed6
act4,act4/Ctgf-2A-dgCre_Ai14_IVSCC_-244244.04.02.01_541532394_m.swc,train,230,0,3,Isocortex_layer6,raw/allen_cell_type/swc/Ctgf-2A-dgCre_Ai14_IVSCC_-244244.04.02.01_541532394_m.swc,Ctgf-2A-dgCre_Ai14_IVSCC_-244244.04.02.01_541532394_m.swc,false,26cfba053fcb287bf99e6269cc4a665231b1754744d002744112c645de5a2abf
act4,act4/Vipr2-IRES2-Cre_Pvalb-T2A-FlpO_Ai65-344474.02.02.01_648742933_m.swc,train,231,6,0,Isocortex_layer23,raw/allen_cell_type/swc/Vipr2-IRES2-Cre_Pvalb-T2A-FlpO_Ai65-344474.02.02.01_648742933_m.swc,Vipr2-IRES2-Cre_Pvalb-T2A-FlpO_Ai65-344474.02.02.01_648742933_m.swc,false,ab07428b8c5d1fd1acc07622ebd25e29174eb0a46202784023a0b41a3c5f7574
act4,act4/Rbp4-Cre_KL100_Ai14-180747.06.02.01_492413283_m.swc,train,232,7,2,Isocortex_layer5,raw/allen_cell_type/swc/Rbp4-Cre_KL100_Ai14-180747.06.02.01_492413283_m.swc,Rbp4-Cre_KL100_Ai14-180747.06.02.01_492413283_m.swc,false,2944c0c70aa883d640615d8d2d6bbf809228676c7ffa9f6557206ae1b695239d
act4,act4/Cux2-CreERT2_Ai14-198018.04.01.01_514351601_m.swc,train,233,4,1,Isocortex_layer4,raw/allen_cell_type/swc/Cux2-CreERT2_Ai14-198018.04.01.01_514351601_m.swc,Cux2-CreERT2_Ai14-198018.04.01.01_514351601_m.swc,false,21cdf3cae7ca441c06398a837dcb22989ba73b2242fcb1cb0d65f72f094e8e86
act4,act4/Nos1-CreERT2_Sst-IRES-FlpO_Ai65-271574.05.02.01_566351095_m.swc,train,234,3,2,Isocortex_layer5,raw/allen_cell_type/swc/Nos1-CreERT2_Sst-IRES-FlpO_Ai65-271574.05.02.01_566351095_m.swc,Nos1-CreERT2_Sst-IRES-FlpO_Ai65-271574.05.02.01_566351095_m.swc,false,5d06213266863a6a4606a74e356c3b0a73d26f6383a9f2b2b6260c9d89e52d14
act4,act4/Htr3a-Cre_NO152_Ai14-178910.03.01.01_491120333_m.swc,train,235,4,0,Isocortex_layer23,raw/allen_cell_type/swc/Htr3a-Cre_NO152_Ai14-178910.03.01.01_491120333_m.swc,Htr3a-Cre_NO152_Ai14-178910.03.01.01_491120333_m.swc,false,40f02f05c74ea02717382c97abc50ce751617b55cb327acf90334bee4123353c
act4,act4/Vip-IRES-Cre_Ai14-299124.04.02.01_759934589_m.swc,train,236,5,0,Isocortex_layer23,raw/allen_cell_type/swc/Vip-IRES-Cre_Ai14-299124.04.02.01_759934589_m.swc,Vip-IRES-Cre_Ai14-299124.04.02.01_759934589_m.swc,false,b6328b1cb679a82fc8e67f657e3d7ec69b27dcbc405763e3b9780096debb581a
act4,act4/Sim1-Cre_KJ18_Ai14-318531.06.01.01_652307117_m.swc,train,237,2,2,Isocortex_layer5,raw/allen_cell_type/swc/Sim1-Cre_KJ18_Ai14-318531.06.01.01_652307117_m.swc,Sim1-Cre_KJ18_Ai14-318531.06.01.01_652307117_m.swc,false,0c69e70856f1c90a7c049a01313d6de640f013c907bcdc5f8cd5c17f443e5462
act4,act4/Ntsr1-Cre_Ai14-181184.02.02.01_491771181_m.swc,test,239,8,3,Isocortex_layer6,raw/allen_cell_type/swc/Ntsr1-Cre_Ai14-181184.02.02.01_491771181_m.swc,Ntsr1-Cre_Ai14-181184.02.02.01_491771181_m.swc,false,ab7df3416fa491ffacfc8bd6db274bbda20bac2f587f081d88045bb4de3e4bef
act4,act4/Sst-IRES-Cre_Ai14-188740.03.02.01_657210399_m.swc,train,240,0,0,Isocortex_layer23,raw/allen_cell_type/swc/Sst-IRES-Cre_Ai14-188740.03.02.01_657210399_m.swc,Sst-IRES-Cre_Ai14-188740.03.02.01_657210399_m.swc,false,9f9d05b879d490e2989fe7a055e24f5c17773b006e04c1fcf9524aecf5c54139
act4,act4/Ntsr1-Cre_Ai14-248475.06.02.01_543105997_m.swc,train,241,0,3,Isocortex_layer6,raw/allen_cell_type/swc/Ntsr1-Cre_Ai14-248475.06.02.01_543105997_m.swc,Ntsr1-Cre_Ai14-248475.06.02.01_543105997_m.swc,false,c42e659bce6209836807f882da5f0475ba3b9aaf3464d57009aae29598108e50
act4,act4/Esr2-IR-Cre-neo_Ai14-277803.04.02.01_599474866_m.swc,train,242,5,3,Isocortex_layer6,raw/allen_cell_type/swc/Esr2-IR-Cre-neo_Ai14-277803.04.02.01_599474866_m.swc,Esr2-IR-Cre-neo_Ai14-277803.04.02.01_599474866_m.swc,false,fef23d5b51f87db462d1eb0a771d4223fafcb6f289736c949d8272e6d040c8bf
act4,act4/Pvalb-IRES-Cre_Ai14-170931.06.01.01_491770543_m.swc,train,243,1,2,Isocortex_layer5,raw/allen_cell_type/swc/Pvalb-IRES-Cre_Ai14-170931.06.01.01_491770543_m.swc,Pvalb-IRES-Cre_Ai14-170931.06.01.01_491770543_m.swc,false,b987253e304534b5dc9f933066110ada327b0c460fea5a339c193ba0a195b449
act4,act4/Chrna2-Cre_OE25_Ai14_BT_-281693.06.01.01_591276000_m.swc,train,244,0,2,Isocortex_layer5,raw/allen_cell_type/swc/Chrna2-Cre_OE25_Ai14_BT_-281693.06.01.01_591276000_m.swc,Chrna2-Cre_OE25_Ai14_BT_-281693.06.01.01_591276000_m.swc,false,4b6216ca8e18f722e3cbd4f441a4f6184fe1254b814d6c2f55fafa5f07601b30
act4,act4/Ndnf-IRES2-dgCre_Ai14-262467.04.01.01_643517708_m.swc,train,245,3,0,Isocortex_layer23,raw/allen_cell_type/swc/Ndnf-IRES2-dgCre_Ai14-262467.04.01.01_643517708_m.swc,Ndnf-IRES2-dgCre_Ai14-262467.04.01.01_643517708_m.swc,false,0c043e0e2dd3e0b58d66afc325688fdefd25a3f47f859cee8c3cd739df89b043
act4,act4/Slc17a6-IRES-Cre_Ai14-190263.06.01.01_491771398_m.swc,test,246,9,1,Isocortex_layer4,raw/allen_cell_type/swc/Slc17a6-IRES-Cre_Ai14-190263.06.01.01_491771398_m.swc,Slc17a6-IRES-Cre_Ai14-190263.06.01.01_491771398_m.swc,false,cb51ac54a97f8e6df0968cba6b494c77a31561d8eae5f2c8e9867185db2a1c33
act4,act4/Rorb-IRES2-Cre-D_Ai14-181715.04.01.01_491392833_m.swc,train,247,6,2,Isocortex_layer5,raw/allen_cell_type/swc/Rorb-IRES2-Cre-D_Ai14-181715.04.01.01_491392833_m.swc,Rorb-IRES2-Cre-D_Ai14-181715.04.01.01_491392833_m.swc,false,bf742a9d6941b0c39a1ddcbcebcd79f053120e55c15757225e7e88263d6c709b
act4,act4/Rbp4-Cre_KL100_Ai14-211531.03.01.01_496085294_m.swc,train,248,5,2,Isocortex_layer5,raw/allen_cell_type/swc/Rbp4-Cre_KL100_Ai14-211531.03.01.01_496085294_m.swc,Rbp4-Cre_KL100_Ai14-211531.03.01.01_496085294_m.swc,false,cc7b677bc180225771f9eaee0bb7ced8f5fbea21cc51c656655fcd8324c995fd
act4,act4/Rorb-IRES2-Cre-D_Ai14-176684.04.02.01_554475122_m.swc,train,249,7,1,Isocortex_layer4,raw/allen_cell_type/swc/Rorb-IRES2-Cre-D_Ai14-176684.04.02.01_554475122_m.swc,Rorb-IRES2-Cre-D_Ai14-176684.04.02.01_554475122_m.swc,false,d882df0b51327484bdc7d97d0419a0678a434ceddddd5efc51bd2a9eb2628197
act4,act4/Htr3a-Cre_NO152_Ai14-175482.03.02.01_491119419_m.swc,train,250,1,0,Isocortex_layer23,raw/allen_cell_type/swc/Htr3a-Cre_NO152_Ai14-175482.03.02.01_491119419_m.swc,Htr3a-Cre_NO152_Ai14-175482.03.02.01_491119419_m.swc,false,a79402cbe396c7cb44e8f7a3a5ef2af1a0b0136ed2f3efa90e7322a1e5174855
act4,act4/Htr3a-Cre_NO152_Ai14-292836.03.01.01_580260009_m.swc,train,251,2,1,Isocortex_layer4,raw/allen_cell_type/swc/Htr3a-Cre_NO152_Ai14-292836.03.01.01_580260009_m.swc,Htr3a-Cre_NO152_Ai14-292836.03.01.01_580260009_m.swc,false,f8e90d308d008e6d4e05aaf5a0a991e37966ac19aca8fc0d82afb947aeb607c3
act4,act4/Pvalb-IRES-Cre_Ai14-299335.05.01.01_657409148_m.swc,train,252,1,3,Isocortex_layer6,raw/allen_cell_type/swc/Pvalb-IRES-Cre_Ai14-299335.05.01.01_657409148_m.swc,Pvalb-IRES-Cre_Ai14-299335.05.01.01_657409148_m.swc,false,6ff27f6384986d17801745623981d4f8f932c0f3913757a045ce7233729b48cc
act4,act4/Vip-IRES-Cre_Ai14-299124.05.01.01_591276089_m.swc,train,253,3,1,Isocortex_layer4,raw/allen_cell_type/swc/Vip-IRES-Cre_Ai14-299124.05.01.01_591276089_m.swc,Vip-IRES-Cre_Ai14-299124.05.01.01_591276089_m.swc,false,c448f833f2cc0b01ef66ad0715989adc96c971ead284a37421790b2cc8631440
act4,act4/Scnn1a-Tg3-Cre_Ai14-187854.03.02.01_491253934_m.swc,train,254,0,2,Isocortex_layer5,raw/allen_cell_type/swc/Scnn1a-Tg3-Cre_Ai14-187854.03.02.01_491253934_m.swc,Scnn1a-Tg3-Cre_Ai14-187854.03.02.01_491253934_m.swc,false,13cb71b6c6523c5d48607052a83ce60cbfb1cf9f0dd22bbb977feaaebcc02fe8
act4,act4/Nos1-CreERT2_Sst-IRES-FlpO_Ai65-302592.03.01.01_639341665_m.swc,train,255,2,1,Isocortex_layer4,raw/allen_cell_type/swc/Nos1-CreERT2_Sst-IRES-FlpO_Ai65-302592.03.01.01_639341665_m.swc,Nos1-CreERT2_Sst-IRES-FlpO_Ai65-302592.03.01.01_639341665_m.swc,false,a41be0e7ec93030a1a494d8961393f78e5fa127d58efcc643458e2ef42ba2f27
act4,act4/Htr3a-Cre_NO152_Ai14-185553.05.01.01_491119938_m.swc,train,256,7,0,Isocortex_layer23,raw/allen_cell_type/swc/Htr3a-Cre_NO152_Ai14-185553.05.01.01_491119938_m.swc,Htr3a-Cre_NO152_Ai14-185553.05.01.01_491119938_m.swc,false,abb27ff30df90443a220bb2ab2ba54cc20ce392a92c34bdae7126ce84c2010fa
act4,act4/Ctgf-2A-dgCre_Ai14_IVSCC_-248179.04.01.01_543106390_m.swc,train,257,3,3,Isocortex_layer6,raw/allen_cell_type/swc/Ctgf-2A-dgCre_Ai14_IVSCC_-248179.04.01.01_543106390_m.swc,Ctgf-2A-dgCre_Ai14_IVSCC_-248179.04.01.01_543106390_m.swc,false,b3019e1ac1febb6b695eab0f5493388ea4afa654d6df1645bfeb0626f995a974
act4,act4/Rorb-IRES2-Cre-D_Ai14-187416.03.01.01_720117681_m.swc,train,258,3,2,Isocortex_layer5,raw/allen_cell_type/swc/Rorb-IRES2-Cre-D_Ai14-187416.03.01.01_720117681_m.swc,Rorb-IRES2-Cre-D_Ai14-187416.03.01.01_720117681_m.swc,false,942a57a9f8da0be02309c7c28f07efad47fe4fa385e160386b463885d03c28ef
act4,act4/Rorb-IRES2-Cre-D_Ai14-188705.03.01.01_508278933_m.swc,train,259,0,1,Isocortex_layer4,raw/allen_cell_type/swc/Rorb-IRES2-Cre-D_Ai14-188705.03.01.01_508278933_m.swc,Rorb-IRES2-Cre-D_Ai14-188705.03.01.01_508278933_m.swc,false,b093be6f534d6302478b1a4050a77064950e808158ba7589f5fabde6d3b0019d
act4,act4/Pvalb-IRES-Cre_Ai14-169125.03.01.01_491119617_m.swc,train,260,7,1,Isocortex_layer4,raw/allen_cell_type/swc/Pvalb-IRES-Cre_Ai14-169125.03.01.01_491119617_m.swc,Pvalb-IRES-Cre_Ai14-169125.03.01.01_491119617_m.swc,false,5bc1612ce83cd7d31ae1f5a2ebdf8b3d3b18243b6c2f76f9364294d8b2838c38
act4,act4/Sst-IRES-Cre_Ai14-262058.06.01.01_559392082_m.swc,train,261,2,2,Isocortex_layer5,raw/allen_cell_type/swc/Sst-IRES-Cre_Ai14-262058.06.01.01_559392082_m.swc,Sst-IRES-Cre_Ai14-262058.06.01.01_559392082_m.swc,false,80f5481c505ea199263e4a92330bd7ad0bc9d9c66e53c872e0a45002fd840d51
act4,act4/Ntsr1-Cre_Ai14-181184.05.02.01_491392868_m.swc,train,263,3,3,Isocortex_layer6,raw/allen_cell_type/swc/Ntsr1-Cre_Ai14-181184.05.02.01_491392868_m.swc,Ntsr1-Cre_Ai14-181184.05.02.01_491392868_m.swc,false,1fecdb3dcb7576369812ed4aa51e416262e0f9b085ddfac4962fca516936f323
act4,act4/Nr5a1-Cre_Ai14-184650.06.01.01_491392945_m.swc,train,264,6,1,Isocortex_layer4,raw/allen_cell_type/swc/Nr5a1-Cre_Ai14-184650.06.01.01_491392945_m.swc,Nr5a1-Cre_Ai14-184650.06.01.01_491392945_m.swc,false,76a8852c8d4ef3862cdcc13bd8260ab894c210d82f36f6de06fe56cc4e2a7180
act4,act4/Rorb-IRES2-Cre-D_Ai14-197353.06.02.01_496079587_m.swc,test,265,9,2,Isocortex_layer5,raw/allen_cell_type/swc/Rorb-IRES2-Cre-D_Ai14-197353.06.02.01_496079587_m.swc,Rorb-IRES2-Cre-D_Ai14-197353.06.02.01_496079587_m.swc,false,0323051cd438362f61c47cc8569ac370e6b6c625b74e138e19d71969faa13b8a
act4,act4/Cux2-CreERT2_Ai14-247683.03.01.01_543103584_m.swc,train,266,2,0,Isocortex_layer23,raw/allen_cell_type/swc/Cux2-CreERT2_Ai14-247683.03.01.01_543103584_m.swc,Cux2-CreERT2_Ai14-247683.03.01.01_543103584_m.swc,false,d186abe46bd0720d46fbf00de44f93551e39da983ced69e73134f60c699b1bdd
act4,act4/Pvalb-IRES-Cre_Ai14-180633.05.01.01_491119234_m.swc,test,267,8,2,Isocortex_layer5,raw/allen_cell_type/swc/Pvalb-IRES-Cre_Ai14-180633.05.01.01_491119234_m.swc,Pvalb-IRES-Cre_Ai14-180633.05.01.01_491119234_m.swc,false,0f82e3868441baa90be40f58d548ed0ca2bef913ee851a88ea3dcda6c07f1aa1
act4,act4/Sst-IRES-Cre_Ai14-173191.06.01.01_491770196_m.swc,train,268,4,1,Isocortex_layer4,raw/allen_cell_type/swc/Sst-IRES-Cre_Ai14-173191.06.01.01_491770196_m.swc,Sst-IRES-Cre_Ai14-173191.06.01.01_491770196_m.swc,false,c33bf26191527f7fdcd92dab65ab4bb56811da2ada9a7682c030c5edf5d6ce42
act4,act4/Pvalb-IRES-Cre_Ai14-301945.04.01.01_657409634_m.swc,train,269,4,2,Isocortex_layer5,raw/allen_cell_type/swc/Pvalb-IRES-Cre_Ai14-301945.04.01.01_657409634_m.swc,Pvalb-IRES-Cre_Ai14-301945.04.01.01_657409634_m.swc,false,d10b090cb7cbc4ca4b8c069f76f309841788b125c71a463bebccf0a62e6203ed
act4,act4/Sst-IRES-Cre_Ai14-183338.03.01.01_657293149_m.swc,train,270,1,2,Isocortex_layer5,raw/allen_cell_type/swc/Sst-IRES-Cre_Ai14-183338.03.01.01_657293149_m.swc,Sst-IRES-Cre_Ai14-183338.03.01.01_657293149_m.swc,false,2cfa33330f364d31b16bbc5fff51a7fa31c44cf1602e5b72d14fa4d663a08841
act4,act4/Pvalb-IRES-Cre_Ai14-199001.04.02.01_491119245_m.swc,train,271,7,2,Isocortex_layer5,raw/allen_cell_type/swc/Pvalb-IRES-Cre_Ai14-199001.04.02.01_491119245_m.swc,Pvalb-IRES-Cre_Ai14-199001.04.02.01_491119245_m.swc,false,cb6b7c03f9d0b583b252659c3fdef834024a532eb75fb560822e1cfdac8ea820
act4,act4/Ntsr1-Cre_Ai14-204780.05.01.01_508279002_m.swc,train,272,6,2,Isocortex_layer5,raw/allen_cell_type/swc/Ntsr1-Cre_Ai14-204780.05.01.01_508279002_m.swc,Ntsr1-Cre_Ai14-204780.05.01.01_508279002_m.swc,false,7ae27d03a7f4863268a6d6d81ba18d5c4eb9a625137f8a330a066eb2b477e00e
act4,act4/Ntsr1-Cre_Ai14-244454.03.01.01_537047495_m.swc,test,273,9,2,Isocortex_layer5,raw/allen_cell_type/swc/Ntsr1-Cre_Ai14-244454.03.01.01_537047495_m.swc,Ntsr1-Cre_Ai14-244454.03.01.01_537047495_m.swc,false,bca892f3e2c80a7bb2ef28a4660d9849aeef204757b65bd5286edfe324299593
act4,act4/Pvalb-IRES-Cre_Ai14-180631.02.01.01_501276725_m.swc,train,274,5,0,Isocortex_layer23,raw/allen_cell_type/swc/Pvalb-IRES-Cre_Ai14-180631.02.01.01_501276725_m.swc,Pvalb-IRES-Cre_Ai14-180631.02.01.01_501276725_m.swc,false,ea035db00c59b9b923bf535112d6a91e1ef355091b03fee46a3f3ae5d524e714
act4,act4/Scnn1a-Tg3-Cre_Ai14-177300.01.02.01_491771068_m.swc,train,275,3,1,Isocortex_layer4,raw/allen_cell_type/swc/Scnn1a-Tg3-Cre_Ai14-177300.01.02.01_491771068_m.swc,Scnn1a-Tg3-Cre_Ai14-177300.01.02.01_491771068_m.swc,false,af2704780ff369df68a93028df15822cf504d8042a6e7562f19a892d4449d5af
act4,act4/Pvalb-IRES-Cre_Ai14-212809.03.01.01_500961658_m.swc,train,277,7,2,Isocortex_layer5,raw/allen_cell_type/swc/Pvalb-IRES-Cre_Ai14-212809.03.01.01_500961658_m.swc,Pvalb-IRES-Cre_Ai14-212809.03.01.01_500961658_m.swc,false,b03f39b914bce77fcd88f6f7ac83c96a374a133e6be712edc4299d3f6b66bacc
act4,act4/Oxtr-2A-Cre_Ai14-293837.05.01.01_580260666_m.swc,train,278,4,1,Isocortex_layer4,raw/allen_cell_type/swc/Oxtr-2A-Cre_Ai14-293837.05.01.01_580260666_m.swc,Oxtr-2A-Cre_Ai14-293837.05.01.01_580260666_m.swc,false,188d2b80cd4df06c8e81cdb1b14c656b0119268a0405f594adf4551113ae9bf2
act4,act4/Ctgf-2A-dgCre_Ai14_IVSCC_-229234.03.01.01_541532414_m.swc,test,279,9,3,Isocortex_layer6,raw/allen_cell_type/swc/Ctgf-2A-dgCre_Ai14_IVSCC_-229234.03.01.01_541532414_m.swc,Ctgf-2A-dgCre_Ai14_IVSCC_-229234.03.01.01_541532414_m.swc,false,260c04da1233e63c8abe4ee501a319bef51046739d73e6b8fef8e5d96431cf18
act4,act4/Chat-IRES-Cre-neo_Ai14-313182.04.02.01_610885878_m.swc,train,280,4,0,Isocortex_layer23,raw/allen_cell_type/swc/Chat-IRES-Cre-neo_Ai14-313182.04.02.01_610885878_m.swc,Chat-IRES-Cre-neo_Ai14-313182.04.02.01_610885878_m.swc,false,d0b418b4afbc89e393e9b8f79ac6b3ae2c6fefaa73bd8c0505b1a9ae8a90919d
act4,act4/Rorb-IRES2-Cre-D_Ai14-212873.04.01.01_510987644_m.swc,train,281,3,2,Isocortex_layer5,raw/allen_cell_type/swc/Rorb-IRES2-Cre-D_Ai14-212873.04.01.01_510987644_m.swc,Rorb-IRES2-Cre-D_Ai14-212873.04.01.01_510987644_m.swc,false,7d3db93c7963856d7a44056e2392672509f974f4a62227ff98fde7e86fdaf180
act4,act4/Tlx3-Cre_PL56_Ai14-281781.03.01.01_652309510_m.swc,train,282,5,2,Isocortex_layer5,raw/allen_cell_type/swc/Tlx3-Cre_PL56_Ai14-281781.03.01.01_652309510_m.swc,Tlx3-Cre_PL56_Ai14-281781.03.01.01_652309510_m.swc,false,a1976935699354e67bbe174c2a6895d24b434edc149acbd1070392532dd23f76
act4,act4/Oxtr-2A-Cre_Ai14-293841.03.01.01_596792784_m.swc,train,283,2,2,Isocortex_layer5,raw/allen_cell_type/swc/Oxtr-2A-Cre_Ai14-293841.03.01.01_596792784_m.swc,Oxtr-2A-Cre_Ai14-293841.03.01.01_596792784_m.swc,false,909091936d965edd6210af1053124400247afa5facb5643b59a76b39b4ba0e18
act4,act4/Nos1-CreERT2_Sst-IRES-FlpO_Ai65-346512.05.02.01_656081412_m.swc,train,284,4,2,Isocortex_layer5,raw/allen_cell_type/swc/Nos1-CreERT2_Sst-IRES-FlpO_Ai65-346512.05.02.01_656081412_m.swc,Nos1-CreERT2_Sst-IRES-FlpO_Ai65-346512.05.02.01_656081412_m.swc,false,8a026fb2320728e15e5047545d0e7d46b0fc132270be433abc58e430204ba0d9
act4,act4/Htr3a-Cre_NO152_Ai14-175479.06.02.01_491120359_m.swc,test,285,8,1,Isocortex_layer4,raw/allen_cell_type/swc/Htr3a-Cre_NO152_Ai14-175479.06.02.01_491120359_m.swc,Htr3a-Cre_NO152_Ai14-175479.06.02.01_491120359_m.swc,false,f860d00078dd9648bcb547ea8186252a59959cc92368fbf4654933b716ea76a9
act4,act4/Rorb-IRES2-Cre-D_Ai14-192794.05.01.01_492413653_m.swc,train,286,4,1,Isocortex_layer4,raw/allen_cell_type/swc/Rorb-IRES2-Cre-D_Ai14-192794.05.01.01_492413653_m.swc,Rorb-IRES2-Cre-D_Ai14-192794.05.01.01_492413653_m.swc,false,4035247f0be8d8e5b600d601baa0d60e8d4275226561cce055821a6f23408381
act4,act4/Vip-IRES-Cre_Ai14-299123.04.01.01_587405140_m.swc,train,287,1,0,Isocortex_layer23,raw/allen_cell_type/swc/Vip-IRES-Cre_Ai14-299123.04.01.01_587405140_m.swc,Vip-IRES-Cre_Ai14-299123.04.01.01_587405140_m.swc,false,eb39938ef0300207b21ac5d0539eaa4a9ad1a6c352f47eed5f4811b901654e56
act4,act4/Htr3a-Cre_NO152_Ai14-185347.04.02.01_491771339_m.swc,train,288,1,2,Isocortex_layer5,raw/allen_cell_type/swc/Htr3a-Cre_NO152_Ai14-185347.04.02.01_491771339_m.swc,Htr3a-Cre_NO152_Ai14-185347.04.02.01_491771339_m.swc,false,8b027e888e9bb4da752b150e9ebe89648bf32691416ad7e17560419655329ff8
act4,act4/Ctgf-2A-dgCre_Ai14_IVSCC_-252900.03.02.01_545583709_m.swc,train,289,7,3,Isocortex_layer6,raw/allen_cell_type/swc/Ctgf-2A-dgCre_Ai14_IVSCC_-252900.03.02.01_545583709_m.swc,Ctgf-2A-dgCre_Ai14_IVSCC_-252900.03.02.01_545583709_m.swc,false,0f17ca397eb243910d77c22f3e8a38be4673fe7ed63e2a453f7ca05bacf69de2
act4,act4/Vipr2-IRES2-Cre_Pvalb-T2A-FlpO_Ai65-344474.05.01.01_645075400_m.swc,train,290,6,0,Isocortex_layer23,raw/allen_cell_type/swc/Vipr2-IRES2-Cre_Pvalb-T2A-FlpO_Ai65-344474.05.01.01_645075400_m.swc,Vipr2-IRES2-Cre_Pvalb-T2A-FlpO_Ai65-344474.05.01.01_645075400_m.swc,false,4547c70ca54936d43b8e0d29c32c05aa29363527c80b19145902d032bf0fdf96
act4,act4/Rorb-IRES2-Cre-D_Ai14-168052.03.02.01_491770140_m.swc,train,291,1,1,Isocortex_layer4,raw/allen_cell_type/swc/Rorb-IRES2-Cre-D_Ai14-168052.03.02.01_491770140_m.swc,Rorb-IRES2-Cre-D_Ai14-168052.03.02.01_491770140_m.swc,false,0610eba77394b70fde8bf687871f25581e89bdbe8e1bc55b862a9f5e8802064f
act4,act4/Rbp4-Cre_KL100_Ai14-204744.04.02.01_508279020_m.swc,test,292,9,2,Isocortex_layer5,raw/allen_cell_type/swc/Rbp4-Cre_KL100_Ai14-204744.04.02.01_508279020_m.swc,Rbp4-Cre_KL100_Ai14-204744.04.02.01_508279020_m.swc,false,1928b86fd18bee8ba449a9fbe671d2562f53634956a6cb461a91b89e079afdeb
act4,act4/Chat-IRES-Cre-neo_Ai14-313182.03.01.01_623853389_m.swc,train,293,0,0,Isocortex_layer23,raw/allen_cell_type/swc/Chat-IRES-Cre-neo_Ai14-313182.03.01.01_623853389_m.swc,Chat-IRES-Cre-neo_Ai14-313182.03.01.01_623853389_m.swc,false,627186b225ac4ae0dca1c861c2abcb393925002110b6945a84fb8ff81b515ed2
act4,act4/Chat-IRES-Cre-neo_Ai14-313177.04.02.01_608105841_m.swc,train,294,6,0,Isocortex_layer23,raw/allen_cell_type/swc/Chat-IRES-Cre-neo_Ai14-313177.04.02.01_608105841_m.swc,Chat-IRES-Cre-neo_Ai14-313177.04.02.01_608105841_m.swc,false,41ffbe682c82cd3aa27232607b063fe078adeaa93756a6caff1a2469733b90c5
act4,act4/Chat-IRES-Cre-neo_Ai14-308248.03.02.01_610885758_m.swc,test,295,9,1,Isocortex_layer4,raw/allen_cell_type/swc/Chat-IRES-Cre-neo_Ai14-308248.03.02.01_610885758_m.swc,Chat-IRES-Cre-neo_Ai14-308248.03.02.01_610885758_m.swc,false,c8e1bfbc69ef54c5bedc29d3574990d6ea37e65c7370962799e8341996d2c423
act4,act4/Ntsr1-Cre_Ai14-204779.04.02.01_496085283_m.swc,train,296,5,2,Isocortex_layer5,raw/allen_cell_type/swc/Ntsr1-Cre_Ai14-204779.04.02.01_496085283_m.swc,Ntsr1-Cre_Ai14-204779.04.02.01_496085283_m.swc,false,1db4edf28587ad31a0fea24e4ad2c7c558fab4052ce7643a8052553c9d7409db
act4,act4/Sst-IRES-Cre_Ai14-184930.04.02.01_491771306_m.swc,train,297,5,1,Isocortex_layer4,raw/allen_cell_type/swc/Sst-IRES-Cre_Ai14-184930.04.02.01_491771306_m.swc,Sst-IRES-Cre_Ai14-184930.04.02.01_491771306_m.swc,false,4d4f8feb67e7c3ea7e6f68df215fe6ad5509e4710d3fedb044c5a86cfd404d01
act4,act4/Nr5a1-Cre_Ai14-177333.03.01.01_674389884_m.swc,test,298,8,0,Isocortex_layer23,raw/allen_cell_type/swc/Nr5a1-Cre_Ai14-177333.03.01.01_674389884_m.swc,Nr5a1-Cre_Ai14-177333.03.01.01_674389884_m.swc,false,71bb551b6ed6ce2fa03d916a648b1bf5fbcb3aa5e902ac8abc413956631ef36c
act4,act4/Htr3a-Cre_NO152_Ai14-209863.05.01.01_657247778_m.swc,train,299,7,0,Isocortex_layer23,raw/allen_cell_type/swc/Htr3a-Cre_NO152_Ai14-209863.05.01.01_657247778_m.swc,Htr3a-Cre_NO152_Ai14-209863.05.01.01_657247778_m.swc,false,d891d9ba2ddc27c0b4d0468b527393bf5aac88b8ed037f4ec374e486990ccada
act4,act4/Rorb-IRES2-Cre-D_Ai14-212872.03.02.01_512328390_m.swc,test,300,8,2,Isocortex_layer5,raw/allen_cell_type/swc/Rorb-IRES2-Cre-D_Ai14-212872.03.02.01_512328390_m.swc,Rorb-IRES2-Cre-D_Ai14-212872.03.02.01_512328390_m.swc,false,efb4df881ee6f449a11cc8bd6530014066a2cecf70968cc716f2770005a064ae
act4,act4/Htr3a-Cre_NO152_Ai14-182497.03.01.01_491119305_m.swc,train,301,2,0,Isocortex_layer23,raw/allen_cell_type/swc/Htr3a-Cre_NO152_Ai14-182497.03.01.01_491119305_m.swc,Htr3a-Cre_NO152_Ai14-182497.03.01.01_491119305_m.swc,false,8422d05c9eee99f7ea92930e712aed1be42be051d9a484823314fa0e8de15f86
act4,act4/Pvalb-IRES-Cre_Ai14-212813.03.01.01_496163999_m.swc,train,302,0,1,Isocortex_layer4,raw/allen_cell_type/swc/Pvalb-IRES-Cre_Ai14-212813.03.01.01_496163999_m.swc,Pvalb-IRES-Cre_Ai14-212813.03.01.01_496163999_m.swc,false,a55c48385b58713ee2229392c2238a166e9f9684e3954dd3e5c9384a2093dfcb
act4,act4/Tlx3-Cre_PL56_Ai14-290592.03.02.01_653326897_m.swc,test,303,9,1,Isocortex_layer4,raw/allen_cell_type/swc/Tlx3-Cre_PL56_Ai14-290592.03.02.01_653326897_m.swc,Tlx3-Cre_PL56_Ai14-290592.03.02.01_653326897_m.swc,false,c03e417a8a2e403df8cf624824066e5bb35fe1822652704875960e80ff1cf526
act4,act4/Oxtr-T2A-Cre_Ai14-309030.04.01.01_599475043_m.swc,train,304,7,3,Isocortex_layer6,raw/allen_cell_type/swc/Oxtr-T2A-Cre_Ai14-309030.04.01.01_599475043_m.swc,Oxtr-T2A-Cre_Ai14-309030.04.01.01_599475043_m.swc,false,90728b436e9986f76c8167825d3556cbf780f2160e3ddb91011db4cd496aae6e
act4,act4/Nos1-CreERT2_Sst-IRES-FlpO_Ai65-271574.05.01.01_587405549_m.swc,train,305,6,3,Isocortex_layer6,raw/allen_cell_type/swc/Nos1-CreERT2_Sst-IRES-FlpO_Ai65-271574.05.01.01_587405549_m.swc,Nos1-CreERT2_Sst-IRES-FlpO_Ai65-271574.05.01.01_587405549_m.swc,false,1c8a0ac76206eb24debda1b6811bc678ad5a9914498859985bdc85f396affd1d
act4,act4/Cux2-CreERT2_Ai14-205530.06.02.01_496085272_m.swc,test,306,9,1,Isocortex_layer4,raw/allen_cell_type/swc/Cux2-CreERT2_Ai14-205530.06.02.01_496085272_m.swc,Cux2-CreERT2_Ai14-205530.06.02.01_496085272_m.swc,false,3f6ebed51f36046b17c18bc6138bd4df4e112afa740a5b3751cb56215161452c
act4,act4/Oxtr-T2A-Cre_Ai14-314785.03.01.02_656701163_m.swc,train,308,2,2,Isocortex_layer5,raw/allen_cell_type/swc/Oxtr-T2A-Cre_Ai14-314785.03.01.02_656701163_m.swc,Oxtr-T2A-Cre_Ai14-314785.03.01.02_656701163_m.swc,false,4d61024a190f53a3da417d1d14915e0a1388f86e9670a881fa16414fba436c23
act4,act4/Pvalb-IRES-Cre_Ai14-215471.02.01.01_514342400_m.swc,train,309,0,2,Isocortex_layer5,raw/allen_cell_type/swc/Pvalb-IRES-Cre_Ai14-215471.02.01.01_514342400_m.swc,Pvalb-IRES-Cre_Ai14-215471.02.01.01_514342400_m.swc,false,c82aabf16dafa94c94152d86e9301a401b91833a1ad7e06b2b2723c8b8a4d8e3
act4,act4/Sst-IRES-Cre_Ai14-167636.04.01.01_491119515_m.swc,train,310,4,3,Isocortex_layer6,raw/allen_cell_type/swc/Sst-IRES-Cre_Ai14-167636.04.01.01_491119515_m.swc,Sst-IRES-Cre_Ai14-167636.04.01.01_491119515_m.swc,false,3b202a2ef15e4e831d29fed1ed92725b64ae89444e6c4994f747def7409dca7f
act4,act4/Scnn1a-Tg3-Cre_Ai14-177297.06.01.01_491120155_m.swc,train,311,2,1,Isocortex_layer4,raw/allen_cell_type/swc/Scnn1a-Tg3-Cre_Ai14-177297.06.01.01_491120155_m.swc,Scnn1a-Tg3-Cre_Ai14-177297.06.01.01_491120155_m.swc,false,c71e0eb577ea680bba1950538e899f8003fd28a365044381b08afc1ca156e39b
act4,act4/Htr3a-Cre_NO152_Ai14-195039.04.02.01_491119581_m.swc,train,312,3,0,Isocortex_layer23,raw/allen_cell_type/swc/Htr3a-Cre_NO152_Ai14-195039.04.02.01_491119581_m.swc,Htr3a-Cre_NO152_Ai14-195039.04.02.01_491119581_m.swc,false,1d7a96a04e1ad0236344e928d3de4d7075777ff297b14d4164b132d837d3c623
act4,act4/Rorb-IRES2-Cre-D_Ai14-212869.04.02.01_653182658_m.swc,train,313,2,3,Isocortex_layer6,raw/allen_cell_type/swc/Rorb-IRES2-Cre-D_Ai14-212869.04.02.01_653182658_m.swc,Rorb-IRES2-Cre-D_Ai14-212869.04.02.01_653182658_m.swc,false,46a92b9240f9499449540de3665f5933e09d0a69eb929be721fcde03462b0037
act4,act4/Pvalb-IRES-Cre_Ai14-176851.05.01.01_491120029_m.swc,train,314,4,2,Isocortex_layer5,raw/allen_cell_type/swc/Pvalb-IRES-Cre_Ai14-176851.05.01.01_491120029_m.swc,Pvalb-IRES-Cre_Ai14-176851.05.01.01_491120029_m.swc,false,d9c398caf80082f68a7ccc0ca8800530ba205cce1a67b7a9c299fda5b9e87f35
act4,act4/Oxtr-2A-Cre_Ai14-293839.06.01.01_759914347_m.swc,train,315,7,1,Isocortex_layer4,raw/allen_cell_type/swc/Oxtr-2A-Cre_Ai14-293839.06.01.01_759914347_m.swc,Oxtr-2A-Cre_Ai14-293839.06.01.01_759914347_m.swc,false,c69dbcb1dbf3f9eeafa43a470fbfd25b7030a8fc02d147fdfb9810d10768b132
act4,act4/Rorb-IRES2-Cre-D_Ai14-204766.03.02.01_510988665_m.swc,train,316,3,1,Isocortex_layer4,raw/allen_cell_type/swc/Rorb-IRES2-Cre-D_Ai14-204766.03.02.01_510988665_m.swc,Rorb-IRES2-Cre-D_Ai14-204766.03.02.01_510988665_m.swc,false,76c73b897acde125e822f120c807f77cb24f56f9c57f03c5973b2c76f12712f3
act4,act4/Vip-IRES-Cre_Ai14-294014.04.02.01_659296496_m.swc,test,317,9,0,Isocortex_layer23,raw/allen_cell_type/swc/Vip-IRES-Cre_Ai14-294014.04.02.01_659296496_m.swc,Vip-IRES-Cre_Ai14-294014.04.02.01_659296496_m.swc,false,52ce13dbc816a09381b087f0137f8724e6fec0c2f534c28129bca0d695221e80
act4,act4/Sst-IRES-Cre_Ai14-262058.05.02.01_759901368_m.swc,test,318,8,3,Isocortex_layer6,raw/allen_cell_type/swc/Sst-IRES-Cre_Ai14-262058.05.02.01_759901368_m.swc,Sst-IRES-Cre_Ai14-262058.05.02.01_759901368_m.swc,false,c0b6659f0e4cd67536cd20930b883ab98209d7c377656a1a33803f4e87993ecd
act4,act4/Rorb-IRES2-Cre-D_Ai14-194011.06.02.01_496001072_m.swc,train,319,7,0,Isocortex_layer23,raw/allen_cell_type/swc/Rorb-IRES2-Cre-D_Ai14-194011.06.02.01_496001072_m.swc,Rorb-IRES2-Cre-D_Ai14-194011.06.02.01_496001072_m.swc,false,332cfaf9e4d6f3bc54f751968d06f5071d42600b53830b2ade6698b531587f64
act4,act4/Pvalb-IRES-Cre_Ai14-195278.05.01.01_491771423_m.swc,train,320,0,2,Isocortex_layer5,raw/allen_cell_type/swc/Pvalb-IRES-Cre_Ai14-195278.05.01.01_491771423_m.swc,Pvalb-IRES-Cre_Ai14-195278.05.01.01_491771423_m.swc,false,009813964f687539d4899dc4806e21f5eebf1a08ee66e54a3a7c927862ce2b8f
act4,act4/Vipr2-IRES2-Cre_Slc32a1-T2A-FlpO_Ai65-315069.05.02.01_614432539_m.swc,train,321,5,0,Isocortex_layer23,raw/allen_cell_type/swc/Vipr2-IRES2-Cre_Slc32a1-T2A-FlpO_Ai65-315069.05.02.01_614432539_m.swc,Vipr2-IRES2-Cre_Slc32a1-T2A-FlpO_Ai65-315069.05.02.01_614432539_m.swc,false,e1ed6d3dc22b6b93783b3cf5a11fc2dd18bd74e39857f4c80daf9e11ca0681d0
act4,act4/Nr5a1-Cre_Ai14-177334.05.01.01_491459171_m.swc,train,322,5,1,Isocortex_layer4,raw/allen_cell_type/swc/Nr5a1-Cre_Ai14-177334.05.01.01_491459171_m.swc,Nr5a1-Cre_Ai14-177334.05.01.01_491459171_m.swc,false,0f944a0f6f3967222cb72222c0f941ebb959194e43c1defde6b341e951805ed1
act4,act4/Ndnf-IRES2-dgCre_Ai14-298343.05.02.02_759881461_m.swc,train,323,6,2,Isocortex_layer5,raw/allen_cell_type/swc/Ndnf-IRES2-dgCre_Ai14-298343.05.02.02_759881461_m.swc,Ndnf-IRES2-dgCre_Ai14-298343.05.02.02_759881461_m.swc,false,e1dc153e4a962823d80b1ff379f811e34d78af2f36e293c932ce9eb38d888909
act4,act4/Chrna2-Cre_OE25_Ai14_IVSCC_-294916.03.01.01_647838092_m.swc,train,324,7,2,Isocortex_layer5,raw/allen_cell_type/swc/Chrna2-Cre_OE25_Ai14_IVSCC_-294916.03.01.01_647838092_m.swc,Chrna2-Cre_OE25_Ai14_IVSCC_-294916.03.01.01_647838092_m.swc,false,7f5cc6d2223bd5ea521b7f6c8fa81721120163aeec03b794e3dee1434cfb1908
act4,act4/Sst-IRES-Cre_Ai14-228569.04.02.01_519263138_m.swc,train,325,1,2,Isocortex_layer5,raw/allen_cell_type/swc/Sst-IRES-Cre_Ai14-228569.04.02.01_519263138_m.swc,Sst-IRES-Cre_Ai14-228569.04.02.01_519263138_m.swc,false,44bd747e3178c33b8381e49926b3d013d84cb072eca8ae918cbe2a56c5899b1d
act4,act4/Pvalb-IRES-Cre_Ai14-165874.04.02.01_491119570_m.swc,test,326,8,2,Isocortex_layer5,raw/allen_cell_type/swc/Pvalb-IRES-Cre_Ai14-165874.04.02.01_491119570_m.swc,Pvalb-IRES-Cre_Ai14-165874.04.02.01_491119570_m.swc,false,8de3703e1e18abeebabf3c08c037ba0eecac184242f50541454ea9b18345eb28
act4,act4/Pvalb-IRES-Cre_Ai14-236448.04.01.01_759907463_m.swc,train,327,3,2,Isocortex_layer5,raw/allen_cell_type/swc/Pvalb-IRES-Cre_Ai14-236448.04.01.01_759907463_m.swc,Pvalb-IRES-Cre_Ai14-236448.04.01.01_759907463_m.swc,false,898089dde0f3d1c6c4db283d730eb001bd00540a2ab725e89ebb451065c3c9cc
act4,act4/Rorb-IRES2-Cre-D_Ai14-187416.04.01.01_549423670_m.swc,train,328,3,2,Isocortex_layer5,raw/allen_cell_type/swc/Rorb-IRES2-Cre-D_Ai14-187416.04.01.01_549423670_m.swc,Rorb-IRES2-Cre-D_Ai14-187416.04.01.01_549423670_m.swc,false,dbce447ec7a7fe93f447f8a1bb475b6fd879a2a4acfcfd5a524e8f5244160cb4
act4,act4/Nos1-CreERT2_Ai14_BT_-286854.04.01.01_596793070_m.swc,train,329,3,3,Isocortex_layer6,raw/allen_cell_type/swc/Nos1-CreERT2_Ai14_BT_-286854.04.01.01_596793070_m.swc,Nos1-CreERT2_Ai14_BT_-286854.04.01.01_596793070_m.swc,false,87a82362f64d7996906bca7da32d6b041552c9337762d174087a9e747cf97d56
act4,act4/Ctgf-2A-dgCre_Ai14_IVSCC_-237292.04.02.01_546778702_m.swc,train,330,6,3,Isocortex_layer6,raw/allen_cell_type/swc/Ctgf-2A-dgCre_Ai14_IVSCC_-237292.04.02.01_546778702_m.swc,Ctgf-2A-dgCre_Ai14_IVSCC_-237292.04.02.01_546778702_m.swc,false,db770ac0bf75d9530f2022c6be630fbcd92416668d4c68932f29be159a98daca
act4,act4/Chat-IRES-Cre-neo_Ai14-313182.05.02.01_610885933_m.swc,test,331,8,0,Isocortex_layer23,raw/allen_cell_type/swc/Chat-IRES-Cre-neo_Ai14-313182.05.02.01_610885933_m.swc,Chat-IRES-Cre-neo_Ai14-313182.05.02.01_610885933_m.swc,false,7ef5fdcd996332230944306385fba8cdb1c9ca98335027d9ec0a07261153d422
act4,act4/Scnn1a-Tg3-Cre_Ai14-187849.06.02.01_491392799_m.swc,train,332,6,1,Isocortex_layer4,raw/allen_cell_type/swc/Scnn1a-Tg3-Cre_Ai14-187849.06.02.01_491392799_m.swc,Scnn1a-Tg3-Cre_Ai14-187849.06.02.01_491392799_m.swc,false,6cd1dab0798d12fcf6da76646b085a7f195229f79cec8e03a68e97f3af588956
act4,act4/Scnn1a-Tg2-Cre_Ai14-193643.04.01.01_491770923_m.swc,train,333,1,1,Isocortex_layer4,raw/allen_cell_type/swc/Scnn1a-Tg2-Cre_Ai14-193643.04.01.01_491770923_m.swc,Scnn1a-Tg2-Cre_Ai14-193643.04.01.01_491770923_m.swc,false,7373f3f39666596490d93b6d72b65e84499b9f6f951e8cfc5652acab91b6f7de
act4,act4/Cux2-CreERT2_Ai14-211772.05.02.01_674408996_m.swc,train,334,7,0,Isocortex_layer23,raw/allen_cell_type/swc/Cux2-CreERT2_Ai14-211772.05.02.01_674408996_m.swc,Cux2-CreERT2_Ai14-211772.05.02.01_674408996_m.swc,false,545ac01a1b44d5412fa83033e68e88c450f08f1915941c7bf8a2bc5e26566251
act4,act4/Nos1-CreERT2_Sst-IRES-FlpO_Ai65-243223.03.02.01_546786071_m.swc,train,335,5,2,Isocortex_layer5,raw/allen_cell_type/swc/Nos1-CreERT2_Sst-IRES-FlpO_Ai65-243223.03.02.01_546786071_m.swc,Nos1-CreERT2_Sst-IRES-FlpO_Ai65-243223.03.02.01_546786071_m.swc,false,e2f8c477861a4831e2918f9f2c6c4a49a2d9160a074f593d95cc2159bcaf181f
act4,act4/Vip-IRES-Cre_Ai14-294013.04.02.01_591275914_m.swc,test,336,9,3,Isocortex_layer6,raw/allen_cell_type/swc/Vip-IRES-Cre_Ai14-294013.04.02.01_591275914_m.swc,Vip-IRES-Cre_Ai14-294013.04.02.01_591275914_m.swc,false,1617e8456944b826bd603cabdb1948d355663b0995cb27128d2ba8f62a0dc584
act4,act4/Rbp4-Cre_KL100_Ai14-203498.04.02.01_496001061_m.swc,train,337,2,2,Isocortex_layer5,raw/allen_cell_type/swc/Rbp4-Cre_KL100_Ai14-203498.04.02.01_496001061_m.swc,Rbp4-Cre_KL100_Ai14-203498.04.02.01_496001061_m.swc,false,52b009b7739570033a0772855a86159398168b3d98b33d69dc5421ac4b11c78e
act4,act4/Rorb-IRES2-Cre-D_Ai14-194322.05.02.01_492413664_m.swc,test,338,9,2,Isocortex_layer5,raw/allen_cell_type/swc/Rorb-IRES2-Cre-D_Ai14-194322.05.02.01_492413664_m.swc,Rorb-IRES2-Cre-D_Ai14-194322.05.02.01_492413664_m.swc,false,472fa2fc833a3acf1ba91757a4e06b5eec3ab284214e7cdfb8560752a317a449
act4,act4/Rorb-IRES2-Cre-D_Ai14-192794.05.02.01_491770902_m.swc,train,339,7,2,Isocortex_layer5,raw/allen_cell_type/swc/Rorb-IRES2-Cre-D_Ai14-192794.05.02.01_491770902_m.swc,Rorb-IRES2-Cre-D_Ai14-192794.05.02.01_491770902_m.swc,false,a4ccd0e7c7048cb2a03f97bcd159ded29bf59d09e6c8dffc08768eb23bd5cac5
act4,act4/Vipr2-IRES2-Cre_Ai14-297026.05.02.01_759940062_m.swc,train,340,1,0,Isocortex_layer23,raw/allen_cell_type/swc/Vipr2-IRES2-Cre_Ai14-297026.05.02.01_759940062_m.swc,Vipr2-IRES2-Cre_Ai14-297026.05.02.01_759940062_m.swc,false,ba36f60250dd026daffff6b39ba00d9324ef119880ecca582f96a5c37b7e6447
act4,act4/Pvalb-IRES-Cre_Ai14-296193.03.01.02_650175812_m.swc,train,341,2,0,Isocortex_layer23,raw/allen_cell_type/swc/Pvalb-IRES-Cre_Ai14-296193.03.01.02_650175812_m.swc,Pvalb-IRES-Cre_Ai14-296193.03.01.02_650175812_m.swc,false,e454ac9c60b9ff21c352d745b845e1f3b02567a748d93cf919ae254c54c62050
act4,act4/Sst-IRES-Cre_Ai14-167638.05.02.01_759904803_m.swc,train,342,6,1,Isocortex_layer4,raw/allen_cell_type/swc/Sst-IRES-Cre_Ai14-167638.05.02.01_759904803_m.swc,Sst-IRES-Cre_Ai14-167638.05.02.01_759904803_m.swc,false,53f602a098bd2b23b8a6916977d4f9c84130aab57d30183d9a408ad7ad305889
act4,act4/Pvalb-IRES-Cre_Ai14-304103.03.02.01_623892110_m.swc,test,343,9,2,Isocortex_layer5,raw/allen_cell_type/swc/Pvalb-IRES-Cre_Ai14-304103.03.02.01_623892110_m.swc,Pvalb-IRES-Cre_Ai14-304103.03.02.01_623892110_m.swc,false,e12bd446c58765963f3d35b01cbad3c7991ac1d17a5baa1425f94f49ffca4ae7
act4,act4/Cux2-CreERT2_Ai14-198017.05.01.01_496121314_m.swc,test,344,8,1,Isocortex_layer4,raw/allen_cell_type/swc/Cux2-CreERT2_Ai14-198017.05.01.01_496121314_m.swc,Cux2-CreERT2_Ai14-198017.05.01.01_496121314_m.swc,false,d17154bfe9c4b1d6769f93f3d9d88bdd5e1330b3b824dc0e8f4b1d9ff19a78de
act4,act4/Nkx2-1-CreERT2_Ai14_BT_-278735.06.02.01_569314921_m.swc,train,345,4,1,Isocortex_layer4,raw/allen_cell_type/swc/Nkx2-1-CreERT2_Ai14_BT_-278735.06.02.01_569314921_m.swc,Nkx2-1-CreERT2_Ai14_BT_-278735.06.02.01_569314921_m.swc,false,e7d9df02271412ee90d4c89ac0ee31656c0662e52805a75a1c78d3b49f5c7f5b
act4,act4/Vip-IRES-Cre_Ai14-287858.03.01.01_580260152_m.swc,train,346,6,2,Isocortex_layer5,raw/allen_cell_type/swc/Vip-IRES-Cre_Ai14-287858.03.01.01_580260152_m.swc,Vip-IRES-Cre_Ai14-287858.03.01.01_580260152_m.swc,false,0df7c383b98fc85049848c23e92aa70d0cb60df30b11832498d887b8cc8ece85
act4,act4/Ndnf-IRES2-dgCre_Ai14-311164.05.01.01_601947752_m.swc,train,347,4,0,Isocortex_layer23,raw/allen_cell_type/swc/Ndnf-IRES2-dgCre_Ai14-311164.05.01.01_601947752_m.swc,Ndnf-IRES2-dgCre_Ai14-311164.05.01.01_601947752_m.swc,false,051c93530069d930d6cbd638da654cc6979fdeca3e722aa1408925f7dab480a8
act4,act4/Oxtr-T2A-Cre_Ai14-309030.05.02.01_658232461_m.swc,train,348,2,2,Isocortex_layer5,raw/allen_cell_type/swc/Oxtr-T2A-Cre_Ai14-309030.05.02.01_658232461_m.swc,Oxtr-T2A-Cre_Ai14-309030.05.02.01_658232461_m.swc,false,691a0258449705319f9cd2f9200b16df3225dfdf54e136188ca63e360adab112
act4,act4/Rorb-IRES2-Cre-D_Ai14_IVSCC_-187416.06.02.01_485996843_m.swc,train,349,4,2,Isocortex_layer5,raw/allen_cell_type/swc/Rorb-IRES2-Cre-D_Ai14_IVSCC_-187416.06.02.01_485996843_m.swc,Rorb-IRES2-Cre-D_Ai14_IVSCC_-187416.06.02.01_485996843_m.swc,false,70d43641365a35ba263cc5b3189e83d6470a12b90fa4b364702eef182c250320
act4,act4/Chat-IRES-Cre-neo_Ai14-280700.06.01.01_759943445_m.swc,train,350,0,1,Isocortex_layer4,raw/allen_cell_type/swc/Chat-IRES-Cre-neo_Ai14-280700.06.01.01_759943445_m.swc,Chat-IRES-Cre-neo_Ai14-280700.06.01.01_759943445_m.swc,false,697fb1db79af01c9e9c5d99a9c1caac30e12e87fe3f6bf2d09e888d4cdf279a4
act4,act4/Sst-IRES-Cre_Ai14-184927.03.02.01_492100832_m.swc,train,351,0,2,Isocortex_layer5,raw/allen_cell_type/swc/Sst-IRES-Cre_Ai14-184927.03.02.01_492100832_m.swc,Sst-IRES-Cre_Ai14-184927.03.02.01_492100832_m.swc,false,2ddc022649dec43087cc9fedcd408817ae1a7da3997066d411cc2e3b73edabcb
act4,act4/Rorb-IRES2-Cre-D_Ai14-172651.04.01.01_491458287_m.swc,train,352,1,1,Isocortex_layer4,raw/allen_cell_type/swc/Rorb-IRES2-Cre-D_Ai14-172651.04.01.01_491458287_m.swc,Rorb-IRES2-Cre-D_Ai14-172651.04.01.01_491458287_m.swc,false,b817d12c48cdcf1b2a988145861b108e1cffdef90ac8b516bf0b2fd3b11b1edb
act4,act4/Htr3a-Cre_NO152_Ai14-192821.05.01.01_759946058_m.swc,train,353,5,2,Isocortex_layer5,raw/allen_cell_type/swc/Htr3a-Cre_NO152_Ai14-192821.05.01.01_759946058_m.swc,Htr3a-Cre_NO152_Ai14-192821.05.01.01_759946058_m.swc,false,916f7a6db75946da44787f3cffae32eb3e4a16b05c6fb2563478f8c3cc4e985f
act4,act4/Tlx3-Cre_PL56_Ai14-333680.03.01.01_675964893_m.swc,test,354,9,1,Isocortex_layer4,raw/allen_cell_type/swc/Tlx3-Cre_PL56_Ai14-333680.03.01.01_675964893_m.swc,Tlx3-Cre_PL56_Ai14-333680.03.01.01_675964893_m.swc,false,b4f7a9f792eeb80dc8d8dfcbddb70eb40d0d676e30f3db417876cef59a127df8
act4,act4/Scnn1a-Tg2-Cre_Ai14-171062.06.02.01_491119500_m.swc,test,355,8,1,Isocortex_layer4,raw/allen_cell_type/swc/Scnn1a-Tg2-Cre_Ai14-171062.06.02.01_491119500_m.swc,Scnn1a-Tg2-Cre_Ai14-171062.06.02.01_491119500_m.swc,false,d86b2e4c2c3831ab5b3844499c2c81d1bcf3327ca6999bc799398b7519aa37af
act4,act4/Pvalb-IRES-Cre_Ai14-180634.04.01.01_495335480_m.swc,train,356,2,3,Isocortex_layer6,raw/allen_cell_type/swc/Pvalb-IRES-Cre_Ai14-180634.04.01.01_495335480_m.swc,Pvalb-IRES-Cre_Ai14-180634.04.01.01_495335480_m.swc,false,51acfaa92c1955b6e7f302efac97789d1fa714931870e81c0311a63a95d00ab0
act4,act4/Rbp4-Cre_KL100_Ai14-196624.05.02.01_759899939_m.swc,train,357,7,2,Isocortex_layer5,raw/allen_cell_type/swc/Rbp4-Cre_KL100_Ai14-196624.05.02.01_759899939_m.swc,Rbp4-Cre_KL100_Ai14-196624.05.02.01_759899939_m.swc,false,c4c3dd4e86c64cb6635f292d5b3a692f9d577c61a523ad1829e5969ead1429e0
act4,act4/Htr3a-Cre_NO152_Ai14-182004.06.01.01_491771227_m.swc,train,358,6,1,Isocortex_layer4,raw/allen_cell_type/swc/Htr3a-Cre_NO152_Ai14-182004.06.01.01_491771227_m.swc,Htr3a-Cre_NO152_Ai14-182004.06.01.01_491771227_m.swc,false,57662b39d0aeb0aa21e63104240cee20fdcaa320b219b044d95fa4b1851a49c3
act4,act4/Chrna2-Cre_OE25_Ai14_IVSCC_-298553.05.02.01_647730527_m.swc,train,359,3,2,Isocortex_layer5,raw/allen_cell_type/swc/Chrna2-Cre_OE25_Ai14_IVSCC_-298553.05.02.01_647730527_m.swc,Chrna2-Cre_OE25_Ai14_IVSCC_-298553.05.02.01_647730527_m.swc,false,0a3d3a51bc7755945cdc3e368c7aea35b8c931996364b03456d232b35692cf2c
act4,act4/Gad2-IRES-Cre_Ai14-177637.02.02.01_491771124_m.swc,test,360,8,2,Isocortex_layer5,raw/allen_cell_type/swc/Gad2-IRES-Cre_Ai14-177637.02.02.01_491771124_m.swc,Gad2-IRES-Cre_Ai14-177637.02.02.01_491771124_m.swc,false,3ea6efc3099614d8509d400894dea2707bb230ea9120ba48081bf27a083f23cf
act4,act4/Nkx2-1-CreERT2_Ai14 _IVSCC_-294488.04.02.01_649553736_m.swc,train,361,3,0,Isocortex_layer23,raw/allen_cell_type/swc/Nkx2-1-CreERT2_Ai14 _IVSCC_-294488.04.02.01_649553736_m.swc,Nkx2-1-CreERT2_Ai14 _IVSCC_-294488.04.02.01_649553736_m.swc,false,0c1b8ddec5dae6270e848ea671810bb83ec566de8b005429ba08a62b6178e7df
act4,act4/Sst-IRES-Cre_Ai14-182533.05.01.01_491770886_m.swc,train,362,5,3,Isocortex_layer6,raw/allen_cell_type/swc/Sst-IRES-Cre_Ai14-182533.05.01.01_491770886_m.swc,Sst-IRES-Cre_Ai14-182533.05.01.01_491770886_m.swc,false,3973c9523f80b8b90e84cd7622cf5d32154f5f130913d96678ba4b797b372aa7
act4,act4/Pvalb-IRES-Cre_Ai14-321032.03.02.01_657879305_m.swc,train,363,1,2,Isocortex_layer5,raw/allen_cell_type/swc/Pvalb-IRES-Cre_Ai14-321032.03.02.01_657879305_m.swc,Pvalb-IRES-Cre_Ai14-321032.03.02.01_657879305_m.swc,false,7fc8c369e06a54095fce2c1cd66cec423201b2b217118775ed75d938bef85b12
act4,act4/Scnn1a-Tg2-Cre_Ai14-196752.04.02.01_496001028_m.swc,train,364,2,2,Isocortex_layer5,raw/allen_cell_type/swc/Scnn1a-Tg2-Cre_Ai14-196752.04.02.01_496001028_m.swc,Scnn1a-Tg2-Cre_Ai14-196752.04.02.01_496001028_m.swc,false,9140ff2517a4b2bd681c54a967b25f13ce683906fa8507499a977c807d0c4e63
act4,act4/Chat-IRES-Cre-neo_Ai14-316042.05.01.01_605541518_m.swc,train,365,0,0,Isocortex_layer23,raw/allen_cell_type/swc/Chat-IRES-Cre-neo_Ai14-316042.05.01.01_605541518_m.swc,Chat-IRES-Cre-neo_Ai14-316042.05.01.01_605541518_m.swc,false,e989aa32edfe610feaf74fc86edabe70075a59eb11cdb5300bf6b6581ce7b332
act4,act4/Nr5a1-Cre_Ai14-230422.05.01.01_661928451_m.swc,train,366,6,0,Isocortex_layer23,raw/allen_cell_type/swc/Nr5a1-Cre_Ai14-230422.05.01.01_661928451_m.swc,Nr5a1-Cre_Ai14-230422.05.01.01_661928451_m.swc,false,c1f75808abe70cefa57a68a82f4331d2696b1109916e3a6c242c5c130064c993
act4,act4/Scnn1a-Tg2-Cre_Ai14-176958.05.02.01_491458672_m.swc,train,367,5,1,Isocortex_layer4,raw/allen_cell_type/swc/Scnn1a-Tg2-Cre_Ai14-176958.05.02.01_491458672_m.swc,Scnn1a-Tg2-Cre_Ai14-176958.05.02.01_491458672_m.swc,false,8fefb9a39b36d39e209c3e361bed316d512e5c0ef1e4eabd9d84de61c0345446
act4,act4/Sst-IRES-Cre_Ai14-188742.03.01.01_508278879_m.swc,train,368,6,2,Isocortex_layer5,raw/allen_cell_type/swc/Sst-IRES-Cre_Ai14-188742.03.01.01_508278879_m.swc,Sst-IRES-Cre_Ai14-188742.03.01.01_508278879_m.swc,false,c2544e51c1f32680e8d91ed1a99e38e5404ab7ddbd9b8f66297356c157a79448
act4,act4/Pvalb-IRES-Cre_Ai14-301947.03.02.01_591276438_m.swc,train,369,5,0,Isocortex_layer23,raw/allen_cell_type/swc/Pvalb-IRES-Cre_Ai14-301947.03.02.01_591276438_m.swc,Pvalb-IRES-Cre_Ai14-301947.03.02.01_591276438_m.swc,false,7c7923567d5ae70c0d5c3e8e5dc023fb23df92f2126986c07b6d277ed5b2024f
act4,act4/Tlx3-Cre_PL56_Ai14-329505.04.01.01_652287162_m.swc,train,370,5,2,Isocortex_layer5,raw/allen_cell_type/swc/Tlx3-Cre_PL56_Ai14-329505.04.01.01_652287162_m.swc,Tlx3-Cre_PL56_Ai14-329505.04.01.01_652287162_m.swc,false,09acbd70b53c9f37f04fa0dcf80917e6d2c42f99eefbff727f7e8d1eb7eefaba
act4,act4/Htr3a-Cre_NO152_Ai14-185555.05.02.01_492413487_m.swc,test,371,8,0,Isocortex_layer23,raw/allen_cell_type/swc/Htr3a-Cre_NO152_Ai14-185555.05.02.01_492413487_m.swc,Htr3a-Cre_NO152_Ai14-185555.05.02.01_492413487_m.swc,false,6d46bc339213a98b286df3f77655e44f19823d1300810ef1e0803e272df5182f
act4,act4/Ctgf-2A-dgCre_Ai14_IVSCC_-252904.03.01.01_557649847_m.swc,train,372,6,3,Isocortex_layer6,raw/allen_cell_type/swc/Ctgf-2A-dgCre_Ai14_IVSCC_-252904.03.01.01_557649847_m.swc,Ctgf-2A-dgCre_Ai14_IVSCC_-252904.03.01.01_557649847_m.swc,false,7c91833f54fd79d8a5e5eafd8dc4e52e307fed0c33c6a2b357f8557fde35b79b
act4,act4/Nkx2-1-CreERT2_Ai14 _IVSCC_-286572.01.02.01_571972148_m.swc,test,373,9,0,Isocortex_layer23,raw/allen_cell_type/swc/Nkx2-1-CreERT2_Ai14 _IVSCC_-286572.01.02.01_571972148_m.swc,Nkx2-1-CreERT2_Ai14 _IVSCC_-286572.01.02.01_571972148_m.swc,false,e772474561e5e1abb63d74c2cbd6cc83d4c2b70ceecad6b8dd3cbbfeb14c40b2
act4,act4/Scnn1a-Tg2-Cre_Ai14-185900.04.02.01_491771354_m.swc,train,374,2,1,Isocortex_layer4,raw/allen_cell_type/swc/Scnn1a-Tg2-Cre_Ai14-185900.04.02.01_491771354_m.swc,Scnn1a-Tg2-Cre_Ai14-185900.04.02.01_491771354_m.swc,false,33ea8b6038b090be5e87b46055b0a5d282f1e2dd411365f47f623820d664d3e5
act4,act4/Rbp4-Cre_KL100_Ai14-205727.04.02.01_496085260_m.swc,train,375,0,2,Isocortex_layer5,raw/allen_cell_type/swc/Rbp4-Cre_KL100_Ai14-205727.04.02.01_496085260_m.swc,Rbp4-Cre_KL100_Ai14-205727.04.02.01_496085260_m.swc,false,be3e49826a2d7ce9fae81832b4f6c274cecd926e4072af6f9108d1c640998a30
act4,act4/Sim1-Cre_KJ18_Ai14-281330.05.02.01_652751604_m.swc,test,376,8,2,Isocortex_layer5,raw/allen_cell_type/swc/Sim1-Cre_KJ18_Ai14-281330.05.02.01_652751604_m.swc,Sim1-Cre_KJ18_Ai14-281330.05.02.01_652751604_m.swc,false,d186bdffd57c442fe923b630463fb8f0ccc2d3fcb3f0869ee504e0ebbce94ca6
act4,act4/Pvalb-IRES-Cre_Ai14-172101.05.01.01_491119699_m.swc,train,377,1,2,Isocortex_layer5,raw/allen_cell_type/swc/Pvalb-IRES-Cre_Ai14-172101.05.01.01_491119699_m.swc,Pvalb-IRES-Cre_Ai14-172101.05.01.01_491119699_m.swc,false,5499352ebf9b9ddddd41f1ac90f47c5b04be8e2d7569da9793503d0592861241
act4,act4/Nos1-CreERT2_Ai14_BT_-285361.04.01.01_585893436_m.swc,train,378,1,0,Isocortex_layer23,raw/allen_cell_type/swc/Nos1-CreERT2_Ai14_BT_-285361.04.01.01_585893436_m.swc,Nos1-CreERT2_Ai14_BT_-285361.04.01.01_585893436_m.swc,false,c8d108da6aa530fe53951cb3bbdefbaf4c4ddbe1fb3fcfe8e7e9f584d54fabcf
act4,act4/Scnn1a-Tg2-Cre_Ai14-176962.05.01.01_495335447_m.swc,train,379,4,2,Isocortex_layer5,raw/allen_cell_type/swc/Scnn1a-Tg2-Cre_Ai14-176962.05.01.01_495335447_m.swc,Scnn1a-Tg2-Cre_Ai14-176962.05.01.01_495335447_m.swc,false,fba7b07c95170c3d385c1b34e8a1f86a0cebb40a9cd3d7478d75d7788807a54f
act4,act4/Vip-IRES-Cre_Ai14_IVSCC_-264875.06.01.01_653337413_m.swc,train,380,3,1,Isocortex_layer4,raw/allen_cell_type/swc/Vip-IRES-Cre_Ai14_IVSCC_-264875.06.01.01_653337413_m.swc,Vip-IRES-Cre_Ai14_IVSCC_-264875.06.01.01_653337413_m.swc,false,fcf20eef18c2dfed250d7fe0aa97ac325170e53056f929d1de2e5c44f3b77de0
act4,act4/Nos1-CreERT2_Ai14-294361.05.01.01_585893455_m.swc,train,381,6,0,Isocortex_layer23,raw/allen_cell_type/swc/Nos1-CreERT2_Ai14-294361.05.01.01_585893455_m.swc,Nos1-CreERT2_Ai14-294361.05.01.01_585893455_m.swc,false,687d7db7e13651a2410275b40c9f08fe33cf657f0097eeac8d1a4ccedeefb695
act4,act4/Sst-IRES-Cre_Ai14-202726.05.02.01_496123885_m.swc,train,382,7,2,Isocortex_layer5,raw/allen_cell_type/swc/Sst-IRES-Cre_Ai14-202726.05.02.01_496123885_m.swc,Sst-IRES-Cre_Ai14-202726.05.02.01_496123885_m.swc,false,ea8f5606e33f5cf6dc60c58cd497079c1888ccbc8e0cd947c9a22f0d5508d1e2
act4,act4/Chat-IRES-Cre-neo_Ai14-316043.05.01.02_610872803_m.swc,train,383,0,0,Isocortex_layer23,raw/allen_cell_type/swc/Chat-IRES-Cre-neo_Ai14-316043.05.01.02_610872803_m.swc,Chat-IRES-Cre-neo_Ai14-316043.05.01.02_610872803_m.swc,false,36cdaf1ed7dec3af8581f52d4b2f6bb5d6ec31d716b410d554aecfe7bdc70ebf
act4,act4/Vip-IRES-Cre_Ai14_IVSCC_-247244.05.02.01_657210312_m.swc,test,384,8,0,Isocortex_layer23,raw/allen_cell_type/swc/Vip-IRES-Cre_Ai14_IVSCC_-247244.05.02.01_657210312_m.swc,Vip-IRES-Cre_Ai14_IVSCC_-247244.05.02.01_657210312_m.swc,false,6bef0b48737b14383812e98bf3b4a8537c454ecfad4cbeed696d50700b4857c2
act4,act4/Vipr2-IRES2-Cre_Ai14-302668.05.02.01_661930435_m.swc,train,385,1,0,Isocortex_layer23,raw/allen_cell_type/swc/Vipr2-IRES2-Cre_Ai14-302668.05.02.01_661930435_m.swc,Vipr2-IRES2-Cre_Ai14-302668.05.02.01_661930435_m.swc,false,2123df21f2d89497e72a2373c4d04ebe35803b859524162280b7cc1fc932bcde
act4,act4/Tlx3-Cre_PL56_Ai14-255494.04.01.01_546786319_m.swc,train,386,7,1,Isocortex_layer4,raw/allen_cell_type/swc/Tlx3-Cre_PL56_Ai14-255494.04.01.01_546786319_m.swc,Tlx3-Cre_PL56_Ai14-255494.04.01.01_546786319_m.swc,false,d486168c3a38c22f7b9b9ce32185ecc2c955dccfc78e8c024f5bb5b9cd261521
act4,act4/Chat-IRES-Cre-neo_Ai14-308245.04.02.01_605859502_m.swc,train,387,7,0,Isocortex_layer23,raw/allen_cell_type/swc/Chat-IRES-Cre-neo_Ai14-308245.04.02.01_605859502_m.swc,Chat-IRES-Cre-neo_Ai14-308245.04.02.01_605859502_m.swc,false,498c8b7abe5d7e40742da9e369ce1220bb8de96a8a676ee0881488f1ff9123e7
act4,act4/Chrna2-Cre_OE25_Ai14_IVSCC_-294916.03.01.02_623794609_m.swc,train,388,2,2,Isocortex_layer5,raw/allen_cell_type/swc/Chrna2-Cre_OE25_Ai14_IVSCC_-294916.03.01.02_623794609_m.swc,Chrna2-Cre_OE25_Ai14_IVSCC_-294916.03.01.02_623794609_m.swc,false,fc6886fd70dcd7c7c1f512f1ac37aa03ac06e70b06fbd831b859c4ae5661dbbc
act4,act4/Nos1-CreERT2_Sst-IRES-FlpO_Ai65-243223.04.01.01_537045067_m.swc,train,389,3,0,Isocortex_layer23,raw/allen_cell_type/swc/Nos1-CreERT2_Sst-IRES-FlpO_Ai65-243223.04.01.01_537045067_m.swc,Nos1-CreERT2_Sst-IRES-FlpO_Ai65-243223.04.01.01_537045067_m.swc,false,e6e7b24d984913aed6e8ac9357ce99e3c7c407097bc7f6def8a2a3c6c083feea
act4,act4/Htr3a-Cre_NO152_Ai14-286731.04.02.01_645075254_m.swc,train,390,3,2,Isocortex_layer5,raw/allen_cell_type/swc/Htr3a-Cre_NO152_Ai14-286731.04.02.01_645075254_m.swc,Htr3a-Cre_NO152_Ai14-286731.04.02.01_645075254_m.swc,false,aeb3dfe21476ccce74eed3f1ebba52e635d6bf2615fa891ab04b47c53611410e
act4,act4/Cux2-CreERT2_Ai14-239083.03.02.01_537041922_m.swc,train,391,2,0,Isocortex_layer23,raw/allen_cell_type/swc/Cux2-CreERT2_Ai14-239083.03.02.01_537041922_m.swc,Cux2-CreERT2_Ai14-239083.03.02.01_537041922_m.swc,false,f4057ce69f1e55877af26384c2a2833951592c833d9dfd4d0a0bbf31ceea538f
act4,act4/Pvalb-IRES-Cre_Ai14-176848.03.01.01_491119484_m.swc,test,392,9,0,Isocortex_layer23,raw/allen_cell_type/swc/Pvalb-IRES-Cre_Ai14-176848.03.01.01_491119484_m.swc,Pvalb-IRES-Cre_Ai14-176848.03.01.01_491119484_m.swc,false,7215269338ce2308c95b6f744a7237be5ed83d2b94ec8771ad597f009af6bf7b
act4,act4/Htr3a-Cre_NO152_Ai14-182494.05.01.01_657249257_m.swc,train,393,5,0,Isocortex_layer23,raw/allen_cell_type/swc/Htr3a-Cre_NO152_Ai14-182494.05.01.01_657249257_m.swc,Htr3a-Cre_NO152_Ai14-182494.05.01.01_657249257_m.swc,false,80fd8922fb66d7863c4638f38c36c0f3e998c53e0f5e1d79436da96379573661
act4,act4/Pvalb-IRES-Cre_Ai14-172096.04.02.01_491119732_m.swc,test,394,9,2,Isocortex_layer5,raw/allen_cell_type/swc/Pvalb-IRES-Cre_Ai14-172096.04.02.01_491119732_m.swc,Pvalb-IRES-Cre_Ai14-172096.04.02.01_491119732_m.swc,false,093ac1714d93e4000a6bb175ceb5d08bd8bf6a7c504edade0c7817693b9ab001
act4,act4/Htr3a-Cre_NO152_Ai14-246125.05.02.01_653182561_m.swc,train,395,2,2,Isocortex_layer5,raw/allen_cell_type/swc/Htr3a-Cre_NO152_Ai14-246125.05.02.01_653182561_m.swc,Htr3a-Cre_NO152_Ai14-246125.05.02.01_653182561_m.swc,false,829ecde529bc89938111b795780e75e90e0f03edf13138aedd2f23030ad5a81c
act4,act4/Ntsr1-Cre_Ai14-181184.03.01.01_491771326_m.swc,train,396,6,3,Isocortex_layer6,raw/allen_cell_type/swc/Ntsr1-Cre_Ai14-181184.03.01.01_491771326_m.swc,Ntsr1-Cre_Ai14-181184.03.01.01_491771326_m.swc,false,823758f75b4d697583a0dc1e76693118c2deeee43055d2c08bd0330e45c0fed0
act4,act4/Pvalb-IRES-Cre_Ai14-185361.06.02.01_759924399_m.swc,train,397,5,2,Isocortex_layer5,raw/allen_cell_type/swc/Pvalb-IRES-Cre_Ai14-185361.06.02.01_759924399_m.swc,Pvalb-IRES-Cre_Ai14-185361.06.02.01_759924399_m.swc,false,fc7633d5189d76c75c447b87ee00f0814e050016fc0177cfe97b68112151cbd9
act4,act4/Pvalb-IRES-Cre_Ai14-195049.06.01.01_491119604_m.swc,train,398,7,3,Isocortex_layer6,raw/allen_cell_type/swc/Pvalb-IRES-Cre_Ai14-195049.06.01.01_491119604_m.swc,Pvalb-IRES-Cre_Ai14-195049.06.01.01_491119604_m.swc,false,0d13f48a2dbe19e6e0d0aeaf25da37ab834f492c021f712303a1409abe039d23
act4,act4/Nkx2-1-CreERT2_Ai14 _IVSCC_-294491.03.01.01_591276550_m.swc,train,399,6,3,Isocortex_layer6,raw/allen_cell_type/swc/Nkx2-1-CreERT2_Ai14 _IVSCC_-294491.03.01.01_591276550_m.swc,Nkx2-1-CreERT2_Ai14 _IVSCC_-294491.03.01.01_591276550_m.swc,false,7445fa4899ad441b962636dd603982f1e1d3320c5a9ca0d5e8868109070360f5
act4,act4/Chrna2-Cre_OE25_Ai14_BT_-280154.03.01.01_717036921_m.swc,train,400,4,1,Isocortex_layer4,raw/allen_cell_type/swc/Chrna2-Cre_OE25_Ai14_BT_-280154.03.01.01_717036921_m.swc,Chrna2-Cre_OE25_Ai14_BT_-280154.03.01.01_717036921_m.swc,false,c3f6192a2007283604d1b99579aefe7710ef9fe4177d6b4ff7952cef69caa560
act4,act4/Ntsr1-Cre_Ai14-171080.04.02.01_492413307_m.swc,train,401,0,3,Isocortex_layer6,raw/allen_cell_type/swc/Ntsr1-Cre_Ai14-171080.04.02.01_492413307_m.swc,Ntsr1-Cre_Ai14-171080.04.02.01_492413307_m.swc,false,35182aabb484ba676d82ece7d31bc8983b45e5977bc1900f78067d99fc186de8
act4,act4/Pvalb-IRES-Cre_Ai14-209764.03.02.01_759891333_m.swc,test,402,8,1,Isocortex_layer4,raw/allen_cell_type/swc/Pvalb-IRES-Cre_Ai14-209764.03.02.01_759891333_m.swc,Pvalb-IRES-Cre_Ai14-209764.03.02.01_759891333_m.swc,false,772c99f6a33616635624d0194eb38707c40c86ede7a95c256f40f377e7aaa2d6
act4,act4/Chat-IRES-Cre-neo_Ai14-313181.04.02.01_610885831_m.swc,train,403,4,0,Isocortex_layer23,raw/allen_cell_type/swc/Chat-IRES-Cre-neo_Ai14-313181.04.02.01_610885831_m.swc,Chat-IRES-Cre-neo_Ai14-313181.04.02.01_610885831_m.swc,false,4993685c7f0894b5f8f51c08c7af68c2f243a6b5044c3fb455da6d18d6ce9d91
act4,act4/Htr3a-Cre_NO152_Ai14-185347.04.01.01_492100896_m.swc,test,404,9,2,Isocortex_layer5,raw/allen_cell_type/swc/Htr3a-Cre_NO152_Ai14-185347.04.01.01_492100896_m.swc,Htr3a-Cre_NO152_Ai14-185347.04.01.01_492100896_m.swc,false,c3c6bcf647d78a6c07b5f8f2d3999539c6e9398631474606e904878ce0da5fbc
act4,act4/Rbp4-Cre_KL100_Ai14-243058.04.02.01_553511048_m.swc,train,405,2,2,Isocortex_layer5,raw/allen_cell_type/swc/Rbp4-Cre_KL100_Ai14-243058.04.02.01_553511048_m.swc,Rbp4-Cre_KL100_Ai14-243058.04.02.01_553511048_m.swc,false,1c494b9b43e99e0325918aefa0d93e116873f839483ebd176af74036c7f517e5
act4,act4/Nos1-CreERT2_Sst-IRES-FlpO_Ai65-315002.02.02.01_614431995_m.swc,train,406,5,0,Isocortex_layer23,raw/allen_cell_type/swc/Nos1-CreERT2_Sst-IRES-FlpO_Ai65-315002.02.02.01_614431995_m.swc,Nos1-CreERT2_Sst-IRES-FlpO_Ai65-315002.02.02.01_614431995_m.swc,false,381589bc2c1fe9b1daf81ec3a927872c283ad6e5a0de5f568b5d0638fb5a208d
act4,act4/Htr3a-Cre_NO152_Ai14-288785.03.02.01_587407335_m.swc,train,407,4,3,Isocortex_layer6,raw/allen_cell_type/swc/Htr3a-Cre_NO152_Ai14-288785.03.02.01_587407335_m.swc,Htr3a-Cre_NO152_Ai14-288785.03.02.01_587407335_m.swc,false,5b38fc75dfcce38e2e2298d3eb40134b83be8d46fa6e8343a39b954da95557fa
act4,act4/Pvalb-IRES-Cre_Ai14-299809.03.02.01_623867465_m.swc,train,408,1,3,Isocortex_layer6,raw/allen_cell_type/swc/Pvalb-IRES-Cre_Ai14-299809.03.02.01_623867465_m.swc,Pvalb-IRES-Cre_Ai14-299809.03.02.01_623867465_m.swc,false,2c5cca3746b7c8701cfba45af0f2ae73138b13af91181cc0a6c82b3922f54f1b
act4,act4/Scnn1a-Tg3-Cre_Ai14-187852.05.02.01_491392856_m.swc,train,409,4,1,Isocortex_layer4,raw/allen_cell_type/swc/Scnn1a-Tg3-Cre_Ai14-187852.05.02.01_491392856_m.swc,Scnn1a-Tg3-Cre_Ai14-187852.05.02.01_491392856_m.swc,false,b9d17157995082cee6c4cb64837e1fdcab9bf89d39749104ec0c6b0474b90708
act4,act4/Oxtr-2A-Cre_Ai14-293837.04.01.02_661930403_m.swc,train,410,2,0,Isocortex_layer23,raw/allen_cell_type/swc/Oxtr-2A-Cre_Ai14-293837.04.01.02_661930403_m.swc,Oxtr-2A-Cre_Ai14-293837.04.01.02_661930403_m.swc,false,0c55439a9d6b413a0badca57d38c05ec1f2eac3b2c1bea7702a5fbafbb6a2ca5
act4,act4/Oxtr-T2A-Cre_Ai14-314784.06.01.01_656643532_m.swc,train,411,6,0,Isocortex_layer23,raw/allen_cell_type/swc/Oxtr-T2A-Cre_Ai14-314784.06.01.01_656643532_m.swc,Oxtr-T2A-Cre_Ai14-314784.06.01.01_656643532_m.swc,false,d3fbf221b772508556a0f294418f8e60c618132fddd8dc64f1a4b659232ee6ea
act4,act4/Sst-IRES-Cre_Ai14-202480.03.02.01_491392879_m.swc,train,412,0,1,Isocortex_layer4,raw/allen_cell_type/swc/Sst-IRES-Cre_Ai14-202480.03.02.01_491392879_m.swc,Sst-IRES-Cre_Ai14-202480.03.02.01_491392879_m.swc,false,f610ac8a9893fb90dc771ce6f34af50440b0f713b487a37615ad68b2aade0337
act4,act4/Ctgf-2A-dgCre_Ai14_IVSCC_-252902.04.01.01_718138084_m.swc,train,413,3,3,Isocortex_layer6,raw/allen_cell_type/swc/Ctgf-2A-dgCre_Ai14_IVSCC_-252902.04.01.01_718138084_m.swc,Ctgf-2A-dgCre_Ai14_IVSCC_-252902.04.01.01_718138084_m.swc,false,0bf00bd303feed26bbda82eb4238e4fb5bc36cbef7aa5df19834a7055959ee36
act4,act4/Rbp4-Cre_KL100_Ai14-205726.03.02.01_496001094_m.swc,train,414,6,2,Isocortex_layer5,raw/allen_cell_type/swc/Rbp4-Cre_KL100_Ai14-205726.03.02.01_496001094_m.swc,Rbp4-Cre_KL100_Ai14-205726.03.02.01_496001094_m.swc,false,5d37e49dfca01b4c7fd712b49228d44d7e50c32c93c56d305b72c931fcd8e5e3
act4,act4/Chat-IRES-Cre-neo_Ai14-299537.04.02.01_614430666_m.swc,test,415,9,0,Isocortex_layer23,raw/allen_cell_type/swc/Chat-IRES-Cre-neo_Ai14-299537.04.02.01_614430666_m.swc,Chat-IRES-Cre-neo_Ai14-299537.04.02.01_614430666_m.swc,false,c09cb1e1142c80e5b67ce1d33f9fb40f892274337c5913c9eabff628d5cba2ee
act4,act4/Vip-IRES-Cre_Ai14_IVSCC_-264875.04.02.01_559392178_m.swc,test,416,8,0,Isocortex_layer23,raw/allen_cell_type/swc/Vip-IRES-Cre_Ai14_IVSCC_-264875.04.02.01_559392178_m.swc,Vip-IRES-Cre_Ai14_IVSCC_-264875.04.02.01_559392178_m.swc,false,d4a192e1428f2b5d6eab564bc62af3ce4006fe6e4fb9e86e6bf53a05e6e0f224
act4,act4/Rbp4-Cre_KL100_Ai14-196623.04.01.01_491119548_m.swc,train,417,6,1,Isocortex_layer4,raw/allen_cell_type/swc/Rbp4-Cre_KL100_Ai14-196623.04.01.01_491119548_m.swc,Rbp4-Cre_KL100_Ai14-196623.04.01.01_491119548_m.swc,false,c85bb8878e3817b5e07cf2f8d65345aa341de37122a68350947804282b67f3cc
act4,act4/Rorb-IRES2-Cre-D_Ai14-204764.04.01.01_496001039_m.swc,train,418,3,1,Isocortex_layer4,raw/allen_cell_type/swc/Rorb-IRES2-Cre-D_Ai14-204764.04.01.01_496001039_m.swc,Rorb-IRES2-Cre-D_Ai14-204764.04.01.01_496001039_m.swc,false,ce1172300884ad13fb14b4cb6a1ae68685d66a5dd8e0fb47071b03a11ad59dca
act4,act4/Pvalb-IRES-Cre_Ai14-201791.05.01.01_496079599_m.swc,train,419,7,0,Isocortex_layer23,raw/allen_cell_type/swc/Pvalb-IRES-Cre_Ai14-201791.05.01.01_496079599_m.swc,Pvalb-IRES-Cre_Ai14-201791.05.01.01_496079599_m.swc,false,a60823fbd19efb360b3b417e552bd4679e7a0948a8fd17dd7d2888c0ab895b27
act4,act4/Vip-IRES-Cre_Ai14_IVSCC_-243617.05.02.01_657267317_m.swc,train,420,1,1,Isocortex_layer4,raw/allen_cell_type/swc/Vip-IRES-Cre_Ai14_IVSCC_-243617.05.02.01_657267317_m.swc,Vip-IRES-Cre_Ai14_IVSCC_-243617.05.02.01_657267317_m.swc,false,eecf91218f9ddd3b0a7855af77acdac356c18803eac04f0eaddd26e362b1573f
act4,act4/Pvalb-IRES-Cre_Ai14-171555.06.01.01_496722847_m.swc,test,421,8,2,Isocortex_layer5,raw/allen_cell_type/swc/Pvalb-IRES-Cre_Ai14-171555.06.01.01_496722847_m.swc,Pvalb-IRES-Cre_Ai14-171555.06.01.01_496722847_m.swc,false,97dd5880a118dfad4da78baf7e9868774fb1157cc0acfac10ba1383dc919f55a
act4,act4/Sst-IRES-Cre_Ai14-212983.04.02.01_759889852_m.swc,train,422,0,0,Isocortex_layer23,raw/allen_cell_type/swc/Sst-IRES-Cre_Ai14-212983.04.02.01_759889852_m.swc,Sst-IRES-Cre_Ai14-212983.04.02.01_759889852_m.swc,false,7e7b8b2c359da06c935de1f95f067ce36c01f6692dfe6d39d8c95aa53f9f7088
act4,act4/Ctgf-2A-dgCre_Ai14_IVSCC_-230021.05.01.01_519261845_m.swc,train,423,6,3,Isocortex_layer6,raw/allen_cell_type/swc/Ctgf-2A-dgCre_Ai14_IVSCC_-230021.05.01.01_519261845_m.swc,Ctgf-2A-dgCre_Ai14_IVSCC_-230021.05.01.01_519261845_m.swc,false,e06835d8462419775a61b7bc56dfaea25d432390fc842613e85db5f7ee938c78
act4,act4/Sst-IRES-Cre_Ai14-173196.03.01.01_657247331_m.swc,train,424,1,0,Isocortex_layer23,raw/allen_cell_type/swc/Sst-IRES-Cre_Ai14-173196.03.01.01_657247331_m.swc,Sst-IRES-Cre_Ai14-173196.03.01.01_657247331_m.swc,false,1e31e2424dbc94091aad88282f858c9aed7e39016a690e5e7c81106cc379e7cc
act4,act4/Scnn1a-Tg2-Cre_Ai14_IVSCC_-167081.03.02.01_397905347_m.swc,train,425,2,1,Isocortex_layer4,raw/allen_cell_type/swc/Scnn1a-Tg2-Cre_Ai14_IVSCC_-167081.03.02.01_397905347_m.swc,Scnn1a-Tg2-Cre_Ai14_IVSCC_-167081.03.02.01_397905347_m.swc,false,80078dc3b5a2f3510433e69227b95785850677175a1ba605549b6b27e94a1fe4
act4,act4/Pvalb-IRES-Cre_Ai14-301430.02.02.01_637920210_m.swc,train,426,7,0,Isocortex_layer23,raw/allen_cell_type/swc/Pvalb-IRES-Cre_Ai14-301430.02.02.01_637920210_m.swc,Pvalb-IRES-Cre_Ai14-301430.02.02.01_637920210_m.swc,false,12aaf47f1f0156c95e353935133cfbca5d1a24d125ac70f4da901e327ea484fb
act4,act4/Oxtr-T2A-Cre_Ai14-314784.06.02.01_609847136_m.swc,train,427,1,0,Isocortex_layer23,raw/allen_cell_type/swc/Oxtr-T2A-Cre_Ai14-314784.06.02.01_609847136_m.swc,Oxtr-T2A-Cre_Ai14-314784.06.02.01_609847136_m.swc,false,f3ed4cb0753fa66ca14ddc3f3933e67bec62fa41c43335283e8fc8ffa8803909
act4,act4/Oxtr-2A-Cre_Ai14-293839.02.02.02_623439672_m.swc,train,428,5,1,Isocortex_layer4,raw/allen_cell_type/swc/Oxtr-2A-Cre_Ai14-293839.02.02.02_623439672_m.swc,Oxtr-2A-Cre_Ai14-293839.02.02.02_623439672_m.swc,false,f5f80cf1ad441ad86d9625e4a424c1796855e0dfaf6691b028a70fde29c1c25a
act4,act4/Pvalb-IRES-Cre_Ai14-165171.03.01.01_657294860_m.swc,train,429,1,3,Isocortex_layer6,raw/allen_cell_type/swc/Pvalb-IRES-Cre_Ai14-165171.03.01.01_657294860_m.swc,Pvalb-IRES-Cre_Ai14-165171.03.01.01_657294860_m.swc,false,ee5d8f355cfbab8207efd55970cc525419fbfdc6327cb56c073629f3f765c468
act4,act4/Nr5a1-Cre_Ai14-177329.03.02.01_492413294_m.swc,train,430,7,1,Isocortex_layer4,raw/allen_cell_type/swc/Nr5a1-Cre_Ai14-177329.03.02.01_492413294_m.swc,Nr5a1-Cre_Ai14-177329.03.02.01_492413294_m.swc,false,fea44c3e659ea0b2bc2c0a2996b1530a3f93f9f2aea11d747862e74c160e5c01
act4,act4/Nr5a1-Cre_Ai14-186567.04.01.01_706190753_m.swc,train,431,4,0,Isocortex_layer23,raw/allen_cell_type/swc/Nr5a1-Cre_Ai14-186567.04.01.01_706190753_m.swc,Nr5a1-Cre_Ai14-186567.04.01.01_706190753_m.swc,false,3a7e6f61dccb7761e9357759c508990f18c07f57c273be26a36ba4f4e8feb276
act4,act4/Scnn1a-Tg2-Cre_Ai14-176958.04.01.01_491771013_m.swc,test,432,9,1,Isocortex_layer4,raw/allen_cell_type/swc/Scnn1a-Tg2-Cre_Ai14-176958.04.01.01_491771013_m.swc,Scnn1a-Tg2-Cre_Ai14-176958.04.01.01_491771013_m.swc,false,2a3a97727d5d1ba62cf4bba7ed2b491ee3fe0fb3ec0892b8a7db9db16b1abaec
act4,act4/Scnn1a-Tg2-Cre_Ai14-193643.06.02.01_491771435_m.swc,train,434,0,2,Isocortex_layer5,raw/allen_cell_type/swc/Scnn1a-Tg2-Cre_Ai14-193643.06.02.01_491771435_m.swc,Scnn1a-Tg2-Cre_Ai14-193643.06.02.01_491771435_m.swc,false,98158fc3448ec5593f79ab4e0463981c7dbee7eeef34399c121d2b29a2cc6b2c
act4,act4/Rorb-IRES2-Cre-D_Ai14-197352.06.01.01_491253869_m.swc,train,435,4,1,Isocortex_layer4,raw/allen_cell_type/swc/Rorb-IRES2-Cre-D_Ai14-197352.06.01.01_491253869_m.swc,Rorb-IRES2-Cre-D_Ai14-197352.06.01.01_491253869_m.swc,false,29ca992a924c5c963ce347fa28bdf3669a5e290a2a64a5e20e8806cdce49d962
act4,act4/Ctgf-2A-dgCre_Ai14_IVSCC_-237291.05.02.01_527110368_m.swc,train,436,4,3,Isocortex_layer6,raw/allen_cell_type/swc/Ctgf-2A-dgCre_Ai14_IVSCC_-237291.05.02.01_527110368_m.swc,Ctgf-2A-dgCre_Ai14_IVSCC_-237291.05.02.01_527110368_m.swc,false,79aeab651e46d8346cc529a8b5947cf18eafe111c2265c2e86f3a1de78f5d25a
act4,act4/Pvalb-IRES-Cre_Ai14-187029.03.02.01_491119916_m.swc,train,437,3,1,Isocortex_layer4,raw/allen_cell_type/swc/Pvalb-IRES-Cre_Ai14-187029.03.02.01_491119916_m.swc,Pvalb-IRES-Cre_Ai14-187029.03.02.01_491119916_m.swc,false,85501f820758f86082bdb0c8ee69219a2e98c31182df7907bfaa0d8dcb198366
act4,act4/Nr5a1-Cre_Ai14-187777.05.02.01_491392821_m.swc,train,438,2,1,Isocortex_layer4,raw/allen_cell_type/swc/Nr5a1-Cre_Ai14-187777.05.02.01_491392821_m.swc,Nr5a1-Cre_Ai14-187777.05.02.01_491392821_m.swc,false,c66c990dcf5f88d564550e268673ece7156b6a1f7b9fb30e11a2392d1a7969bc
act4,act4/Chrna2-Cre_OE25_Ai14_IVSCC_-298915.06.02.01_647493842_m.swc,train,439,3,2,Isocortex_layer5,raw/allen_cell_type/swc/Chrna2-Cre_OE25_Ai14_IVSCC_-298915.06.02.01_647493842_m.swc,Chrna2-Cre_OE25_Ai14_IVSCC_-298915.06.02.01_647493842_m.swc,false,31118e8814b0b508eb0c324bdbbe47285b5fdc0ffe717f7d4b531162c5fe7a27
act4,act4/Ntsr1-Cre_Ai14-180761.02.01.01_491459160_m.swc,train,440,4,3,Isocortex_layer6,raw/allen_cell_type/swc/Ntsr1-Cre_Ai14-180761.02.01.01_491459160_m.swc,Ntsr1-Cre_Ai14-180761.02.01.01_491459160_m.swc,false,ab104a6e150e7ae6fe0b13623c37a42bd6c26c954932b91fe12ead0aac3533d6
act4,act4/Htr3a-Cre_NO152_Ai14-185556.06.01.01_492413499_m.swc,test,441,9,3,Isocortex_layer6,raw/allen_cell_type/swc/Htr3a-Cre_NO152_Ai14-185556.06.01.01_492413499_m.swc,Htr3a-Cre_NO152_Ai14-185556.06.01.01_492413499_m.swc,false,b8fca67426fded884c5e1ddadcf4c0f9ccaa0f9a84dd127cfda835ee5faa2a4a
act4,act4/Rbp4-Cre_KL100_Ai14-203503.04.01.01_527109145_m.swc,train,442,4,2,Isocortex_layer5,raw/allen_cell_type/swc/Rbp4-Cre_KL100_Ai14-203503.04.01.01_527109145_m.swc,Rbp4-Cre_KL100_Ai14-203503.04.01.01_527109145_m.swc,false,fd5e9099a24ba910d0ec426ca8f51a918bc6065bfc173edd0c4b624afffeb784
act4,act4/Cux2-CreERT2_Ai14-207760.03.01.01_496163976_m.swc,train,443,1,1,Isocortex_layer4,raw/allen_cell_type/swc/Cux2-CreERT2_Ai14-207760.03.01.01_496163976_m.swc,Cux2-CreERT2_Ai14-207760.03.01.01_496163976_m.swc,false,fbdc6aae97bafba097e25c77f17bdde6184b72f8ba35cf3c1c9beee4aacc144f
act4,act4/Chrna2-Cre_OE25_Ai14_IVSCC_-294916.05.02.02_645163638_m.swc,train,444,1,2,Isocortex_layer5,raw/allen_cell_type/swc/Chrna2-Cre_OE25_Ai14_IVSCC_-294916.05.02.02_645163638_m.swc,Chrna2-Cre_OE25_Ai14_IVSCC_-294916.05.02.02_645163638_m.swc,false,eed1babe2b328ce6f3a6f501b02373ad2ed284c75b7c0eab3394eeb8ea5be886
act4,act4/Ntsr1-Cre_Ai14-214922.03.01.01_510982908_m.swc,train,445,7,3,Isocortex_layer6,raw/allen_cell_type/swc/Ntsr1-Cre_Ai14-214922.03.01.01_510982908_m.swc,Ntsr1-Cre_Ai14-214922.03.01.01_510982908_m.swc,false,10d1f3ff244a2716391600443035c78f3bebff1979d03a56b251328a32f9f631
act4,act4/Rorb-IRES2-Cre-D_Ai14-181710.05.02.01_491771275_m.swc,train,446,7,1,Isocortex_layer4,raw/allen_cell_type/swc/Rorb-IRES2-Cre-D_Ai14-181710.05.02.01_491771275_m.swc,Rorb-IRES2-Cre-D_Ai14-181710.05.02.01_491771275_m.swc,false,f0a53dfcd4ffbc0c941267d05c790cbf842a0325d01b6e2886701113e25bf6e6
act4,act4/Vipr2-IRES2-Cre_Slc32a1-T2A-FlpO_Ai65-315067.05.02.01_610886173_m.swc,train,447,6,0,Isocortex_layer23,raw/allen_cell_type/swc/Vipr2-IRES2-Cre_Slc32a1-T2A-FlpO_Ai65-315067.05.02.01_610886173_m.swc,Vipr2-IRES2-Cre_Slc32a1-T2A-FlpO_Ai65-315067.05.02.01_610886173_m.swc,false,4fedc23e78a3469f2ec3c2469f585ee18ad701fca96296dff112b4a09761cb0d
act4,act4/Rorb-IRES2-Cre-D_Ai14-201965.04.01.01_496085113_m.swc,train,448,7,2,Isocortex_layer5,raw/allen_cell_type/swc/Rorb-IRES2-Cre-D_Ai14-201965.04.01.01_496085113_m.swc,Rorb-IRES2-Cre-D_Ai14-201965.04.01.01_496085113_m.swc,false,f691bd8b9d5e40995a8f792c4395356954b3fea0d2ce4844c5430e03d1e71f73
act4,act4/Rbp4-Cre_KL100_Ai14-204745.05.01.01_496001050_m.swc,train,449,1,2,Isocortex_layer5,raw/allen_cell_type/swc/Rbp4-Cre_KL100_Ai14-204745.05.01.01_496001050_m.swc,Rbp4-Cre_KL100_Ai14-204745.05.01.01_496001050_m.swc,false,80ec7a6e2fc73f59d3ed769ccd74513f41218562d23463c014d73ca5a6bdd124
act4,act4/Rbp4-Cre_KL100_Ai14-180747.02.01.01_501146906_m.swc,train,450,4,2,Isocortex_layer5,raw/allen_cell_type/swc/Rbp4-Cre_KL100_Ai14-180747.02.01.01_501146906_m.swc,Rbp4-Cre_KL100_Ai14-180747.02.01.01_501146906_m.swc,false,f2f0ff47a27ee1cac2437c2dbd41f0f45f18b8bccd28f871d0599033fa00d64c
act4,act4/Htr3a-Cre_NO152_Ai14-198254.03.02.01_491119526_m.swc,test,451,9,2,Isocortex_layer5,raw/allen_cell_type/swc/Htr3a-Cre_NO152_Ai14-198254.03.02.01_491119526_m.swc,Htr3a-Cre_NO152_Ai14-198254.03.02.01_491119526_m.swc,false,3ab5e5679782583f6470de73e803e106d43b5f35e6eb8e6e3ca4ca2fdd4b1586
act4,act4/Scnn1a-Tg3-Cre_Ai14-180214.05.02.01_492413246_m.swc,train,452,3,1,Isocortex_layer4,raw/allen_cell_type/swc/Scnn1a-Tg3-Cre_Ai14-180214.05.02.01_492413246_m.swc,Scnn1a-Tg3-Cre_Ai14-180214.05.02.01_492413246_m.swc,false,c85d98735ef979f4cf097571b7345df27e1a16ad5aa507436a3d283e14595459
act4,act4/Ndnf-IRES2-dgCre_Ai14-262475.04.02.01_759946510_m.swc,train,453,2,0,Isocortex_layer23,raw/allen_cell_type/swc/Ndnf-IRES2-dgCre_Ai14-262475.04.02.01_759946510_m.swc,Ndnf-IRES2-dgCre_Ai14-262475.04.02.01_759946510_m.swc,false,970a5b0e9fcecb2e007fca7452b5f858ccf2486827dfde14c4da6c76e92f58b3
act4,act4/Pvalb-IRES-Cre_Ai14-180633.03.02.01_500919203_m.swc,test,454,8,1,Isocortex_layer4,raw/allen_cell_type/swc/Pvalb-IRES-Cre_Ai14-180633.03.02.01_500919203_m.swc,Pvalb-IRES-Cre_Ai14-180633.03.02.01_500919203_m.swc,false,36f473036515675f816173dbd3a03430234315f50b90f3151cb4d64a33e537be
act4,act4/Cux2-CreERT2_Ai14-242954.04.01.01_546786153_m.swc,train,455,3,0,Isocortex_layer23,raw/allen_cell_type/swc/Cux2-CreERT2_Ai14-242954.04.01.01_546786153_m.swc,Cux2-CreERT2_Ai14-242954.04.01.01_546786153_m.swc,false,b63d725a80d366456e56e373fae1430c73fee320608efe77e4ccc4167ec0d616
act4,act4/Nkx2-1-CreERT2_Ai14 _IVSCC_-294490.02.02.01_700422073_m.swc,train,456,0,0,Isocortex_layer23,raw/allen_cell_type/swc/Nkx2-1-CreERT2_Ai14 _IVSCC_-294490.02.02.01_700422073_m.swc,Nkx2-1-CreERT2_Ai14 _IVSCC_-294490.02.02.01_700422073_m.swc,false,f5a733292f4f90ba578b51989362714d89f21cb4a07574f01fe6adf088fa8280
act4,act4/Penk-IRES2-Cre-neo_Ai14-334280.02.02.01_645065208_m.swc,train,457,3,3,Isocortex_layer6,raw/allen_cell_type/swc/Penk-IRES2-Cre-neo_Ai14-334280.02.02.01_645065208_m.swc,Penk-IRES2-Cre-neo_Ai14-334280.02.02.01_645065208_m.swc,false,d04d5b981fd9c687f8652983c8bd3e972e7714bedb597b7e25989c62725a253d
act4,act4/Penk-IRES2-Cre-neo_Ai14-334280.04.01.01_647860103_m.swc,test,458,9,3,Isocortex_layer6,raw/allen_cell_type/swc/Penk-IRES2-Cre-neo_Ai14-334280.04.01.01_647860103_m.swc,Penk-IRES2-Cre-neo_Ai14-334280.04.01.01_647860103_m.swc,false,6dc19227a5313ea75caa1b548c6a3b6169818837eabd0c26fe07533e4ecfae9b
act4,act4/Sst-IRES-Cre_Ai14-182533.03.01.01_760239945_m.swc,train,459,6,0,Isocortex_layer23,raw/allen_cell_type/swc/Sst-IRES-Cre_Ai14-182533.03.01.01_760239945_m.swc,Sst-IRES-Cre_Ai14-182533.03.01.01_760239945_m.swc,false,5144140c6ea43fe2651d6a9ddb104eb9f70af3c58756aec71f654be74227cc5c
act4,act4/Rbp4-Cre_KL100_Ai14-204744.03.02.01_496123859_m.swc,train,460,1,2,Isocortex_layer5,raw/allen_cell_type/swc/Rbp4-Cre_KL100_Ai14-204744.03.02.01_496123859_m.swc,Rbp4-Cre_KL100_Ai14-204744.03.02.01_496123859_m.swc,false,66e912b2ce95bc777c656da1ec913ecfa09ceff7718293a4db9b140b7765abbb
act4,act4/Scnn1a-Tg3-Cre_Ai14-168093.03.02.01_491119592_m.swc,train,461,6,2,Isocortex_layer5,raw/allen_cell_type/swc/Scnn1a-Tg3-Cre_Ai14-168093.03.02.01_491119592_m.swc,Scnn1a-Tg3-Cre_Ai14-168093.03.02.01_491119592_m.swc,false,606d65fe0ec1fa579a5fec4575206d907baab6d84269d7da8359ff723f29361b
act4,act4/Esr2-IRES2-Cre_Ai14-291921.05.02.01_601947803_m.swc,train,462,4,2,Isocortex_layer5,raw/allen_cell_type/swc/Esr2-IRES2-Cre_Ai14-291921.05.02.01_601947803_m.swc,Esr2-IRES2-Cre_Ai14-291921.05.02.01_601947803_m.swc,false,d31d31a7f5807e302652bdf5edb99db371fe4fa90f6376757b48e7c0964b0c28
act4,act4/Rbp4-Cre_KL100_Ai14-215300.03.02.01_510979132_m.swc,train,463,7,2,Isocortex_layer5,raw/allen_cell_type/swc/Rbp4-Cre_KL100_Ai14-215300.03.02.01_510979132_m.swc,Rbp4-Cre_KL100_Ai14-215300.03.02.01_510979132_m.swc,false,55fc7da45c3618dd8136621ce9b842b6e22b35466c9bcce387d6bdc32ba23547
act4,act4/Pvalb-IRES-Cre_Ai14-178310.02.01.01_657253247_m.swc,train,464,1,0,Isocortex_layer23,raw/allen_cell_type/swc/Pvalb-IRES-Cre_Ai14-178310.02.01.01_657253247_m.swc,Pvalb-IRES-Cre_Ai14-178310.02.01.01_657253247_m.swc,false,af0d42f3b8834c1cbca1e4e6f2b09d215a8d3e1213f82027627377db1424fa63
act4,act4/Htr3a-Cre_NO152_Ai14-200441.05.01.01_492414382_m.swc,train,465,5,0,Isocortex_layer23,raw/allen_cell_type/swc/Htr3a-Cre_NO152_Ai14-200441.05.01.01_492414382_m.swc,Htr3a-Cre_NO152_Ai14-200441.05.01.01_492414382_m.swc,false,d92ed7b5e69ed8aac740ca3f5a1908fcd848599a30defc5011d999c7f15b6d08
act4,act4/Nr5a1-Cre_Ai14-172512.06.02.01_491120144_m.swc,train,466,0,1,Isocortex_layer4,raw/allen_cell_type/swc/Nr5a1-Cre_Ai14-172512.06.02.01_491120144_m.swc,Nr5a1-Cre_Ai14-172512.06.02.01_491120144_m.swc,false,d4eb99cf464c278238828680b86d4c40864d1d2c549715beee43c7fc675a1697
act4,act4/Pvalb-IRES-Cre_Ai14-299810.04.02.01_638824825_m.swc,train,467,2,0,Isocortex_layer23,raw/allen_cell_type/swc/Pvalb-IRES-Cre_Ai14-299810.04.02.01_638824825_m.swc,Pvalb-IRES-Cre_Ai14-299810.04.02.01_638824825_m.swc,false,09c9fc592eec8cdc3218cfcd294db8b19f69671d4a8cf577677443292d41e3e7
act4,act4/Gad2-IRES-Cre_Ai14-172679.03.01.01_491119949_m.swc,train,468,5,2,Isocortex_layer5,raw/allen_cell_type/swc/Gad2-IRES-Cre_Ai14-172679.03.01.01_491119949_m.swc,Gad2-IRES-Cre_Ai14-172679.03.01.01_491119949_m.swc,false,c7b74c85cf38a4255eb20176ea60758211fac980d34d9b7375c017909ab00a1a
act4,act4/Sst-IRES-Cre-197628.06.02.01_500912289_m.swc,train,469,0,2,Isocortex_layer5,raw/allen_cell_type/swc/Sst-IRES-Cre-197628.06.02.01_500912289_m.swc,Sst-IRES-Cre-197628.06.02.01_500912289_m.swc,false,206500e114fa6d8e5a41ac43d23a0d6175038cdf3c2dd6f46cb66dcb15ffe70d
act4,act4/Ntsr1-Cre_Ai14-232206.04.01.01_673133251_m.swc,train,470,5,3,Isocortex_layer6,raw/allen_cell_type/swc/Ntsr1-Cre_Ai14-232206.04.01.01_673133251_m.swc,Ntsr1-Cre_Ai14-232206.04.01.01_673133251_m.swc,false,4b1851b6554eb3206faf7ea9f73676fd1abd0f9871810700b8b08711ad044a7b
act4,act4/Scnn1a-Tg2-Cre_Ai14-200706.04.02.01_496079611_m.swc,train,471,0,1,Isocortex_layer4,raw/allen_cell_type/swc/Scnn1a-Tg2-Cre_Ai14-200706.04.02.01_496079611_m.swc,Scnn1a-Tg2-Cre_Ai14-200706.04.02.01_496079611_m.swc,false,6b2fcea517030c78a2a88a45dbe85dec80faf1c7997d8833d6c47982e8006603
act4,act4/Rorb-IRES2-Cre-D_Ai14-201965.03.02.01_492101093_m.swc,train,472,2,2,Isocortex_layer5,raw/allen_cell_type/swc/Rorb-IRES2-Cre-D_Ai14-201965.03.02.01_492101093_m.swc,Rorb-IRES2-Cre-D_Ai14-201965.03.02.01_492101093_m.swc,false,c8f57971772ac1923c1f9ce5b560ed75ee347884f7ef0336044ebb3beaeac588
act4,act4/Pvalb-IRES-Cre_Ai14-176852.05.02.01_513557613_m.swc,test,473,8,2,Isocortex_layer5,raw/allen_cell_type/swc/Pvalb-IRES-Cre_Ai14-176852.05.02.01_513557613_m.swc,Pvalb-IRES-Cre_Ai14-176852.05.02.01_513557613_m.swc,false,c0cddbc1d3e8a503eb9fc668e5a11b340d60e3a4834b339beffd948da8e852c7
act4,act4/Nos1-CreERT2_Sst-IRES-FlpO_Ai65-243223.06.01.01_537045148_m.swc,train,474,0,3,Isocortex_layer6,raw/allen_cell_type/swc/Nos1-CreERT2_Sst-IRES-FlpO_Ai65-243223.06.01.01_537045148_m.swc,Nos1-CreERT2_Sst-IRES-FlpO_Ai65-243223.06.01.01_537045148_m.swc,false,e50f346b91469ccb63bda1c6ca8933e43db7e69a8c366ba1465976304923ac9b
act4,act4/Nr5a1-Cre_Ai14-177836.04.02.01_491253895_m.swc,test,475,9,1,Isocortex_layer4,raw/allen_cell_type/swc/Nr5a1-Cre_Ai14-177836.04.02.01_491253895_m.swc,Nr5a1-Cre_Ai14-177836.04.02.01_491253895_m.swc,false,546eb211bad3b234d6b1d56e25397e8f0b82b241986799352d376c22ad47ec3c
act4,act4/Nr5a1-Cre_Ai14-186567.03.02.01_495337183_m.swc,train,476,7,0,Isocortex_layer23,raw/allen_cell_type/swc/Nr5a1-Cre_Ai14-186567.03.02.01_495337183_m.swc,Nr5a1-Cre_Ai14-186567.03.02.01_495337183_m.swc,false,0cd028fd1700a075c94dbecfcd53e655a6f14ce7233f555157f8532ba7eb5da8
act4,act4/Sim1-Cre_KJ18_Ai14-281331.05.02.01_652075435_m.swc,train,477,5,3,Isocortex_layer6,raw/allen_cell_type/swc/Sim1-Cre_KJ18_Ai14-281331.05.02.01_652075435_m.swc,Sim1-Cre_KJ18_Ai14-281331.05.02.01_652075435_m.swc,false,4fd6048262d96cc415a31c60d05f59d90437772cfcad9f55d47d5b5135583dfd
act4,act4/Esr2-IRES2-Cre_Ai14-296165.03.01.01_714448219_m.swc,train,478,6,2,Isocortex_layer5,raw/allen_cell_type/swc/Esr2-IRES2-Cre_Ai14-296165.03.01.01_714448219_m.swc,Esr2-IRES2-Cre_Ai14-296165.03.01.01_714448219_m.swc,false,bc3e3f0158a3c97e7c29e6b94012c85200250a492360fee39033f89f62afaf52
act4,act4/Ntsr1-Cre_Ai14-214922.03.02.01_508278663_m.swc,test,479,8,3,Isocortex_layer6,raw/allen_cell_type/swc/Ntsr1-Cre_Ai14-214922.03.02.01_508278663_m.swc,Ntsr1-Cre_Ai14-214922.03.02.01_508278663_m.swc,false,177a8a263b5a420671509d35c8179200034b2d427a7c203a296394cdd546b8a7
act4,act4/Nr5a1-Cre_Ai14-237790.03.01.01_519262122_m.swc,train,480,5,1,Isocortex_layer4,raw/allen_cell_type/swc/Nr5a1-Cre_Ai14-237790.03.01.01_519262122_m.swc,Nr5a1-Cre_Ai14-237790.03.01.01_519262122_m.swc,false,1e6370b523797988fc9c6ad55a8ebbad61988b1b780233ba0545eb87eca10279
act4,act4/Ctgf-2A-dgCre_Ai14_IVSCC_-252900.05.01.01_544901765_m.swc,train,481,2,3,Isocortex_layer6,raw/allen_cell_type/swc/Ctgf-2A-dgCre_Ai14_IVSCC_-252900.05.01.01_544901765_m.swc,Ctgf-2A-dgCre_Ai14_IVSCC_-252900.05.01.01_544901765_m.swc,false,790e446991f77bfcbf7b7af9f168900abb54cc891b0569719b320be6aaca8cf4
act4,act4/Sst-IRES-Cre_Ai14-172534.06.01.01_760196580_m.swc,train,482,3,2,Isocortex_layer5,raw/allen_cell_type/swc/Sst-IRES-Cre_Ai14-172534.06.01.01_760196580_m.swc,Sst-IRES-Cre_Ai14-172534.06.01.01_760196580_m.swc,false,1b85f66428a7a52f61ec1811a8e75b9a806c9d7e8226d82e4fd00c3a45989f68
act4,act4/Nr5a1-Cre_Ai14-177834.02.01.01_491458970_m.swc,train,483,6,1,Isocortex_layer4,raw/allen_cell_type/swc/Nr5a1-Cre_Ai14-177834.02.01.01_491458970_m.swc,Nr5a1-Cre_Ai14-177834.02.01.01_491458970_m.swc,false,74ccacf546283579325c39610d3364137bed735bcd1aac779d324215a9acbb50
act4,act4/Tlx3-Cre_PL56_Ai14-281778.04.02.01_652076625_m.swc,train,484,5,1,Isocortex_layer4,raw/allen_cell_type/swc/Tlx3-Cre_PL56_Ai14-281778.04.02.01_652076625_m.swc,Tlx3-Cre_PL56_Ai14-281778.04.02.01_652076625_m.swc,false,026295e415891315de709e35d322d58269481a491ab7228f89d99f4f74eb2ba2
act4,act4/Rorb-IRES2-Cre-D_Ai14-204764.03.02.01_510989433_m.swc,train,485,0,2,Isocortex_layer5,raw/allen_cell_type/swc/Rorb-IRES2-Cre-D_Ai14-204764.03.02.01_510989433_m.swc,Rorb-IRES2-Cre-D_Ai14-204764.03.02.01_510989433_m.swc,false,642b893b90f78e389355e0ad94f66030cbc1bf8f3546cbde34f97db4fa143664
act4,act4/Tlx3-Cre_PL56_Ai14-281781.04.02.03_651752277_m.swc,train,486,0,1,Isocortex_layer4,raw/allen_cell_type/swc/Tlx3-Cre_PL56_Ai14-281781.04.02.03_651752277_m.swc,Tlx3-Cre_PL56_Ai14-281781.04.02.03_651752277_m.swc,false,2d13adba3e7f88885d0825fec71fec7673524db4ec3d9b2c3bfa7017c560a23b
act4,act4/Sst-IRES-Cre_Ai14-183332.05.01.01_491771290_m.swc,train,487,5,2,Isocortex_layer5,raw/allen_cell_type/swc/Sst-IRES-Cre_Ai14-183332.05.01.01_491771290_m.swc,Sst-IRES-Cre_Ai14-183332.05.01.01_491771290_m.swc,false,3525bc0071dac5dba0bc9ac6cbd0aeb0f1105cf7e8c246e21432c2f39fa5c614
act4,act4/Vip-IRES-Cre_Ai14-287858.04.01.01_759905328_m.swc,train,488,0,1,Isocortex_layer4,raw/allen_cell_type/swc/Vip-IRES-Cre_Ai14-287858.04.01.01_759905328_m.swc,Vip-IRES-Cre_Ai14-287858.04.01.01_759905328_m.swc,false,c0e026f9daf64875a77c45e6f4d7388b9cf7825e38a7a14dd05b5823c85c78e8
act4,act4/Sst-IRES-Cre_Ai14-182533.02.02.01_508278915_m.swc,train,489,2,2,Isocortex_layer5,raw/allen_cell_type/swc/Sst-IRES-Cre_Ai14-182533.02.02.01_508278915_m.swc,Sst-IRES-Cre_Ai14-182533.02.02.01_508278915_m.swc,false,2a384d3b2b314eef53c4eeafb7ab48d215e842be1c9538472ef7d5f247146d5d
act4,act4/Sst-IRES-Cre_Ai14-173191.06.02.01_657301037_m.swc,test,490,9,0,Isocortex_layer23,raw/allen_cell_type/swc/Sst-IRES-Cre_Ai14-173191.06.02.01_657301037_m.swc,Sst-IRES-Cre_Ai14-173191.06.02.01_657301037_m.swc,false,a5082215111a01519e231d3dfcccdfc15045214e82a65a429f570a40287f9bf4
act4,act4/Rorb-IRES2-Cre-D_Ai14-196664.06.02.01_491392810_m.swc,train,491,6,2,Isocortex_layer5,raw/allen_cell_type/swc/Rorb-IRES2-Cre-D_Ai14-196664.06.02.01_491392810_m.swc,Rorb-IRES2-Cre-D_Ai14-196664.06.02.01_491392810_m.swc,false,c0f97eb7f41722302ffac2400c0af7b5877f24eafa2f5f2066e4cb3e998721b0
act4,act4/Rorb-IRES2-Cre-D_Ai14-201967.03.01.01_496123870_m.swc,train,492,4,1,Isocortex_layer4,raw/allen_cell_type/swc/Rorb-IRES2-Cre-D_Ai14-201967.03.01.01_496123870_m.swc,Rorb-IRES2-Cre-D_Ai14-201967.03.01.01_496123870_m.swc,false,f0010e40ad22e0bf6ee71b23b2cc218dbb2a6bfff998a52db357abfddd5d0ddb
act4,act4/Htr3a-Cre_NO152_Ai14-192819.04.02.01_491119743_m.swc,test,493,8,0,Isocortex_layer23,raw/allen_cell_type/swc/Htr3a-Cre_NO152_Ai14-192819.04.02.01_491119743_m.swc,Htr3a-Cre_NO152_Ai14-192819.04.02.01_491119743_m.swc,false,13af9ce80b0716e2ae7149feb6834776176ef2ed592408500f1fe6a33da1cfa7
act4,act4/Rorb-IRES2-Cre-D_Ai14-189122.05.01.01_508278755_m.swc,test,494,9,1,Isocortex_layer4,raw/allen_cell_type/swc/Rorb-IRES2-Cre-D_Ai14-189122.05.01.01_508278755_m.swc,Rorb-IRES2-Cre-D_Ai14-189122.05.01.01_508278755_m.swc,false,6eb803b00668601157619ff1c9232cd7e90787516e11a2ea45a0b7fbf66948bb
act4,act4/Scnn1a-Tg3-Cre_Ai14-187849.05.02.01_557344979_m.swc,train,495,1,1,Isocortex_layer4,raw/allen_cell_type/swc/Scnn1a-Tg3-Cre_Ai14-187849.05.02.01_557344979_m.swc,Scnn1a-Tg3-Cre_Ai14-187849.05.02.01_557344979_m.swc,false,ae45f0b0679f77c833b35a5d847287f8a08d93ee2c7ed70c468fe643d3d8fdec
act4,act4/Cux2-CreERT2_Ai14-211771.03.01.01_496123846_m.swc,train,496,3,1,Isocortex_layer4,raw/allen_cell_type/swc/Cux2-CreERT2_Ai14-211771.03.01.01_496123846_m.swc,Cux2-CreERT2_Ai14-211771.03.01.01_496123846_m.swc,false,d312899cada628d70fec43b14b0a242f9116e92f757cb77e2b3ad4b323dd91d1
act4,act4/Scnn1a-Tg2-Cre_Ai14-193643.02.02.01_491770934_m.swc,train,497,6,1,Isocortex_layer4,raw/allen_cell_type/swc/Scnn1a-Tg2-Cre_Ai14-193643.02.02.01_491770934_m.swc,Scnn1a-Tg2-Cre_Ai14-193643.02.02.01_491770934_m.swc,false,dbc7615141b25a6fc9b2dc77b73920a022d78e1bb8f86482c0b1fc1c98a43431
act4,act4/Scnn1a-Tg3-Cre_Ai14_IVSCC_-187852.04.02.01_484775243_m.swc,train,498,2,1,Isocortex_layer4,raw/allen_cell_type/swc/Scnn1a-Tg3-Cre_Ai14_IVSCC_-187852.04.02.01_484775243_m.swc,Scnn1a-Tg3-Cre_Ai14_IVSCC_-187852.04.02.01_484775243_m.swc,false,0e13f1d306394a9cdd90b9cf56a8c41797ada04e2ed2034f6fc24d219d994e58
act4,act4/Rorb-IRES2-Cre-D_Ai14-187416.05.01.01_491796267_m.swc,test,499,9,2,Isocortex_layer5,raw/allen_cell_type/swc/Rorb-IRES2-Cre-D_Ai14-187416.05.01.01_491796267_m.swc,Rorb-IRES2-Cre-D_Ai14-187416.05.01.01_491796267_m.swc,false,1442c00f9d8fd27a203a88261660996bb9ad6b8f6883b074516346a58898153c
act4,act4/Sst-IRES-Cre_Ai14-202729.03.02.01_496079506_m.swc,train,500,3,0,Isocortex_layer23,raw/allen_cell_type/swc/Sst-IRES-Cre_Ai14-202729.03.02.01_496079506_m.swc,Sst-IRES-Cre_Ai14-202729.03.02.01_496079506_m.swc,false,0a75bfb21598e259c6e5890664df4a9c44ae91840795a09d2a1715f98524bdb9
act4,act4/Ctgf-2A-dgCre_Ai14_IVSCC_-244246.05.01.01_537042261_m.swc,train,501,0,3,Isocortex_layer6,raw/allen_cell_type/swc/Ctgf-2A-dgCre_Ai14_IVSCC_-244246.05.01.01_537042261_m.swc,Ctgf-2A-dgCre_Ai14_IVSCC_-244246.05.01.01_537042261_m.swc,false,b65ca743045e1fec22f8ac37ce9388382e44260a72231fa8f906b91bd34e806b
act4,act4/Pvalb-IRES-Cre_Ai14-176852.02.02.01_495889701_m.swc,train,502,1,2,Isocortex_layer5,raw/allen_cell_type/swc/Pvalb-IRES-Cre_Ai14-176852.02.02.01_495889701_m.swc,Pvalb-IRES-Cre_Ai14-176852.02.02.01_495889701_m.swc,false,b8b3ad8ea8fff9635b7bfb5cc30a5ab0e4a8c956bd88957c82f477a8fa373979
act4,act4/Rbp4-Cre_KL100_Ai14-204744.04.01.01_496123897_m.swc,train,503,6,2,Isocortex_layer5,raw/allen_cell_type/swc/Rbp4-Cre_KL100_Ai14-204744.04.01.01_496123897_m.swc,Rbp4-Cre_KL100_Ai14-204744.04.01.01_496123897_m.swc,false,474eeee3d4bb604e44ff824a65ea274771c3524b60362f18c0562f68fa6c77a3
act4,act4/Sst-IRES-Cre_Ai14-184925.06.02.01_492413611_m.swc,train,504,4,0,Isocortex_layer23,raw/allen_cell_type/swc/Sst-IRES-Cre_Ai14-184925.06.02.01_492413611_m.swc,Sst-IRES-Cre_Ai14-184925.06.02.01_492413611_m.swc,false,c689cf35bee648838a8ca6b682280729bd46ee4a3a7aea31178b7fc77e57f3b8
act4,act4/Htr3a-Cre_NO152_Ai14-182004.05.02.01_491120373_m.swc,train,505,7,1,Isocortex_layer4,raw/allen_cell_type/swc/Htr3a-Cre_NO152_Ai14-182004.05.02.01_491120373_m.swc,Htr3a-Cre_NO152_Ai14-182004.05.02.01_491120373_m.swc,false,8161fe655c2568eefd8b1e248ff7991c679aacc8d24f595d031a4305d1232919
act4,act4/Rorb-IRES2-Cre-D_Ai14-197851.05.02.01_492413372_m.swc,train,506,4,2,Isocortex_layer5,raw/allen_cell_type/swc/Rorb-IRES2-Cre-D_Ai14-197851.05.02.01_492413372_m.swc,Rorb-IRES2-Cre-D_Ai14-197851.05.02.01_492413372_m.swc,false,a091a3c001a7b2e1c9b51da93172e127817bc16a11ed0f58031fd9c7c9c8643a
act4,act4/Nkx2-1-CreERT2_Ai14_BT_-278735.06.02.02_570682084_m.swc,train,507,5,0,Isocortex_layer23,raw/allen_cell_type/swc/Nkx2-1-CreERT2_Ai14_BT_-278735.06.02.02_570682084_m.swc,Nkx2-1-CreERT2_Ai14_BT_-278735.06.02.02_570682084_m.swc,false,8e3a4f24f023e08fdb0e2eeb9fdd8ddfe6f3731c96905e46001b6c73f6359e1b
act4,act4/Ctgf-2A-dgCre_Ai14_IVSCC_-240529.03.02.01_541533044_m.swc,test,508,8,3,Isocortex_layer6,raw/allen_cell_type/swc/Ctgf-2A-dgCre_Ai14_IVSCC_-240529.03.02.01_541533044_m.swc,Ctgf-2A-dgCre_Ai14_IVSCC_-240529.03.02.01_541533044_m.swc,false,cb7abd6838e3b4eeab2373438d9092e58b99277fd6f875b7c674646545aedb3c
act4,act4/Sst-IRES-Cre_Ai14-165865.05.02.01_491119537_m.swc,test,509,8,2,Isocortex_layer5,raw/allen_cell_type/swc/Sst-IRES-Cre_Ai14-165865.05.02.01_491119537_m.swc,Sst-IRES-Cre_Ai14-165865.05.02.01_491119537_m.swc,false,3618b3c5f55bcbf0df7ee5187e1cbcae0d59fa01a19f603f3be49158bde37d89
