dataset,sample_id,phase,source_index,fold,label_id,label_name,relative_path,filename,is_reg,content_sha256
bil6,bil6/1119749347_17109_1701-X8048-Y22277_reg.swc,train,0,6,4,Isocortex_layer6,raw/bil/swc/1119749347_17109_1701-X8048-Y22277_reg.swc,1119749347_17109_1701-X8048-Y22277_reg.swc,true,c773ff9b9d29066dbcd6a9af2c9c6c5d111ffdbc9ec369ecd51f4122a08e433a
bil6,bil6/1119749349_17109_1801-X6698-Y12550_reg.swc,test,1,9,4,Isocortex_layer6,raw/bil/swc/1119749349_17109_1801-X6698-Y12550_reg.swc,1119749349_17109_1801-X6698-Y12550_reg.swc,true,9d7c2bae717f95970bfae097908ab0ff6a890dccfc6a283bc3b15ec448356d2a
bil6,bil6/1119749351_17109_1901-X9602-Y10508_reg.swc,test,2,8,4,Isocortex_layer6,raw/bil/swc/1119749351_17109_1901-X9602-Y10508_reg.swc,1119749351_17109_1901-X9602-Y10508_reg.swc,true,05b80e609f682ca4c6c53c3c371ec9be072d752972283ef525523f8107fe2273
bil6,bil6/1119749353_17109_2201-X8046-Y23301_reg.swc,train,3,3,4,Isocortex_layer6,raw/bil/swc/1119749353_17109_2201-X8046-Y23301_reg.swc,1119749353_17109_2201-X8046-Y23301_reg.swc,true,f09d444abcc45305641f8ce4453383670772e45a6700f949bde580c60e75c738
bil6,bil6/1119749356_17109_2301-X8535-Y23051_reg.swc,train,4,3,4,Isocortex_layer6,raw/bil/swc/1119749356_17109_2301-X8535-Y23051_reg.swc,1119749356_17109_2301-X8535-Y23051_reg.swc,true,d0e80b659c9165e717b000eefa15d6d49b1b257822b5a655a7ea620572a07680
bil6,bil6/1119749358_17109_2301-X9418-Y23665_reg.swc,train,5,1,4,Isocortex_layer6,raw/bil/swc/1119749358_17109_2301-X9418-Y23665_reg.swc,1119749358_17109_2301-X9418-Y23665_reg.swc,true,7932273169be13a08595ea884db172871b8004b611f4e6b89595b6620973262d
bil6,bil6/1119749362_17109_2401-X9338-Y2394_reg.swc,train,6,7,4,Isocortex_layer6,raw/bil/swc/1119749362_17109_2401-X9338-Y2394_reg.swc,1119749362_17109_2401-X9338-Y2394_reg.swc,true,39ab6f6e3ed7f7222b8311fb141353a895d0b9192d6172efe74fb86eaba6fc0a
bil6,bil6/1119749360_17109_2401-X8977-Y24184_reg.swc,train,7,7,4,Isocortex_layer6,raw/bil/swc/1119749360_17109_2401-X8977-Y24184_reg.swc,1119749360_17109_2401-X8977-Y24184_reg.swc,true,4521c3aa470757cde7176c00cc073479e85e82b6280e850ae1d3466aeba0a6b1
bil6,bil6/1119749366_17109_2401-X9954-Y9122_reg.swc,train,8,5,4,Isocortex_layer6,raw/bil/swc/1119749366_17109_2401-X9954-Y9122_reg.swc,1119749366_17109_2401-X9954-Y9122_reg.swc,true,97fa9abd67108515a431e46939c9956671001c2c9e6ebfe2f44f7ff634715001
bil6,bil6/1119749374_17109_2601-X9498-Y8169_reg.swc,train,12,4,4,Isocortex_layer6,raw/bil/swc/1119749374_17109_2601-X9498-Y8169_reg.swc,1119749374_17109_2601-X9498-Y8169_reg.swc,true,bcc2dc356515944a4fc950bd3db4de9d653e762ac4f3baa8a45ceb4dba68acf1
bil6,bil6/1119749378_17109_3701-X9228-Y26684_reg.swc,train,15,7,4,Isocortex_layer6,raw/bil/swc/1119749378_17109_3701-X9228-Y26684_reg.swc,1119749378_17109_3701-X9228-Y26684_reg.swc,true,43f5295fabb3570bf2182f15e6a8c2da1affc9f9926dc4cb758ed1532011bd30
bil6,bil6/1119749380_17109_4101-X6753-Y6197_reg.swc,train,16,5,4,Isocortex_layer6,raw/bil/swc/1119749380_17109_4101-X6753-Y6197_reg.swc,1119749380_17109_4101-X6753-Y6197_reg.swc,true,fc56dc0f71e27cc1cbeff6be0ddb9742ff596e620133eab535e42671d3be94af
bil6,bil6/1119749383_17109_4764-X6621-Y5727_reg.swc,train,17,1,4,Isocortex_layer6,raw/bil/swc/1119749383_17109_4764-X6621-Y5727_reg.swc,1119749383_17109_4764-X6621-Y5727_reg.swc,true,b9640020480bfb3801dae99bf19b1c78d8d99af16cf013ceaec4ceb391fa15be
bil6,bil6/1119749386_17109_4772-X9038-Y27257_reg.swc,train,18,0,4,Isocortex_layer6,raw/bil/swc/1119749386_17109_4772-X9038-Y27257_reg.swc,1119749386_17109_4772-X9038-Y27257_reg.swc,true,e8b717c420fa7242a07efe56533dd95d2dec5883b070b99be16b51fa2d1e9f89
bil6,bil6/1119749388_17109_6201-X4328-Y6753_reg.swc,train,19,6,4,Isocortex_layer6,raw/bil/swc/1119749388_17109_6201-X4328-Y6753_reg.swc,1119749388_17109_6201-X4328-Y6753_reg.swc,true,c747a28c7301b58d42f80367348ec9aa1c3562de8da22b114e73d5cc07530038
bil6,bil6/1119749390_17109_6301-X4756-Y24516_reg.swc,train,20,1,4,Isocortex_layer6,raw/bil/swc/1119749390_17109_6301-X4756-Y24516_reg.swc,1119749390_17109_6301-X4756-Y24516_reg.swc,true,6c38117267d51e36d78b19d620df59358e7a91c88ad213521c3e525ebff6fbc3
bil6,bil6/1119749394_17109_6401-X7989-Y3767_reg.swc,train,21,7,4,Isocortex_layer6,raw/bil/swc/1119749394_17109_6401-X7989-Y3767_reg.swc,1119749394_17109_6401-X7989-Y3767_reg.swc,true,b1287c351a20d0e66c6f49435e302eef1c4dd0f02e4a5eab6e3eee0fd95a045d
bil6,bil6/1119749392_17109_6401-X7641-Y3978_reg.swc,train,22,2,4,Isocortex_layer6,raw/bil/swc/1119749392_17109_6401-X7641-Y3978_reg.swc,1119749392_17109_6401-X7641-Y3978_reg.swc,true,a14fe174016da176257e24fbd430acffe4b7c44c56dd15cf85d6a286128092db
bil6,bil6/1119749396_17109_6501-X6997-Y4287_reg.swc,train,23,7,4,Isocortex_layer6,raw/bil/swc/1119749396_17109_6501-X6997-Y4287_reg.swc,1119749396_17109_6501-X6997-Y4287_reg.swc,true,1442d383a96b4173e0eed454ea6776935a0114a18cbe1241aea33df0ad14740c
bil6,bil6/1119749400_17109_6601-X5417-Y25287_reg.swc,train,24,5,4,Isocortex_layer6,raw/bil/swc/1119749400_17109_6601-X5417-Y25287_reg.swc,1119749400_17109_6601-X5417-Y25287_reg.swc,true,adaf352e1c575fd838310f6eaa8b599b207376716d864b1e3e110d0d8b3f1621
bil6,bil6/1119749398_17109_6601-X4384-Y7436_reg.swc,train,25,7,4,Isocortex_layer6,raw/bil/swc/1119749398_17109_6601-X4384-Y7436_reg.swc,1119749398_17109_6601-X4384-Y7436_reg.swc,true,91f426560ab7446ec7d5a523dd6d245209d01c4f2015691db7d23852d590923a
bil6,bil6/1119749402_17109_6801-X7432-Y4405_reg.swc,train,26,2,4,Isocortex_layer6,raw/bil/swc/1119749402_17109_6801-X7432-Y4405_reg.swc,1119749402_17109_6801-X7432-Y4405_reg.swc,true,ccf585dc9be915176ddd661dd42104141170140af0ac7049a3b6b032992c725a
bil6,bil6/1119749404_17109_6901-X7203-Y26714_reg.swc,train,27,7,4,Isocortex_layer6,raw/bil/swc/1119749404_17109_6901-X7203-Y26714_reg.swc,1119749404_17109_6901-X7203-Y26714_reg.swc,true,a0729c8cffebe3a26f65a03247bc5dacab21a23b513ec7df878c1f6254972ea3
bil6,bil6/1119749408_17109_7001-X6205-Y5194_reg.swc,train,28,6,4,Isocortex_layer6,raw/bil/swc/1119749408_17109_7001-X6205-Y5194_reg.swc,1119749408_17109_7001-X6205-Y5194_reg.swc,true,9c70f31a5efa18528b9dc3f1f91a1f3709873cf6edc5724ca80470aeac0bd702
bil6,bil6/1119749406_17109_7001-X5738-Y6470_reg.swc,test,29,8,4,Isocortex_layer6,raw/bil/swc/1119749406_17109_7001-X5738-Y6470_reg.swc,1119749406_17109_7001-X5738-Y6470_reg.swc,true,78b335b90ad298155c4157044c23793641e893e982bce1893ca195a59cc219fa
bil6,bil6/1119749410_17300_3426-X20339-Y44872_reg.swc,train,30,2,3,Isocortex_layer5,raw/bil/swc/1119749410_17300_3426-X20339-Y44872_reg.swc,1119749410_17300_3426-X20339-Y44872_reg.swc,true,909d53c6d659b59bf92f17ae0f4bf328ff0500a542d7912f02d13cd1f926e071
bil6,bil6/1119749412_17300_3514-X19676-Y45282_reg.swc,train,31,3,3,Isocortex_layer5,raw/bil/swc/1119749412_17300_3514-X19676-Y45282_reg.swc,1119749412_17300_3514-X19676-Y45282_reg.swc,true,115f0e2f4dab77c2a60ef935389054a13e1b4c6b581085ff21e6f415db9d0f4d
bil6,bil6/1119749414_17300_5571-X27063-Y39610_reg.swc,test,32,8,3,Isocortex_layer5,raw/bil/swc/1119749414_17300_5571-X27063-Y39610_reg.swc,1119749414_17300_5571-X27063-Y39610_reg.swc,true,d04b572f9d56dd8b78355ea7dfeb86a66805cda954564c30531ad0d26348cc8c
bil6,bil6/1119749416_17300_5896-X24862-Y27320_reg.swc,train,33,7,3,Isocortex_layer5,raw/bil/swc/1119749416_17300_5896-X24862-Y27320_reg.swc,1119749416_17300_5896-X24862-Y27320_reg.swc,true,42175322c7633b31dd6a68f4c9bad70054f5d54f6e56252ce539a27eab3bdae2
bil6,bil6/1119749418_17300_5969-X27278-Y20820_reg.swc,train,34,7,3,Isocortex_layer5,raw/bil/swc/1119749418_17300_5969-X27278-Y20820_reg.swc,1119749418_17300_5969-X27278-Y20820_reg.swc,true,b224a2f210609487ad0f8b3014e293c6dec0a335b72d6b1b1d2ed25562d6f47f
bil6,bil6/1119749420_17300_6010-X23413-Y13446_reg.swc,test,35,9,3,Isocortex_layer5,raw/bil/swc/1119749420_17300_6010-X23413-Y13446_reg.swc,1119749420_17300_6010-X23413-Y13446_reg.swc,true,b8a6459d7d7a4cbe9f73099334db99dde4736c7ff77be5a0ab4340468235926c
bil6,bil6/1119749422_17302_1892-X17514-Y37780_reg.swc,train,36,1,0,CP,raw/bil/swc/1119749422_17302_1892-X17514-Y37780_reg.swc,1119749422_17302_1892-X17514-Y37780_reg.swc,true,e3b6ab77c87804c8ee92818e59586407888483dc35d0700f2db60b96eb7612ac
bil6,bil6/1119749424_17302_2262-X17832-Y40338_reg.swc,test,37,8,0,CP,raw/bil/swc/1119749424_17302_2262-X17832-Y40338_reg.swc,1119749424_17302_2262-X17832-Y40338_reg.swc,true,50cb23a6fe00c5ecf70b5315316387a5de50ccbbaf64c9a941564e0b78a33a9e
bil6,bil6/1119749426_17302_2298-X18872-Y21546_reg.swc,train,38,4,0,CP,raw/bil/swc/1119749426_17302_2298-X18872-Y21546_reg.swc,1119749426_17302_2298-X18872-Y21546_reg.swc,true,ca1bff0821c4e1fb1a5aa9fa7a9cf0224c8cce498bd459bb9dc15345f791b098
bil6,bil6/1119749428_17302_2300-X15085-Y35257_reg.swc,train,39,6,0,CP,raw/bil/swc/1119749428_17302_2300-X15085-Y35257_reg.swc,1119749428_17302_2300-X15085-Y35257_reg.swc,true,ec63272182f698e4a6f22f7d7e851bf860cf5e5010e2ef93fabdb3be6c67d81c
bil6,bil6/1119749431_17302_2332-X18576-Y20014_reg.swc,train,40,0,0,CP,raw/bil/swc/1119749431_17302_2332-X18576-Y20014_reg.swc,1119749431_17302_2332-X18576-Y20014_reg.swc,true,99bfcd86e5b1edac39036128782ae7b5b080fa63e89c39c4c8ae2cda809973c8
bil6,bil6/1119749433_17302_2340-X21078-Y36654_reg.swc,train,41,5,0,CP,raw/bil/swc/1119749433_17302_2340-X21078-Y36654_reg.swc,1119749433_17302_2340-X21078-Y36654_reg.swc,true,47c2726200e80d2c6bcf0164d02de9769effb226edd0de7f06204fff701cfc7f
bil6,bil6/1119749435_17302_2366-X21571-Y23448_reg.swc,train,42,3,0,CP,raw/bil/swc/1119749435_17302_2366-X21571-Y23448_reg.swc,1119749435_17302_2366-X21571-Y23448_reg.swc,true,c5233653c6a119a849ebf166048ae310e5d21c33b00fbff39b27b1096c69e6be
bil6,bil6/1119749437_17302_2400-X18340-Y17942_reg.swc,test,43,9,0,CP,raw/bil/swc/1119749437_17302_2400-X18340-Y17942_reg.swc,1119749437_17302_2400-X18340-Y17942_reg.swc,true,3646c6addffddda1f77a78e57712381e7935dc9d14341995aa26fde51308ad3e
bil6,bil6/1119749439_17302_2406-X20160-Y35118_reg.swc,train,44,7,0,CP,raw/bil/swc/1119749439_17302_2406-X20160-Y35118_reg.swc,1119749439_17302_2406-X20160-Y35118_reg.swc,true,d650e91eeb16d37319b301e67b33dc70103bc1adaf7528a131b53e3cb647ff9e
bil6,bil6/1119749441_17302_2416-X18816-Y39212_reg.swc,train,45,2,0,CP,raw/bil/swc/1119749441_17302_2416-X18816-Y39212_reg.swc,1119749441_17302_2416-X18816-Y39212_reg.swc,true,2a21714d203083293f927e06707c4ab1eb59c73c83b53cb1f59970b1c733aef5
bil6,bil6/1119749443_17302_2522-X19768-Y17660_reg.swc,test,46,8,0,CP,raw/bil/swc/1119749443_17302_2522-X19768-Y17660_reg.swc,1119749443_17302_2522-X19768-Y17660_reg.swc,true,8040b468ff454773746bf0538faf2c524718272424ce6e6358c90adc0491f064
bil6,bil6/1119749445_17302_2540-X20930-Y37312_reg.swc,train,47,4,0,CP,raw/bil/swc/1119749445_17302_2540-X20930-Y37312_reg.swc,1119749445_17302_2540-X20930-Y37312_reg.swc,true,266e511963942af3f6e8cf58e36a501fa8f98298252a81e8ca52652c1bd80c50
bil6,bil6/1119749447_17302_2595-X14957-Y42174_reg.swc,train,48,2,0,CP,raw/bil/swc/1119749447_17302_2595-X14957-Y42174_reg.swc,1119749447_17302_2595-X14957-Y42174_reg.swc,true,51e9b9d96225ee7be51ec0ba52840973002458462ae821b60c5d720f0c459ff8
bil6,bil6/1119749449_17302_2634-X14565-Y41960_reg.swc,train,49,6,0,CP,raw/bil/swc/1119749449_17302_2634-X14565-Y41960_reg.swc,1119749449_17302_2634-X14565-Y41960_reg.swc,true,9e48f69249f5f0f3024c14da84a61e740af790934b00a96c5fd9bfe514575a88
bil6,bil6/1119749453_17302_2635-X19764-Y37280_reg.swc,train,50,3,0,CP,raw/bil/swc/1119749453_17302_2635-X19764-Y37280_reg.swc,1119749453_17302_2635-X19764-Y37280_reg.swc,true,5b3eb0245b8946c8d9be2e3102b57f8c8c40527482fcc0b8e863755740a8be23
bil6,bil6/1119749455_17302_2643-X14652-Y40496_reg.swc,test,51,9,0,CP,raw/bil/swc/1119749455_17302_2643-X14652-Y40496_reg.swc,1119749455_17302_2643-X14652-Y40496_reg.swc,true,4ee252a74592ab1ab0575d8fa868c2420ebc5c133e02cdc25a5180ade80ebc53
bil6,bil6/1119749457_17302_2698-X14744-Y41462_reg.swc,train,52,0,0,CP,raw/bil/swc/1119749457_17302_2698-X14744-Y41462_reg.swc,1119749457_17302_2698-X14744-Y41462_reg.swc,true,d5dcb90a0ac1943b406d9313d4645ae4a34837ae5154da2f29f71fe6cbf53a43
bil6,bil6/1119749459_17302_2712-X16174-Y42325_reg.swc,train,53,1,0,CP,raw/bil/swc/1119749459_17302_2712-X16174-Y42325_reg.swc,1119749459_17302_2712-X16174-Y42325_reg.swc,true,4092497fce45828673e770f540c73c08d511958a24a1f26959a15ed8417511f0
bil6,bil6/1119749461_17302_2749-X14380-Y42169_reg.swc,train,54,7,0,CP,raw/bil/swc/1119749461_17302_2749-X14380-Y42169_reg.swc,1119749461_17302_2749-X14380-Y42169_reg.swc,true,2e006804d8bea0967c60cb35fd058e45a44afd2034a0863203326488a2b38aee
bil6,bil6/1119749465_17302_2760-X16282-Y41922_reg.swc,train,55,5,0,CP,raw/bil/swc/1119749465_17302_2760-X16282-Y41922_reg.swc,1119749465_17302_2760-X16282-Y41922_reg.swc,true,e95ea3854176985f462e0107cc0badd9ef4afb4990ce0d2ac4b07f0bd0aed94e
bil6,bil6/1119749463_17302_2760-X14753-Y42111_reg.swc,test,56,8,0,CP,raw/bil/swc/1119749463_17302_2760-X14753-Y42111_reg.swc,1119749463_17302_2760-X14753-Y42111_reg.swc,true,7a9f25ea1fc1ff999ab14370b0c38dc8a777c71360b49814df43ff613df6e162
bil6,bil6/1119749467_17302_2768-X22642-Y21834_reg.swc,train,57,2,0,CP,raw/bil/swc/1119749467_17302_2768-X22642-Y21834_reg.swc,1119749467_17302_2768-X22642-Y21834_reg.swc,true,269359f693614e3f8ec33427d9b7de88dac48412af4893e2f21d638e9bb26df9
bil6,bil6/1119749469_17302_2770-X12479-Y41606_reg.swc,train,58,5,0,CP,raw/bil/swc/1119749469_17302_2770-X12479-Y41606_reg.swc,1119749469_17302_2770-X12479-Y41606_reg.swc,true,3fe9d24cd5e3e33f636e96353b1983f2310d5a8e733bcc1578e0991e8eb06bb7
bil6,bil6/1119749471_17302_2771-X20862-Y19117_reg.swc,test,59,9,0,CP,raw/bil/swc/1119749471_17302_2771-X20862-Y19117_reg.swc,1119749471_17302_2771-X20862-Y19117_reg.swc,true,8b79fcbee3b6486756888e13943df6b950f03ab5d88ff1ff672c71be08d534fe
bil6,bil6/1119749473_17302_2798-X19112-Y41280_reg.swc,train,60,1,0,CP,raw/bil/swc/1119749473_17302_2798-X19112-Y41280_reg.swc,1119749473_17302_2798-X19112-Y41280_reg.swc,true,ef7960e277baa46d0980ffa472cf17b7224d974052288c5d0c5c43b7941d4e97
bil6,bil6/1119749475_17302_2799-X14358-Y42117_reg.swc,train,61,3,0,CP,raw/bil/swc/1119749475_17302_2799-X14358-Y42117_reg.swc,1119749475_17302_2799-X14358-Y42117_reg.swc,true,e21c90ec3722aa507ec56c5c8037bcfc16fe0c060935d1f58fda270a853ff30f
bil6,bil6/1119749478_17302_2828-X14498-Y42598_reg.swc,train,62,0,0,CP,raw/bil/swc/1119749478_17302_2828-X14498-Y42598_reg.swc,1119749478_17302_2828-X14498-Y42598_reg.swc,true,5ed018e3301ac9f2a21506a97b8fce17aaf86df3cb33ccf912cd6f24f83786da
bil6,bil6/1119749480_17302_2849-X21399-Y18588_reg.swc,train,63,6,0,CP,raw/bil/swc/1119749480_17302_2849-X21399-Y18588_reg.swc,1119749480_17302_2849-X21399-Y18588_reg.swc,true,1d9a7f382705b8b4d94c257797a949e0b1152126c48589df30eece23773426e8
bil6,bil6/1119749482_17302_2909-X19230-Y16207_reg.swc,train,64,4,0,CP,raw/bil/swc/1119749482_17302_2909-X19230-Y16207_reg.swc,1119749482_17302_2909-X19230-Y16207_reg.swc,true,45502f43b93799778eccb2a0e3bbac54eddf9ca0401289de3094e189111facc6
bil6,bil6/1119749484_17302_2914-X17153-Y16362_reg.swc,train,65,7,0,CP,raw/bil/swc/1119749484_17302_2914-X17153-Y16362_reg.swc,1119749484_17302_2914-X17153-Y16362_reg.swc,true,0f1c0ad3ad52376a9d4ec3fa113f6d8cf7ee73fe6cea2eabcdc3bd6af09944a8
bil6,bil6/1119749486_17302_2936-X18680-Y17506_reg.swc,test,66,9,0,CP,raw/bil/swc/1119749486_17302_2936-X18680-Y17506_reg.swc,1119749486_17302_2936-X18680-Y17506_reg.swc,true,78ea6628a9b7355b34c334501a3e3e51a15469807f974a2bcdb47f76ce5c3714
bil6,bil6/1119749490_17302_2952-X16201-Y15609_reg.swc,train,67,4,0,CP,raw/bil/swc/1119749490_17302_2952-X16201-Y15609_reg.swc,1119749490_17302_2952-X16201-Y15609_reg.swc,true,1cc4fdf111471fec2d0b97527da0ac7f3ddf517977f022502edac3f5de4218db
bil6,bil6/1119749492_17302_2972-X21903-Y21526_reg.swc,test,68,8,0,CP,raw/bil/swc/1119749492_17302_2972-X21903-Y21526_reg.swc,1119749492_17302_2972-X21903-Y21526_reg.swc,true,92d6f0885291ed7e7f532252464dbf9a60323771b0d2e6f442b8cd7bdda9d14c
bil6,bil6/1119749494_17302_2978-X18236-Y16472_reg.swc,train,69,3,0,CP,raw/bil/swc/1119749494_17302_2978-X18236-Y16472_reg.swc,1119749494_17302_2978-X18236-Y16472_reg.swc,true,14b1ef9c1974cb402c1bc190441250bda31258439a78f1645019e18e656a01ed
bil6,bil6/1119749496_17302_3041-X22691-Y20861_reg.swc,train,70,1,0,CP,raw/bil/swc/1119749496_17302_3041-X22691-Y20861_reg.swc,1119749496_17302_3041-X22691-Y20861_reg.swc,true,21463e8bc3c9b05a402e67ff09e9ec482c0d3ba12bdde408a7788d63556764e4
bil6,bil6/1119749498_17302_3044-X14958-Y17061_reg.swc,train,71,6,0,CP,raw/bil/swc/1119749498_17302_3044-X14958-Y17061_reg.swc,1119749498_17302_3044-X14958-Y17061_reg.swc,true,e260ef4945865f21d8133e260be69a21960ee5ea383396a5cc9cd33de87d2195
bil6,bil6/1119749500_17302_3054-X17723-Y15949_reg.swc,train,72,7,0,CP,raw/bil/swc/1119749500_17302_3054-X17723-Y15949_reg.swc,1119749500_17302_3054-X17723-Y15949_reg.swc,true,eeb3ba6ed924cc7dc10370bf3330b968ad6322b410c04f4210d5d612811d9a46
bil6,bil6/1119749502_17302_3063-X16234-Y15505_reg.swc,train,73,5,0,CP,raw/bil/swc/1119749502_17302_3063-X16234-Y15505_reg.swc,1119749502_17302_3063-X16234-Y15505_reg.swc,true,5352af43560ed27ddc198faf61fd8dc6cb38f79d14fb78a015d4b9b90a5a82c0
bil6,bil6/1119749504_17302_3072-X18275-Y16230_reg.swc,train,74,0,0,CP,raw/bil/swc/1119749504_17302_3072-X18275-Y16230_reg.swc,1119749504_17302_3072-X18275-Y16230_reg.swc,true,0fdc6035ba9ac7942833bfb31c7ff9ff792a2a6c07312acdd40e2a244e5e9441
bil6,bil6/1119749506_17302_3096-X16415-Y15069_reg.swc,train,75,2,0,CP,raw/bil/swc/1119749506_17302_3096-X16415-Y15069_reg.swc,1119749506_17302_3096-X16415-Y15069_reg.swc,true,9ee902aa5937bce0fa8ad8cacd1384a4c38724c2f7f21540a9b547f108dfc8bf
bil6,bil6/1119749508_17302_3104-X20212-Y16377_reg.swc,train,76,3,0,CP,raw/bil/swc/1119749508_17302_3104-X20212-Y16377_reg.swc,1119749508_17302_3104-X20212-Y16377_reg.swc,true,20ba4aea30e46536bd34b4d28fdd8beb342f4581b54be377764c09b1395c3984
bil6,bil6/1119749510_17302_3110-X18082-Y15784_reg.swc,train,77,4,0,CP,raw/bil/swc/1119749510_17302_3110-X18082-Y15784_reg.swc,1119749510_17302_3110-X18082-Y15784_reg.swc,true,e93a120c0808d85a4c09f2499156c3aacaad5c2a70c58969adb4d95d5e4d15c2
bil6,bil6/1119749512_17302_3119-X22794-Y23135_reg.swc,train,78,0,0,CP,raw/bil/swc/1119749512_17302_3119-X22794-Y23135_reg.swc,1119749512_17302_3119-X22794-Y23135_reg.swc,true,b26bebe6ef5fcf92c1f6c7a586cc5c6ab6b28d4f7dcc9cb946e462f9ecf91158
bil6,bil6/1119749515_17302_3122-X23279-Y24054_reg.swc,test,79,9,0,CP,raw/bil/swc/1119749515_17302_3122-X23279-Y24054_reg.swc,1119749515_17302_3122-X23279-Y24054_reg.swc,true,d4eede394ae368e55c9d4b5fc68a699a4295e8e0b5ac4ada5284394994dbdf9d
bil6,bil6/1119749517_17302_3130-X13812-Y42025_reg.swc,train,80,7,0,CP,raw/bil/swc/1119749517_17302_3130-X13812-Y42025_reg.swc,1119749517_17302_3130-X13812-Y42025_reg.swc,true,ae04d510d8a2e78df5329ba1670afe48c5c68a36795d47dce62f7e632a58669c
bil6,bil6/1119749519_17302_3169-X17114-Y15565_reg.swc,train,81,6,0,CP,raw/bil/swc/1119749519_17302_3169-X17114-Y15565_reg.swc,1119749519_17302_3169-X17114-Y15565_reg.swc,true,d9a097658f4c47b62fd301b9efd32dd8199d1c8bf5d45370435f79bd26486c84
bil6,bil6/1119749521_17302_3203-X16998-Y15661_reg.swc,test,82,8,0,CP,raw/bil/swc/1119749521_17302_3203-X16998-Y15661_reg.swc,1119749521_17302_3203-X16998-Y15661_reg.swc,true,18a2e901f76fd4d9c1ae42c35218370ce5ff2b3deed75d8d7ce88058843eb2b8
bil6,bil6/1119749523_17302_3218-X17695-Y15518_reg.swc,train,83,2,0,CP,raw/bil/swc/1119749523_17302_3218-X17695-Y15518_reg.swc,1119749523_17302_3218-X17695-Y15518_reg.swc,true,a521c43f3e93932cd0840f24734058d0f6dec7d9bd8dabcc5df97095312a4a74
bil6,bil6/1119749525_17302_3261-X18988-Y15755_reg.swc,train,84,5,0,CP,raw/bil/swc/1119749525_17302_3261-X18988-Y15755_reg.swc,1119749525_17302_3261-X18988-Y15755_reg.swc,true,84379598d86e8cc4ed9d88839da01a9495ba35a275b0f18d8822357a706995a9
bil6,bil6/1119749527_17302_3261-X23296-Y20328_reg.swc,train,85,1,0,CP,raw/bil/swc/1119749527_17302_3261-X23296-Y20328_reg.swc,1119749527_17302_3261-X23296-Y20328_reg.swc,true,49809c8095c3b1ae442f6a5045b395b326a101d3b4ef5280b0acf3fd4778241f
bil6,bil6/1119749529_17302_3299-X20775-Y18296_reg.swc,test,86,9,0,CP,raw/bil/swc/1119749529_17302_3299-X20775-Y18296_reg.swc,1119749529_17302_3299-X20775-Y18296_reg.swc,true,ec73f06518a856ceca7a9808a273b0d84ecb76932dec56b0eebb47698e3a9f28
bil6,bil6/1119749533_17302_3315-X22439-Y36402_reg.swc,train,87,5,0,CP,raw/bil/swc/1119749533_17302_3315-X22439-Y36402_reg.swc,1119749533_17302_3315-X22439-Y36402_reg.swc,true,2400582217274ef95df8bf029364340686ded2ce868c3530731e9e3b4792bea6
bil6,bil6/1119749537_17302_3700-X22121-Y18606_reg.swc,test,89,8,0,CP,raw/bil/swc/1119749537_17302_3700-X22121-Y18606_reg.swc,1119749537_17302_3700-X22121-Y18606_reg.swc,true,29723a637172d2ff6ecc5597679c9612d37f72594b40f56bf8d3ec8925585226
bil6,bil6/1119749543_17302_4129-X13743-Y43876_reg.swc,train,92,7,0,CP,raw/bil/swc/1119749543_17302_4129-X13743-Y43876_reg.swc,1119749543_17302_4129-X13743-Y43876_reg.swc,true,59d9b50d7124204ec6ba2d1fd86ee60af58cc8914936dfeebe47ed9e1e7225d7
bil6,bil6/1119749545_17302_4155-X16627-Y38849_reg.swc,test,93,9,5,VPM,raw/bil/swc/1119749545_17302_4155-X16627-Y38849_reg.swc,1119749545_17302_4155-X16627-Y38849_reg.swc,true,f9fbb32810d2e3b903771c52aabd81ef6dedd5e7129aa3085b2f909a7679eba3
bil6,bil6/1119749551_17302_4388-X16635-Y39155_reg.swc,train,96,0,5,VPM,raw/bil/swc/1119749551_17302_4388-X16635-Y39155_reg.swc,1119749551_17302_4388-X16635-Y39155_reg.swc,true,594f442dd7975d51a174d211615699d7f1a093ecd17838f7c3ff139cc87aedd3
bil6,bil6/1119749554_17302_4431-X17320-Y21960_reg.swc,test,97,8,5,VPM,raw/bil/swc/1119749554_17302_4431-X17320-Y21960_reg.swc,1119749554_17302_4431-X17320-Y21960_reg.swc,true,0047e1c06c13cbf40d6c18dd40d22ab465991eaeb7f4126667cb3c05d7242a02
bil6,bil6/1119749557_17302_4570-X16585-Y38434_reg.swc,train,98,1,5,VPM,raw/bil/swc/1119749557_17302_4570-X16585-Y38434_reg.swc,1119749557_17302_4570-X16585-Y38434_reg.swc,true,4a8475bb2f0a101ddedc6af861c433d070c9caf2b43fd3d38fd225a0460e6a4c
bil6,bil6/1119749563_17302_4580-X16477-Y14183_reg.swc,train,99,4,0,CP,raw/bil/swc/1119749563_17302_4580-X16477-Y14183_reg.swc,1119749563_17302_4580-X16477-Y14183_reg.swc,true,f925ca3ddf2c0b05437b02ddb69cd21fec6c61f25c33ffbdcef37f4f22a7cf7f
bil6,bil6/1119749566_17302_4598-X16630-Y39046_reg.swc,train,100,3,5,VPM,raw/bil/swc/1119749566_17302_4598-X16630-Y39046_reg.swc,1119749566_17302_4598-X16630-Y39046_reg.swc,true,3178fbccdee5012525a1842f992c2579a6aee2fdd75ab3be318dc24f51e41238
bil6,bil6/1119749575_17302_4765-X18772-Y19445_reg.swc,train,104,7,5,VPM,raw/bil/swc/1119749575_17302_4765-X18772-Y19445_reg.swc,1119749575_17302_4765-X18772-Y19445_reg.swc,true,3b760eb8139a08516de3035e945789ef0efdb57f8669bb9eaa6163a3472cf584
bil6,bil6/1119749579_17302_4806-X16491-Y22989_reg.swc,train,105,6,5,VPM,raw/bil/swc/1119749579_17302_4806-X16491-Y22989_reg.swc,1119749579_17302_4806-X16491-Y22989_reg.swc,true,3e79b3acbf8b5ab355839af2c89e2fc003efdfce3bb93e3341a7dfc74caf9a84
bil6,bil6/1119749648_17545_2764-X19932-Y34488_reg.swc,train,127,1,0,CP,raw/bil/swc/1119749648_17545_2764-X19932-Y34488_reg.swc,1119749648_17545_2764-X19932-Y34488_reg.swc,true,65993cec8f3898dbb3b56271a2e2415b90e1cd3c56d374520d0971ebce93989d
bil6,bil6/1119749650_17545_2830-X19566-Y19041_reg.swc,train,128,3,0,CP,raw/bil/swc/1119749650_17545_2830-X19566-Y19041_reg.swc,1119749650_17545_2830-X19566-Y19041_reg.swc,true,8abd2906a5999b5237f726b59d8de5da3e61e1347af4464b1b9bd16d648c97e3
bil6,bil6/1119749652_17545_2919-X24288-Y17401_reg.swc,train,129,6,0,CP,raw/bil/swc/1119749652_17545_2919-X24288-Y17401_reg.swc,1119749652_17545_2919-X24288-Y17401_reg.swc,true,64578d83d27f5f75a4c3905ab0078493be3c0af21bf34b136ba47bcb7eba1480
bil6,bil6/1119749654_17545_2935-X21981-Y16571_reg.swc,train,130,0,0,CP,raw/bil/swc/1119749654_17545_2935-X21981-Y16571_reg.swc,1119749654_17545_2935-X21981-Y16571_reg.swc,true,0fd232b91e1ae45f41508c5243147b10686d3fa976aa7b87b529c9f8b1ee1764
bil6,bil6/1119749656_17545_2970-X26084-Y33195_reg.swc,train,131,2,0,CP,raw/bil/swc/1119749656_17545_2970-X26084-Y33195_reg.swc,1119749656_17545_2970-X26084-Y33195_reg.swc,true,acb8a0a47ac867508588d0fe139ae9ec46058084067ec18fac3f22f5e6158bbd
bil6,bil6/1119749658_17545_3035-X23970-Y16619_reg.swc,train,132,4,0,CP,raw/bil/swc/1119749658_17545_3035-X23970-Y16619_reg.swc,1119749658_17545_3035-X23970-Y16619_reg.swc,true,fad9cf20f22f881f288e2cb2dec7450eb9c3011c5d456b5e79a44b9574413fb5
bil6,bil6/1119749660_17545_3060-X25293-Y35610_reg.swc,train,133,0,0,CP,raw/bil/swc/1119749660_17545_3060-X25293-Y35610_reg.swc,1119749660_17545_3060-X25293-Y35610_reg.swc,true,e4a717d9acf21eec66dd6fddc5e05b38a2e634ac73984e58d4c4ded35a74f679
bil6,bil6/1119749663_17545_3071-X26840-Y32354_reg.swc,test,134,9,0,CP,raw/bil/swc/1119749663_17545_3071-X26840-Y32354_reg.swc,1119749663_17545_3071-X26840-Y32354_reg.swc,true,a64a278e62ed2851ebd41ba5d36e7b0b35d7df496f8acf8960f3962ae99e7719
bil6,bil6/1119749665_17545_3134-X21894-Y19320_reg.swc,train,135,2,0,CP,raw/bil/swc/1119749665_17545_3134-X21894-Y19320_reg.swc,1119749665_17545_3134-X21894-Y19320_reg.swc,true,088bec67cb49271a6029ffe85f98a97fb8b2319c53ce19399ded082ddc451ded
bil6,bil6/1119749667_17545_3152-X18316-Y16064_reg.swc,train,136,6,0,CP,raw/bil/swc/1119749667_17545_3152-X18316-Y16064_reg.swc,1119749667_17545_3152-X18316-Y16064_reg.swc,true,85e8a7d9ddaaa0bc81d5961200ab84e390bd0d47b9f67cd1570550e0f6d67a8b
bil6,bil6/1119749669_17545_3182-X21534-Y14784_reg.swc,train,137,1,0,CP,raw/bil/swc/1119749669_17545_3182-X21534-Y14784_reg.swc,1119749669_17545_3182-X21534-Y14784_reg.swc,true,807cb68647eaab8ed330f03415f61a441baf2aaff4d287e5457fb795d9114c43
bil6,bil6/1119749671_17545_3195-X23639-Y37314_reg.swc,train,138,3,0,CP,raw/bil/swc/1119749671_17545_3195-X23639-Y37314_reg.swc,1119749671_17545_3195-X23639-Y37314_reg.swc,true,b2acafef40d0b66b599504944860ee24e9313fd48524856d5816fa36952f2a50
bil6,bil6/1119749673_17545_3225-X21088-Y36939_reg.swc,test,139,8,0,CP,raw/bil/swc/1119749673_17545_3225-X21088-Y36939_reg.swc,1119749673_17545_3225-X21088-Y36939_reg.swc,true,89b03cb253b769ec202f6b2a49715712dbb5f83999e1d9c4705ff07baba058b2
bil6,bil6/1119749675_17545_3270-X24338-Y15848_reg.swc,train,140,5,0,CP,raw/bil/swc/1119749675_17545_3270-X24338-Y15848_reg.swc,1119749675_17545_3270-X24338-Y15848_reg.swc,true,78be06d4395758d9de2f26be2028e3df545d1657f402381c81c5cc09ec50e26f
bil6,bil6/1119749679_17545_3344-X22249-Y14545_reg.swc,train,141,7,0,CP,raw/bil/swc/1119749679_17545_3344-X22249-Y14545_reg.swc,1119749679_17545_3344-X22249-Y14545_reg.swc,true,4d2fd29f6aa787afe63440c91318035163f84dc49836e74302fd228a4b5dfb40
bil6,bil6/1119749681_17545_3382-X22782-Y36590_reg.swc,train,142,1,0,CP,raw/bil/swc/1119749681_17545_3382-X22782-Y36590_reg.swc,1119749681_17545_3382-X22782-Y36590_reg.swc,true,bbcfcee3271b0aea7f65a6456c3aceb14739a17510e326f75d94a608623c490d
bil6,bil6/1119749683_17545_3384-X25819-Y20116_reg.swc,train,143,0,0,CP,raw/bil/swc/1119749683_17545_3384-X25819-Y20116_reg.swc,1119749683_17545_3384-X25819-Y20116_reg.swc,true,ae04e116030139ff0d2f7930dad9245df8583776ef15cbf60181d7357949448c
bil6,bil6/1119749685_17545_3430-X24075-Y18663_reg.swc,train,144,5,0,CP,raw/bil/swc/1119749685_17545_3430-X24075-Y18663_reg.swc,1119749685_17545_3430-X24075-Y18663_reg.swc,true,22068d7013e770ee533035c8f0cd2d52df567238e6701b72a11f0e63186f3b2c
bil6,bil6/1119749687_17545_3436-X25590-Y17438_reg.swc,train,145,3,0,CP,raw/bil/swc/1119749687_17545_3436-X25590-Y17438_reg.swc,1119749687_17545_3436-X25590-Y17438_reg.swc,true,278050ac729d6999a526cb77aa11ed4d6495707f417646a50274b082075ba3c2
bil6,bil6/1119749689_17545_3451-X19264-Y37893_reg.swc,train,146,7,0,CP,raw/bil/swc/1119749689_17545_3451-X19264-Y37893_reg.swc,1119749689_17545_3451-X19264-Y37893_reg.swc,true,b9900189a14f5f54afef8af92e36529bbddb50b283eb8afa513cc787fbec4221
bil6,bil6/1119749691_17545_3472-X18782-Y14145_reg.swc,test,147,8,0,CP,raw/bil/swc/1119749691_17545_3472-X18782-Y14145_reg.swc,1119749691_17545_3472-X18782-Y14145_reg.swc,true,f632e6cc423993bc14027f51c5877700ff4f720ad33f44ed31354832f0182c7c
bil6,bil6/1119749693_17545_3521-X23923-Y36782_reg.swc,train,148,2,0,CP,raw/bil/swc/1119749693_17545_3521-X23923-Y36782_reg.swc,1119749693_17545_3521-X23923-Y36782_reg.swc,true,85258f1f17d8a9f022205f46be139dd599827efd7770ef2dd3e60e2d86578fd4
bil6,bil6/1119749695_17545_3555-X21038-Y38795_reg.swc,train,149,6,0,CP,raw/bil/swc/1119749695_17545_3555-X21038-Y38795_reg.swc,1119749695_17545_3555-X21038-Y38795_reg.swc,true,457dec3bc12e3a3f1f92bf2c1de2c3fde283e3e0e225d96453ca205252013612
bil6,bil6/1119749697_17545_3565-X21348-Y15147_reg.swc,test,150,9,0,CP,raw/bil/swc/1119749697_17545_3565-X21348-Y15147_reg.swc,1119749697_17545_3565-X21348-Y15147_reg.swc,true,fb4d3235995fefe9e69f697d290277293b51b202934d84b61c10cb1e5c379d9f
bil6,bil6/1119749699_17545_3574-X22099-Y38154_reg.swc,train,151,4,0,CP,raw/bil/swc/1119749699_17545_3574-X22099-Y38154_reg.swc,1119749699_17545_3574-X22099-Y38154_reg.swc,true,222b64e8d65535758663ebc208c926272127b7faeff9652651cbd82b1e994baa
bil6,bil6/1119749703_17545_3589-X22132-Y13552_reg.swc,train,152,0,0,CP,raw/bil/swc/1119749703_17545_3589-X22132-Y13552_reg.swc,1119749703_17545_3589-X22132-Y13552_reg.swc,true,67bde540d15139398e74766e9fe0a388452c33a3b187c08965425b61875fadc6
bil6,bil6/1119749701_17545_3589-X20402-Y37733_reg.swc,train,153,7,0,CP,raw/bil/swc/1119749701_17545_3589-X20402-Y37733_reg.swc,1119749701_17545_3589-X20402-Y37733_reg.swc,true,a8edda92c3a3c6a3a9e9a5435a3af08f27a3ae6b459987c8a72dd0886499f212
bil6,bil6/1119749706_17545_3591-X22153-Y38058_reg.swc,train,154,6,0,CP,raw/bil/swc/1119749706_17545_3591-X22153-Y38058_reg.swc,1119749706_17545_3591-X22153-Y38058_reg.swc,true,88288a345a39ce95ba2fc22080c999e934a98391be0cb0581c671016d648bfcd
bil6,bil6/1119749708_17545_3594-X20151-Y38040_reg.swc,train,155,1,0,CP,raw/bil/swc/1119749708_17545_3594-X20151-Y38040_reg.swc,1119749708_17545_3594-X20151-Y38040_reg.swc,true,127b396bec7b2f04df3bcd5056c14d6e3fbd404a3de5a42d2f842320bdce69c1
bil6,bil6/1119749712_17545_3596-X27300-Y32030_reg.swc,test,156,9,0,CP,raw/bil/swc/1119749712_17545_3596-X27300-Y32030_reg.swc,1119749712_17545_3596-X27300-Y32030_reg.swc,true,d4f183f5e8093c7143511a4350603e709364e53302121436daac95ca79a9a3ed
bil6,bil6/1119749710_17545_3596-X21856-Y38004_reg.swc,train,157,2,0,CP,raw/bil/swc/1119749710_17545_3596-X21856-Y38004_reg.swc,1119749710_17545_3596-X21856-Y38004_reg.swc,true,01a9dc342de2e00d7a30f96d648e525aac7ddd9a88eecc236c5416cd0173dac2
bil6,bil6/1119749714_17545_3601-X21497-Y38754_reg.swc,test,158,8,0,CP,raw/bil/swc/1119749714_17545_3601-X21497-Y38754_reg.swc,1119749714_17545_3601-X21497-Y38754_reg.swc,true,e159574d5b31d19369a7a406ad3da20eccfc725a124ec47fd8ce5b08f0784354
bil6,bil6/1119749716_17545_3602-X24138-Y37686_reg.swc,train,159,5,0,CP,raw/bil/swc/1119749716_17545_3602-X24138-Y37686_reg.swc,1119749716_17545_3602-X24138-Y37686_reg.swc,true,1e72abce9d4a13dd289206b43586ab1316b37ac6e7708fb711dc8e6cfaae0950
bil6,bil6/1119749718_17545_3619-X23419-Y37165_reg.swc,train,160,3,0,CP,raw/bil/swc/1119749718_17545_3619-X23419-Y37165_reg.swc,1119749718_17545_3619-X23419-Y37165_reg.swc,true,cd4aedef6c00f231fc8493c7ee0fed44f8cc6e4fc35c317feda8ae9268841264
bil6,bil6/1119749721_17545_3645-X18026-Y13567_reg.swc,train,161,4,0,CP,raw/bil/swc/1119749721_17545_3645-X18026-Y13567_reg.swc,1119749721_17545_3645-X18026-Y13567_reg.swc,true,9337142e06813ce6a80834cacb6b833672a80b66c161fece4cd0b274131c03f4
bil6,bil6/1119749724_17545_3654-X21360-Y38692_reg.swc,test,162,9,0,CP,raw/bil/swc/1119749724_17545_3654-X21360-Y38692_reg.swc,1119749724_17545_3654-X21360-Y38692_reg.swc,true,d7c302846098527754687fce5fd7de50429700bc0c446eeed4336379d561f470
bil6,bil6/1119749726_17545_3664-X21681-Y39019_reg.swc,train,163,7,0,CP,raw/bil/swc/1119749726_17545_3664-X21681-Y39019_reg.swc,1119749726_17545_3664-X21681-Y39019_reg.swc,true,b5bb46cc2037dc53cb0e06f58229ca233cab9e07c22a576889f9cbfeec82fdf5
bil6,bil6/1119749728_17545_3667-X19104-Y13381_reg.swc,train,164,4,0,CP,raw/bil/swc/1119749728_17545_3667-X19104-Y13381_reg.swc,1119749728_17545_3667-X19104-Y13381_reg.swc,true,a9e72cc91eb91ea86f963f65ec41c787a30201345cbae7a86a7f96962fcbda4a
bil6,bil6/1119749730_17545_3678-X20788-Y38882_reg.swc,train,165,3,0,CP,raw/bil/swc/1119749730_17545_3678-X20788-Y38882_reg.swc,1119749730_17545_3678-X20788-Y38882_reg.swc,true,89622afddfd76b0f1378cd636a858fcf2b7da1fd6ae936cb8e3268ef8548ada2
bil6,bil6/1119749732_17545_3689-X20179-Y13883_reg.swc,train,166,0,0,CP,raw/bil/swc/1119749732_17545_3689-X20179-Y13883_reg.swc,1119749732_17545_3689-X20179-Y13883_reg.swc,true,671ded1feab13e6deb3567ab39c4768fca7d6facb33a89176fe48919836ccd1e
bil6,bil6/1119749734_17545_3692-X21814-Y38862_reg.swc,test,167,8,0,CP,raw/bil/swc/1119749734_17545_3692-X21814-Y38862_reg.swc,1119749734_17545_3692-X21814-Y38862_reg.swc,true,ba3d24361e3baa5060fc81835f3d78748e514f6bafbcf790961880c207875b33
bil6,bil6/1119749736_17545_3738-X20745-Y38576_reg.swc,train,168,6,0,CP,raw/bil/swc/1119749736_17545_3738-X20745-Y38576_reg.swc,1119749736_17545_3738-X20745-Y38576_reg.swc,true,1b6e667ec67ceba261c3acb2f74aacbb8ddb0eccb28f317df7e326a2e974f02f
bil6,bil6/1119749738_17545_3775-X17012-Y13613_reg.swc,train,169,5,0,CP,raw/bil/swc/1119749738_17545_3775-X17012-Y13613_reg.swc,1119749738_17545_3775-X17012-Y13613_reg.swc,true,47f104b317d5e907339ee9695f3f41fa3f54bf43500ed38a428922256f96ffbe
bil6,bil6/1119749740_17545_3781-X18263-Y13599_reg.swc,train,170,2,0,CP,raw/bil/swc/1119749740_17545_3781-X18263-Y13599_reg.swc,1119749740_17545_3781-X18263-Y13599_reg.swc,true,2115b490d6f9287eb2850a9b711e53b2a24f666450e1ce1a3b0473eae6694079
bil6,bil6/1119749742_17545_3782-X21113-Y13119_reg.swc,train,171,1,0,CP,raw/bil/swc/1119749742_17545_3782-X21113-Y13119_reg.swc,1119749742_17545_3782-X21113-Y13119_reg.swc,true,8d2f4f649e37f505194486591b89ddb37a975dc6910eb9c1ab210ad2718364de
bil6,bil6/1119749744_17545_3785-X20519-Y12647_reg.swc,train,172,1,0,CP,raw/bil/swc/1119749744_17545_3785-X20519-Y12647_reg.swc,1119749744_17545_3785-X20519-Y12647_reg.swc,true,55f42a80afa1e17aeb1bce93eb41c818f6ef837dd8a72c65fa2666f5d1a26ab4
bil6,bil6/1119749746_17545_3819-X19020-Y15101_reg.swc,train,173,6,0,CP,raw/bil/swc/1119749746_17545_3819-X19020-Y15101_reg.swc,1119749746_17545_3819-X19020-Y15101_reg.swc,true,c00ba2ca63f6c7ac1de20ca6ef3815f777bcb990c4217b2bcdf170e4d7f4c8a0
bil6,bil6/1119749748_17545_3821-X24890-Y36983_reg.swc,test,174,8,0,CP,raw/bil/swc/1119749748_17545_3821-X24890-Y36983_reg.swc,1119749748_17545_3821-X24890-Y36983_reg.swc,true,269bb755e24172d1c35692b774b4c0975a8b287bd04b341c1e2285236610e852
bil6,bil6/1119749751_17545_3845-X22518-Y13446_reg.swc,train,175,4,0,CP,raw/bil/swc/1119749751_17545_3845-X22518-Y13446_reg.swc,1119749751_17545_3845-X22518-Y13446_reg.swc,true,ad9c284b3e5c86e429b362a5895b0d0aca0d59e7ca5b8d4dcee32858cf39bb5a
bil6,bil6/1119749753_17545_3850-X21627-Y12826_reg.swc,train,176,7,0,CP,raw/bil/swc/1119749753_17545_3850-X21627-Y12826_reg.swc,1119749753_17545_3850-X21627-Y12826_reg.swc,true,07fd0c618e2bac11b806c3a0e60227d9b8f93ebdc987b8d4e137f0268f143300
bil6,bil6/1119749755_17545_3861-X18339-Y13299_reg.swc,test,177,9,0,CP,raw/bil/swc/1119749755_17545_3861-X18339-Y13299_reg.swc,1119749755_17545_3861-X18339-Y13299_reg.swc,true,6fe3b604ef3e4111bf70ebc161febe20d48eabadb699f9e06c77470e3952bb52
bil6,bil6/1119749757_17545_3861-X19474-Y37650_reg.swc,train,178,2,0,CP,raw/bil/swc/1119749757_17545_3861-X19474-Y37650_reg.swc,1119749757_17545_3861-X19474-Y37650_reg.swc,true,789c75afbe9a2083952a22ba5ed61f88b4a8509adb193916f6a053bce0e181a6
bil6,bil6/1119749759_17545_3940-X20164-Y37576_reg.swc,train,179,0,0,CP,raw/bil/swc/1119749759_17545_3940-X20164-Y37576_reg.swc,1119749759_17545_3940-X20164-Y37576_reg.swc,true,4ed4ede4c8f5b8e6fdae07faf45b3221480c9a7239e2fed4ab2fdcbcc7569775
bil6,bil6/1119749761_17545_3967-X26583-Y18407_reg.swc,train,180,3,0,CP,raw/bil/swc/1119749761_17545_3967-X26583-Y18407_reg.swc,1119749761_17545_3967-X26583-Y18407_reg.swc,true,da36f1d6e45efba1f8cf92f5045526ae19b9154ebeddd7a921aa3bacac592488
bil6,bil6/1119749763_17545_3985-X25899-Y16375_reg.swc,train,181,5,0,CP,raw/bil/swc/1119749763_17545_3985-X25899-Y16375_reg.swc,1119749763_17545_3985-X25899-Y16375_reg.swc,true,a3f98c2a60fd27f8d87239943c2f8e6119bb02faab9f9c05621e8b48b0b34cd6
bil6,bil6/1119749767_17545_4059-X24651-Y38072_reg.swc,test,182,8,0,CP,raw/bil/swc/1119749767_17545_4059-X24651-Y38072_reg.swc,1119749767_17545_4059-X24651-Y38072_reg.swc,true,319877a7742f4712f0044778706bb9b828f74e95c90fa35fca63fca64dc5aed0
bil6,bil6/1119749769_17545_4073-X20603-Y13002_reg.swc,test,183,9,0,CP,raw/bil/swc/1119749769_17545_4073-X20603-Y13002_reg.swc,1119749769_17545_4073-X20603-Y13002_reg.swc,true,8e260d5a0ea507ac5a877a22b459928a1d646fbe8946ecc0c637a1f79b3dc305
bil6,bil6/1119749771_17545_4148-X27694-Y33211_reg.swc,train,184,3,0,CP,raw/bil/swc/1119749771_17545_4148-X27694-Y33211_reg.swc,1119749771_17545_4148-X27694-Y33211_reg.swc,true,987780471c4ab20a6f0a6a16e810f32d3412ac33db5930ce2f10aac535c19889
bil6,bil6/1119749773_17545_4199-X18068-Y12022_reg.swc,train,185,2,0,CP,raw/bil/swc/1119749773_17545_4199-X18068-Y12022_reg.swc,1119749773_17545_4199-X18068-Y12022_reg.swc,true,4e7eb1baceac1863beac0a48c8b76e2d1de3a0c3b7e61368272c5413ca01a44a
bil6,bil6/1119749781_17545_5076-X18924-Y20091_reg.swc,train,189,4,5,VPM,raw/bil/swc/1119749781_17545_5076-X18924-Y20091_reg.swc,1119749781_17545_5076-X18924-Y20091_reg.swc,true,d9f9ed29b4e3d97edcaf031e9670e10875ab28c08959c55d781c542c776f308a
bil6,bil6/1119749783_17545_5215-X20817-Y32348_reg.swc,train,190,2,5,VPM,raw/bil/swc/1119749783_17545_5215-X20817-Y32348_reg.swc,1119749783_17545_5215-X20817-Y32348_reg.swc,true,95ecb55fcddfb78ff2328b91dffaea4dc0faf31b3f36a49446b0a6874bbc1fc7
bil6,bil6/1119749785_17545_5226-X21384-Y15959_reg.swc,train,191,5,5,VPM,raw/bil/swc/1119749785_17545_5226-X21384-Y15959_reg.swc,1119749785_17545_5226-X21384-Y15959_reg.swc,true,52bd04a89a522a1a2a4ccd742877622581c2093fa20874c2028e0a44605e72f0
bil6,bil6/1119749787_17545_5238-X18956-Y11404_reg.swc,train,192,5,0,CP,raw/bil/swc/1119749787_17545_5238-X18956-Y11404_reg.swc,1119749787_17545_5238-X18956-Y11404_reg.swc,true,fbf25d9bc8ec80892b884f7a7e6881ca94969f7e1260f2229b45cba9ba874d7d
bil6,bil6/1119749791_17545_5274-X20696-Y16076_reg.swc,test,194,9,5,VPM,raw/bil/swc/1119749791_17545_5274-X20696-Y16076_reg.swc,1119749791_17545_5274-X20696-Y16076_reg.swc,true,f30afd73d7af9fde0650c3c4803e834b396a694349bc57efe6ce97cb240d8dbf
bil6,bil6/1119749798_17545_5348-X20597-Y17951_reg.swc,train,197,6,5,VPM,raw/bil/swc/1119749798_17545_5348-X20597-Y17951_reg.swc,1119749798_17545_5348-X20597-Y17951_reg.swc,true,2c2a6763dd6617ddc79d25852b8c50b2f351b071815dc4ca39d80843286abad9
bil6,bil6/1119749802_17545_5367-X21552-Y16696_reg.swc,train,198,1,5,VPM,raw/bil/swc/1119749802_17545_5367-X21552-Y16696_reg.swc,1119749802_17545_5367-X21552-Y16696_reg.swc,true,6471756ecd9d39c7941925243f10325ecb98544942bb80c8668fb7b64050e0cb
bil6,bil6/1119749804_17545_5412-X21756-Y16438_reg.swc,train,200,0,5,VPM,raw/bil/swc/1119749804_17545_5412-X21756-Y16438_reg.swc,1119749804_17545_5412-X21756-Y16438_reg.swc,true,a860f731668bd5edbfa335701637c5c8b7f19819c5f8fbbf855e105b195172e2
bil6,bil6/1119749806_17545_5425-X23565-Y35696_reg.swc,train,201,4,5,VPM,raw/bil/swc/1119749806_17545_5425-X23565-Y35696_reg.swc,1119749806_17545_5425-X23565-Y35696_reg.swc,true,4c49b27d174897177d50930de96f83af6074b7d8aaf2e184a9aea4292262bada
bil6,bil6/1119749812_17545_5494-X19511-Y10228_reg.swc,train,203,4,0,CP,raw/bil/swc/1119749812_17545_5494-X19511-Y10228_reg.swc,1119749812_17545_5494-X19511-Y10228_reg.swc,true,28798f300b8234548f38391ccc135fb3191d15e933fee60f0261879bdbff433f
bil6,bil6/1119749814_17545_5512-X22956-Y35936_reg.swc,test,204,8,5,VPM,raw/bil/swc/1119749814_17545_5512-X22956-Y35936_reg.swc,1119749814_17545_5512-X22956-Y35936_reg.swc,true,25cbd0bf81736c6b2b1fc293bad87f4902f28d4ce016bc980984fe8ef04e9d45
bil6,bil6/1119749816_17545_5515-X21272-Y16130_reg.swc,train,205,7,5,VPM,raw/bil/swc/1119749816_17545_5515-X21272-Y16130_reg.swc,1119749816_17545_5515-X21272-Y16130_reg.swc,true,0afbc5bf6423794533cf11e358618e73bdc9104df591d75b415a837831a04776
bil6,bil6/1119749818_17545_5564-X19752-Y10120_reg.swc,train,206,1,0,CP,raw/bil/swc/1119749818_17545_5564-X19752-Y10120_reg.swc,1119749818_17545_5564-X19752-Y10120_reg.swc,true,ea10214095403961f6532763a8777b9cace11385bc3511b22da692156879cc20
bil6,bil6/1119749832_17545_5895-X22902-Y34803_reg.swc,train,213,3,5,VPM,raw/bil/swc/1119749832_17545_5895-X22902-Y34803_reg.swc,1119749832_17545_5895-X22902-Y34803_reg.swc,true,af13c8369f19753acb21dab7be0db12f75895949bfeca5327fe9b2baa9b9edab
bil6,bil6/1119749630_17543_2434-X11441-Y5587_reg.swc,train,228,1,2,Isocortex_layer4,raw/bil/swc/1119749630_17543_2434-X11441-Y5587_reg.swc,1119749630_17543_2434-X11441-Y5587_reg.swc,true,9f12065436618fc1989ec6477c004a44136003bc6402e06ee8c3251fbcb94bef
bil6,bil6/1119749634_17543_3308-X10077-Y3766_reg.swc,train,229,2,2,Isocortex_layer4,raw/bil/swc/1119749634_17543_3308-X10077-Y3766_reg.swc,1119749634_17543_3308-X10077-Y3766_reg.swc,true,612f48f5a30db3d0042184301e3aea424a8949e479c66898b746862d6ae99189
bil6,bil6/1119749636_17543_3471-X12087-Y3637_reg.swc,train,230,6,3,Isocortex_layer5,raw/bil/swc/1119749636_17543_3471-X12087-Y3637_reg.swc,1119749636_17543_3471-X12087-Y3637_reg.swc,true,192744b1b4c262855d70e2869dfabe149151e38613ad4cff9db5a188010081c8
bil6,bil6/1119749638_17543_3705-X9619-Y20864_reg.swc,train,231,7,2,Isocortex_layer4,raw/bil/swc/1119749638_17543_3705-X9619-Y20864_reg.swc,1119749638_17543_3705-X9619-Y20864_reg.swc,true,9c6ac61a8c0dc60b7aabb8111005b5b9974aed0455ff608a685d4be784b814dc
bil6,bil6/1119749640_17543_3828-X6023-Y17044_reg.swc,train,232,0,2,Isocortex_layer4,raw/bil/swc/1119749640_17543_3828-X6023-Y17044_reg.swc,1119749640_17543_3828-X6023-Y17044_reg.swc,true,23908846500964d90147de04f6631846fced451503ae06a0041263d73e706ccf
bil6,bil6/1119749642_17543_3842-X7369-Y3542_reg.swc,train,233,4,1,Isocortex_layer23,raw/bil/swc/1119749642_17543_3842-X7369-Y3542_reg.swc,1119749642_17543_3842-X7369-Y3542_reg.swc,true,56ea49be776980478697ddc3f5ea1e92c2356c30efb02e62e88aa09b8146059b
bil6,bil6/1119749644_17543_5296-X5131-Y20385_reg.swc,train,236,3,3,Isocortex_layer5,raw/bil/swc/1119749644_17543_5296-X5131-Y20385_reg.swc,1119749644_17543_5296-X5131-Y20385_reg.swc,true,51e5ac308cde3448f1d68c984af2eae3498a55e022c03ff9699e22e0e25e2288
bil6,bil6/1119749646_17543_5334-X5066-Y20381_reg.swc,train,237,0,3,Isocortex_layer5,raw/bil/swc/1119749646_17543_5334-X5066-Y20381_reg.swc,1119749646_17543_5334-X5066-Y20381_reg.swc,true,a71d295d323b2c08dc436637a32c07f7ec005ab0e1008537276503863f433202
bil6,bil6/1119749865_17781_2184-X15071-Y19950_reg.swc,test,238,8,4,Isocortex_layer6,raw/bil/swc/1119749865_17781_2184-X15071-Y19950_reg.swc,1119749865_17781_2184-X15071-Y19950_reg.swc,true,c0d0177246842032b4597e7b2129dd1bd865efc4df41488570f708ac4c6cec27
bil6,bil6/1119749867_17781_2491-X13559-Y38398_reg.swc,train,239,0,4,Isocortex_layer6,raw/bil/swc/1119749867_17781_2491-X13559-Y38398_reg.swc,1119749867_17781_2491-X13559-Y38398_reg.swc,true,5f59c9e884880079e1af93e6ad880626a1413bfe702553b9f7cb98dd397c2eec
bil6,bil6/1119749869_17781_2886-X14249-Y36315_reg.swc,train,240,0,4,Isocortex_layer6,raw/bil/swc/1119749869_17781_2886-X14249-Y36315_reg.swc,1119749869_17781_2886-X14249-Y36315_reg.swc,true,aee85050958e7c4d3b42a65672a31244d19406d14fe8d362376aa63dc6b92881
bil6,bil6/1119749873_17781_3668-X9453-Y17266_reg.swc,train,242,2,4,Isocortex_layer6,raw/bil/swc/1119749873_17781_3668-X9453-Y17266_reg.swc,1119749873_17781_3668-X9453-Y17266_reg.swc,true,4da62d81feea016f0fb688254939c9a1fca898afc9828d5611e7769fe12231d9
bil6,bil6/1119749875_17781_3819-X16144-Y41186_reg.swc,test,243,8,4,Isocortex_layer6,raw/bil/swc/1119749875_17781_3819-X16144-Y41186_reg.swc,1119749875_17781_3819-X16144-Y41186_reg.swc,true,8ab556780d48803aedffdfa139d2a8d8db8403c093943ad91c6cb376986df717
bil6,bil6/1119749882_17781_4710-X13766-Y10574_reg.swc,train,246,6,4,Isocortex_layer6,raw/bil/swc/1119749882_17781_4710-X13766-Y10574_reg.swc,1119749882_17781_4710-X13766-Y10574_reg.swc,true,56aaa1903304f9822eed54f9522d6d028a8e5d17c802fd7ce17e7a24e866afd9
bil6,bil6/1119749884_17781_4874-X11466-Y11924_reg.swc,train,247,5,4,Isocortex_layer6,raw/bil/swc/1119749884_17781_4874-X11466-Y11924_reg.swc,1119749884_17781_4874-X11466-Y11924_reg.swc,true,8104277219737da214ae321010ab9fdc75d7368d606bf936a2fcb49bc90ab3bc
bil6,bil6/1119749886_17781_5166-X11993-Y10858_reg.swc,test,248,9,4,Isocortex_layer6,raw/bil/swc/1119749886_17781_5166-X11993-Y10858_reg.swc,1119749886_17781_5166-X11993-Y10858_reg.swc,true,12e6bcdea8b9f0a348a262de585c7bef3ef15f0c7a37f129acded4f553a1fe2c
bil6,bil6/1119749888_17781_5361-X17741-Y11849_reg.swc,train,249,0,0,CP,raw/bil/swc/1119749888_17781_5361-X17741-Y11849_reg.swc,1119749888_17781_5361-X17741-Y11849_reg.swc,true,6b997175055d56f96b548c0b03ec76d8cb3b7a7285c84e64bccdd2dc4437ac85
bil6,bil6/1119749890_17781_5548-X15772-Y8872_reg.swc,train,250,0,4,Isocortex_layer6,raw/bil/swc/1119749890_17781_5548-X15772-Y8872_reg.swc,1119749890_17781_5548-X15772-Y8872_reg.swc,true,7079e8f289a78d01b5e2434b5c445ea25fbdcf96a971b5c7512bf23b3d4bc2b9
bil6,bil6/1119749893_17781_5655-X10641-Y11102_reg.swc,train,251,2,4,Isocortex_layer6,raw/bil/swc/1119749893_17781_5655-X10641-Y11102_reg.swc,1119749893_17781_5655-X10641-Y11102_reg.swc,true,0a3f0d4e994d5d85a7fbfdca274d0d20c955b19237272857278e1d1e035b0975
bil6,bil6/1119749896_17781_5894-X11460-Y10079_reg.swc,train,252,0,4,Isocortex_layer6,raw/bil/swc/1119749896_17781_5894-X11460-Y10079_reg.swc,1119749896_17781_5894-X11460-Y10079_reg.swc,true,901db5d3caa5c2eb441af5cbfea4fd6d958d31fbf798a7ae5bf2dbdd11350a82
bil6,bil6/1119749898_17781_6028-X9772-Y42888_reg.swc,train,253,3,4,Isocortex_layer6,raw/bil/swc/1119749898_17781_6028-X9772-Y42888_reg.swc,1119749898_17781_6028-X9772-Y42888_reg.swc,true,32518b8401a4d22589c46cb890162a820167a3090ccb9bc7358453526e60b9ba
bil6,bil6/1119749900_17781_6202-X7633-Y12296_reg.swc,test,254,9,4,Isocortex_layer6,raw/bil/swc/1119749900_17781_6202-X7633-Y12296_reg.swc,1119749900_17781_6202-X7633-Y12296_reg.swc,true,b1dcdb6a94aa41e8c664da0f5546086228e58fe218a2237b6757027788c6cc42
bil6,bil6/1119749902_17781_6228-X12697-Y8412_reg.swc,train,255,5,4,Isocortex_layer6,raw/bil/swc/1119749902_17781_6228-X12697-Y8412_reg.swc,1119749902_17781_6228-X12697-Y8412_reg.swc,true,dcedc37a7bdfc9299ab0f7fef69a7a95d65147412e630adc1ff50e29201bc55f
bil6,bil6/1119749904_17781_6262-X6896-Y13574_reg.swc,train,256,2,4,Isocortex_layer6,raw/bil/swc/1119749904_17781_6262-X6896-Y13574_reg.swc,1119749904_17781_6262-X6896-Y13574_reg.swc,true,a89e2d7ce3b69ad46e0b8285d7354b55a67f2dca28416a73d7c0829d434fd509
bil6,bil6/1119749906_17781_6270-X9494-Y43380_reg.swc,train,257,0,4,Isocortex_layer6,raw/bil/swc/1119749906_17781_6270-X9494-Y43380_reg.swc,1119749906_17781_6270-X9494-Y43380_reg.swc,true,4e4db45de67dfb9738a021d8b695f70887d6618e3d06e58296a0d0b628dbc272
bil6,bil6/1119749908_17781_6287-X8230-Y11645_reg.swc,train,258,4,4,Isocortex_layer6,raw/bil/swc/1119749908_17781_6287-X8230-Y11645_reg.swc,1119749908_17781_6287-X8230-Y11645_reg.swc,true,7b756b0315a978f94faa107de7dcbe0ef1b9182dbb9f3a12d7d47fe1e4d1fc99
bil6,bil6/1119749910_17781_6325-X14423-Y8278_reg.swc,train,259,0,4,Isocortex_layer6,raw/bil/swc/1119749910_17781_6325-X14423-Y8278_reg.swc,1119749910_17781_6325-X14423-Y8278_reg.swc,true,5c0de28f593339fdfb19b4f05c212f58f2483a011e337e8e3c882b6d32ed9c8e
bil6,bil6/1119749923_17781_6866-X8954-Y41812_reg.swc,train,265,0,4,Isocortex_layer6,raw/bil/swc/1119749923_17781_6866-X8954-Y41812_reg.swc,1119749923_17781_6866-X8954-Y41812_reg.swc,true,4992f3d70c06753e43e5c7f1f3e68f3c35a211f742c252e07bed7b3f86594f15
bil6,bil6/1119749931_17782_3138-X32805-Y18352_reg.swc,train,269,0,4,Isocortex_layer6,raw/bil/swc/1119749931_17782_3138-X32805-Y18352_reg.swc,1119749931_17782_3138-X32805-Y18352_reg.swc,true,8ff6eb63a1bda8e8a6648cd934a01cfee7c15ce84b6bcc9d8cfb9161f3bb993b
bil6,bil6/1119749933_17782_3253-X33739-Y18314_reg.swc,train,270,2,4,Isocortex_layer6,raw/bil/swc/1119749933_17782_3253-X33739-Y18314_reg.swc,1119749933_17782_3253-X33739-Y18314_reg.swc,true,f23ac3b701185cf1ba08bcd19f93e9b199021a3d0220a24e18c1dace5dea6fcf
bil6,bil6/1119749937_17782_3352-X11384-Y16404_reg.swc,train,272,4,4,Isocortex_layer6,raw/bil/swc/1119749937_17782_3352-X11384-Y16404_reg.swc,1119749937_17782_3352-X11384-Y16404_reg.swc,true,e9c4c6a4d97b185671ea19a2953fdf521090324ae6de00e9760c1ec0db0fbfd4
bil6,bil6/1119749947_17787_3772-X13169-Y10621_reg.swc,train,276,7,0,CP,raw/bil/swc/1119749947_17787_3772-X13169-Y10621_reg.swc,1119749947_17787_3772-X13169-Y10621_reg.swc,true,39cedfedee07a9a36344d476e89afd711a4c0a754db340b6a216bd8a62eb98e8
bil6,bil6/1119749949_17787_3774-X11937-Y11739_reg.swc,train,277,6,0,CP,raw/bil/swc/1119749949_17787_3774-X11937-Y11739_reg.swc,1119749949_17787_3774-X11937-Y11739_reg.swc,true,a4cffafab1f50a24705f547d5651c8b29d3d52b1d804eab52b968136737c2383
bil6,bil6/1119749951_17787_4095-X29680-Y14518_reg.swc,test,278,9,0,CP,raw/bil/swc/1119749951_17787_4095-X29680-Y14518_reg.swc,1119749951_17787_4095-X29680-Y14518_reg.swc,true,3fc90223dde759c8fea753a7c2adecb42e7aade41b27a8ce3912ed6ddb804234
bil6,bil6/1119749953_17787_4224-X29770-Y15323_reg.swc,train,279,2,0,CP,raw/bil/swc/1119749953_17787_4224-X29770-Y15323_reg.swc,1119749953_17787_4224-X29770-Y15323_reg.swc,true,bf221093a23e729df520a023e0ef49c48f11912f7dced87da8755b692692000c
bil6,bil6/1119749955_17787_4292-X29848-Y10948_reg.swc,train,280,3,0,CP,raw/bil/swc/1119749955_17787_4292-X29848-Y10948_reg.swc,1119749955_17787_4292-X29848-Y10948_reg.swc,true,31cf7a5e535d40dcbc4cf8fde546247ef461ca18b533ebb922e1b7dbfe9219a1
bil6,bil6/1119749957_17787_4296-X30506-Y14623_reg.swc,train,281,5,0,CP,raw/bil/swc/1119749957_17787_4296-X30506-Y14623_reg.swc,1119749957_17787_4296-X30506-Y14623_reg.swc,true,1f74cd3a2a4277c7ee38566471487e5c88d6a0d3d6feee65aa7ef14a8250ec99
bil6,bil6/1119749959_17787_4521-X5172-Y12873_reg.swc,train,282,4,3,Isocortex_layer5,raw/bil/swc/1119749959_17787_4521-X5172-Y12873_reg.swc,1119749959_17787_4521-X5172-Y12873_reg.swc,true,2ea86abcd09d63083c8cf1f83a8a51705d2df9f64a9d7744186a5934e4d379ab
bil6,bil6/1119749961_17787_4690-X4440-Y9176_reg.swc,train,283,7,1,Isocortex_layer23,raw/bil/swc/1119749961_17787_4690-X4440-Y9176_reg.swc,1119749961_17787_4690-X4440-Y9176_reg.swc,true,0a46fe4a389cf8db5a64bd2bae34bf357699d8fd047dc571806f806546114d68
bil6,bil6/1119749963_17787_5180-X6080-Y14181_reg.swc,test,284,8,0,CP,raw/bil/swc/1119749963_17787_5180-X6080-Y14181_reg.swc,1119749963_17787_5180-X6080-Y14181_reg.swc,true,48db6d893c343b7828dc1aa6a98ed10f6b5da751b01c9812432c5752f1fa9b08
bil6,bil6/1119749966_17787_5236-X5684-Y12605_reg.swc,train,285,1,0,CP,raw/bil/swc/1119749966_17787_5236-X5684-Y12605_reg.swc,1119749966_17787_5236-X5684-Y12605_reg.swc,true,27d5f713d00a3884c08b739a70ca564b0055297a563cc02354f8e3b8a614ca6a
bil6,bil6/1119749968_17787_5268-X6865-Y9780_reg.swc,train,286,7,0,CP,raw/bil/swc/1119749968_17787_5268-X6865-Y9780_reg.swc,1119749968_17787_5268-X6865-Y9780_reg.swc,true,bf426717c5fdc6bdec4dda3b3e213fbd31508db4a3f4f4354791b5e3a2847f09
bil6,bil6/1119749970_17787_7070-X12739-Y1410_reg.swc,train,287,3,1,Isocortex_layer23,raw/bil/swc/1119749970_17787_7070-X12739-Y1410_reg.swc,1119749970_17787_7070-X12739-Y1410_reg.swc,true,0619f0bfd45edf578024be6064bf8b8a8e0e6217de0bf995dcfbd70a95be3824
bil6,bil6/1119749972_17788_3709-X6000-Y8213_reg.swc,train,288,4,2,Isocortex_layer4,raw/bil/swc/1119749972_17788_3709-X6000-Y8213_reg.swc,1119749972_17788_3709-X6000-Y8213_reg.swc,true,dd7f91b085ebfa5ba8d31fb37c0aa2e39da221284a93816934b784abc0ca2731
bil6,bil6/1119749974_17788_4719-X3512-Y9492_reg.swc,train,289,1,3,Isocortex_layer5,raw/bil/swc/1119749974_17788_4719-X3512-Y9492_reg.swc,1119749974_17788_4719-X3512-Y9492_reg.swc,true,a3b3b482d6bbbe3f80df26429e2f597de7bcd5137d1dbfaeb641f59293a25198
bil6,bil6/1119749976_17788_5767-X16636-Y3662_reg.swc,test,291,9,1,Isocortex_layer23,raw/bil/swc/1119749976_17788_5767-X16636-Y3662_reg.swc,1119749976_17788_5767-X16636-Y3662_reg.swc,true,07b1a4cd0bc35bb5ab45cb750299f1c5b270ab58927ce474eb7179b23928aca8
bil6,bil6/1119749978_18047_2443-X16062-Y14807_reg.swc,train,292,1,3,Isocortex_layer5,raw/bil/swc/1119749978_18047_2443-X16062-Y14807_reg.swc,1119749978_18047_2443-X16062-Y14807_reg.swc,true,31d9c23f69cce87c7c07258bd31b517daffb4eaed4c43b6e6c021ac89ea7d353
bil6,bil6/1119749982_18047_2622-X11862-Y12983_reg.swc,train,293,4,3,Isocortex_layer5,raw/bil/swc/1119749982_18047_2622-X11862-Y12983_reg.swc,1119749982_18047_2622-X11862-Y12983_reg.swc,true,4a28b5a30d1416e1ff54b8fa15459b03a57f268e766f1053dc57853a4af4d16e
bil6,bil6/1119749984_18047_3132-X24052-Y12385_reg.swc,test,294,9,3,Isocortex_layer5,raw/bil/swc/1119749984_18047_3132-X24052-Y12385_reg.swc,1119749984_18047_3132-X24052-Y12385_reg.swc,true,db973289e7dcb7cfe34c8e2d3029e64095eb397c8c15d7f60bfae788c14bd688
bil6,bil6/1119749986_18047_4141-X14168-Y9063_reg.swc,train,295,6,3,Isocortex_layer5,raw/bil/swc/1119749986_18047_4141-X14168-Y9063_reg.swc,1119749986_18047_4141-X14168-Y9063_reg.swc,true,d3b887820cd8bbe91667bddf7bd2f4b754ec52689800167f8baffebd451a5319
bil6,bil6/1119749988_18047_4458-X18853-Y10785_reg.swc,train,296,4,3,Isocortex_layer5,raw/bil/swc/1119749988_18047_4458-X18853-Y10785_reg.swc,1119749988_18047_4458-X18853-Y10785_reg.swc,true,44ff05cd5c64d6b4da358fdeeed25db4ba1dac0f9cf070fbc61770ba6f69142b
bil6,bil6/1119749990_18047_5719-X25513-Y7957_reg.swc,train,297,2,3,Isocortex_layer5,raw/bil/swc/1119749990_18047_5719-X25513-Y7957_reg.swc,1119749990_18047_5719-X25513-Y7957_reg.swc,true,ac92ccfcdeed3fe39f9802ba994680340dce3428e1749995062f4dc6e69a92a3
bil6,bil6/1119750271_18454_2972-X14332-Y9240_reg.swc,train,299,4,0,CP,raw/bil/swc/1119750271_18454_2972-X14332-Y9240_reg.swc,1119750271_18454_2972-X14332-Y9240_reg.swc,true,ab802914a7cd0a5bc4d5ee98ef26a52fdeb46789a74b60ff3419b3a2b74bb332
bil6,bil6/1119750273_18454_3049-X12809-Y9517_reg.swc,train,300,6,0,CP,raw/bil/swc/1119750273_18454_3049-X12809-Y9517_reg.swc,1119750273_18454_3049-X12809-Y9517_reg.swc,true,c23c21fa42112db53c67d969136f8975a1a9c69c7463287ffaa2d821d3b407df
bil6,bil6/1119750275_18454_3118-X14528-Y10688_reg.swc,train,301,0,0,CP,raw/bil/swc/1119750275_18454_3118-X14528-Y10688_reg.swc,1119750275_18454_3118-X14528-Y10688_reg.swc,true,a3c8f7da635c09955ee8614ff9bf54cb0a10936587b5651ff5ea36b9e0a370b8
bil6,bil6/1119750277_18454_3246-X11912-Y9648_reg.swc,train,302,5,0,CP,raw/bil/swc/1119750277_18454_3246-X11912-Y9648_reg.swc,1119750277_18454_3246-X11912-Y9648_reg.swc,true,7a183bac317ee03aa44228cc8473671bef70aa1572d05119c7aa9355370a3035
bil6,bil6/1119750279_18454_3404-X10174-Y9993_reg.swc,train,303,4,0,CP,raw/bil/swc/1119750279_18454_3404-X10174-Y9993_reg.swc,1119750279_18454_3404-X10174-Y9993_reg.swc,true,10774e5a30c961f6775de6f81fa3dc6b5623bb613f5a8b30a3b14d8c65b13b24
bil6,bil6/1119750281_18454_3496-X12254-Y9683_reg.swc,test,304,9,0,CP,raw/bil/swc/1119750281_18454_3496-X12254-Y9683_reg.swc,1119750281_18454_3496-X12254-Y9683_reg.swc,true,936199aa7f5ac9d1b45953e86e34984b0c82e4ea14155379e68793cda087af5f
bil6,bil6/1119750283_18454_3518-X11881-Y8370_reg.swc,train,305,3,0,CP,raw/bil/swc/1119750283_18454_3518-X11881-Y8370_reg.swc,1119750283_18454_3518-X11881-Y8370_reg.swc,true,8efb5a2ef1eb6cfbffac5ca45497a6cb1f92c19856c613f833965253781336a7
bil6,bil6/1119750285_18454_3662-X10550-Y8233_reg.swc,train,306,1,0,CP,raw/bil/swc/1119750285_18454_3662-X10550-Y8233_reg.swc,1119750285_18454_3662-X10550-Y8233_reg.swc,true,c7a5e68ea46def94cf4c24c689bffbdd2d0cb00e1f077b96b6fb39d7483bed0a
bil6,bil6/1119750287_18454_3668-X11112-Y8688_reg.swc,test,307,8,0,CP,raw/bil/swc/1119750287_18454_3668-X11112-Y8688_reg.swc,1119750287_18454_3668-X11112-Y8688_reg.swc,true,262897e668eb2a66fa60312e8568ae7785866d98ff5b37eb78e104e5df40eeb1
bil6,bil6/1119750289_18454_3696-X10954-Y10845_reg.swc,train,308,2,0,CP,raw/bil/swc/1119750289_18454_3696-X10954-Y10845_reg.swc,1119750289_18454_3696-X10954-Y10845_reg.swc,true,53d013b94d3df0c1e240fc4d30c8acedf2ff4b5ffc8155bcbd719316c8fdc725
bil6,bil6/1119750291_18454_3783-X9164-Y9314_reg.swc,train,309,7,0,CP,raw/bil/swc/1119750291_18454_3783-X9164-Y9314_reg.swc,1119750291_18454_3783-X9164-Y9314_reg.swc,true,3ccd25eb967079e292aaac34d0827d0500d6a439ebca65a82115ae7755ef7d7d
bil6,bil6/1119750293_18454_3800-X12768-Y7416_reg.swc,train,310,0,0,CP,raw/bil/swc/1119750293_18454_3800-X12768-Y7416_reg.swc,1119750293_18454_3800-X12768-Y7416_reg.swc,true,8088fbbaaea78d106aa7f7c1be691f1c517793480c0f831a98cc7a91004075c2
bil6,bil6/1119750295_18454_3840-X12238-Y7028_reg.swc,train,311,6,0,CP,raw/bil/swc/1119750295_18454_3840-X12238-Y7028_reg.swc,1119750295_18454_3840-X12238-Y7028_reg.swc,true,5bbd84bed6680a4061a9465bb84fdf7206393f7253f07e0092d3a79f0272d312
bil6,bil6/1119750297_18454_3992-X11092-Y8839_reg.swc,train,312,0,0,CP,raw/bil/swc/1119750297_18454_3992-X11092-Y8839_reg.swc,1119750297_18454_3992-X11092-Y8839_reg.swc,true,04b603b06841626a29e133e5a0cda6858f1824052fefd1fc6d16d88dcc1b563e
bil6,bil6/1119750299_18454_4018-X27337-Y9552_reg.swc,train,313,6,0,CP,raw/bil/swc/1119750299_18454_4018-X27337-Y9552_reg.swc,1119750299_18454_4018-X27337-Y9552_reg.swc,true,cb687a0ff8152efa75ea5b18b105d2d90cc77f5098726c28bf574b9bc35b7405
bil6,bil6/1119750301_18454_4028-X8286-Y9972_reg.swc,train,314,2,0,CP,raw/bil/swc/1119750301_18454_4028-X8286-Y9972_reg.swc,1119750301_18454_4028-X8286-Y9972_reg.swc,true,eba4c7ed5436736b9b42447d6cb6e0b8bd3d546bf92a249ffd73bdd9fa5a571b
bil6,bil6/1119750303_18454_4050-X8910-Y9826_reg.swc,train,315,4,0,CP,raw/bil/swc/1119750303_18454_4050-X8910-Y9826_reg.swc,1119750303_18454_4050-X8910-Y9826_reg.swc,true,845c7340d91fdace9748999611769dba80427160472a3508a92d01168ea04999
bil6,bil6/1119750305_18454_4053-X8213-Y10031_reg.swc,train,316,5,0,CP,raw/bil/swc/1119750305_18454_4053-X8213-Y10031_reg.swc,1119750305_18454_4053-X8213-Y10031_reg.swc,true,f4e13de6caa51f17404091be9f19896c3f41d715a98b5a270268a4327ec8cf48
bil6,bil6/1119750308_18454_4116-X8370-Y14636_reg.swc,train,317,1,0,CP,raw/bil/swc/1119750308_18454_4116-X8370-Y14636_reg.swc,1119750308_18454_4116-X8370-Y14636_reg.swc,true,6b6c6d839e9f991553d07880b9f4c7aa0eac993d756e064ccf50374f628a113b
bil6,bil6/1119750310_18454_4240-X11180-Y8643_reg.swc,train,318,7,0,CP,raw/bil/swc/1119750310_18454_4240-X11180-Y8643_reg.swc,1119750310_18454_4240-X11180-Y8643_reg.swc,true,6fab1c4891a5f65e0be92f0db2d66243af2ee6920f4fec737b4949a7f3defa0b
bil6,bil6/1119750312_18454_4530-X25178-Y8652_reg.swc,test,319,8,0,CP,raw/bil/swc/1119750312_18454_4530-X25178-Y8652_reg.swc,1119750312_18454_4530-X25178-Y8652_reg.swc,true,746df8ded3fc3fe7cc62ccdf5a1311a90b33eb013595b084a91268754730567e
bil6,bil6/1119750314_18454_4584-X25494-Y7556_reg.swc,test,320,9,0,CP,raw/bil/swc/1119750314_18454_4584-X25494-Y7556_reg.swc,1119750314_18454_4584-X25494-Y7556_reg.swc,true,9e1f13cae824b93a587ce8f17ebd59cb6bfe8f643e76b6c89454994ed04a22a7
bil6,bil6/1119750316_18454_4678-X10866-Y7440_reg.swc,train,321,3,0,CP,raw/bil/swc/1119750316_18454_4678-X10866-Y7440_reg.swc,1119750316_18454_4678-X10866-Y7440_reg.swc,true,e73925f24bc13ca5480ec47e99e26883a6ffe290816a7682e7df971dac836f63
bil6,bil6/1119750328_18454_5056-X8062-Y9099_reg.swc,train,327,0,0,CP,raw/bil/swc/1119750328_18454_5056-X8062-Y9099_reg.swc,1119750328_18454_5056-X8062-Y9099_reg.swc,true,cabb0ecc1d889b9a4e370960eff4d50254e264c767a54a093b7b42a82b9604bb
bil6,bil6/1119750364_18454_5373-X12510-Y12045_reg.swc,train,344,5,5,VPM,raw/bil/swc/1119750364_18454_5373-X12510-Y12045_reg.swc,1119750364_18454_5373-X12510-Y12045_reg.swc,true,a7202681088eb5be8c8e915d8554337a6a011937eb38a2348cd9f5cd1b05c5c8
bil6,bil6/1119750368_18454_5398-X11819-Y12526_reg.swc,train,346,2,5,VPM,raw/bil/swc/1119750368_18454_5398-X11819-Y12526_reg.swc,1119750368_18454_5398-X11819-Y12526_reg.swc,true,d7442efcaff839a3d0ce8ddcc95c8855859ba36e7737526c5185e82f9e95bb42
bil6,bil6/1119750370_18454_5430-X23366-Y11962_reg.swc,train,347,0,5,VPM,raw/bil/swc/1119750370_18454_5430-X23366-Y11962_reg.swc,1119750370_18454_5430-X23366-Y11962_reg.swc,true,9d06eaab8d47ef3ee4720f928bf942afaf7cfc139a08dbfcee26971f9a438955
bil6,bil6/1119750372_18454_5440-X23090-Y12235_reg.swc,test,348,8,5,VPM,raw/bil/swc/1119750372_18454_5440-X23090-Y12235_reg.swc,1119750372_18454_5440-X23090-Y12235_reg.swc,true,d024ecb64f36bfb4e8d5dcf7f99dca458fbc1f64afb49996ed3eb153853f7d41
bil6,bil6/1119750376_18454_5460-X11609-Y11250_reg.swc,train,350,3,5,VPM,raw/bil/swc/1119750376_18454_5460-X11609-Y11250_reg.swc,1119750376_18454_5460-X11609-Y11250_reg.swc,true,9ab0ac9b305e18561749c0dfbb6f7322ce42aca4c57130c882047c07cdd336ff
bil6,bil6/1119750381_18454_5472-X11098-Y11094_reg.swc,test,352,9,5,VPM,raw/bil/swc/1119750381_18454_5472-X11098-Y11094_reg.swc,1119750381_18454_5472-X11098-Y11094_reg.swc,true,2003a6b464b2aa6b844a7c716feaf7e8d63494cc221477a1be8bc2180c8db953
bil6,bil6/1119750383_18454_5473-X12894-Y11840_reg.swc,train,353,1,5,VPM,raw/bil/swc/1119750383_18454_5473-X12894-Y11840_reg.swc,1119750383_18454_5473-X12894-Y11840_reg.swc,true,352595b7585886bdbb81b084c771761a31a0492325612d2b0da0de88f1a1a715
bil6,bil6/1119750385_18454_5488-X12802-Y12628_reg.swc,train,354,6,5,VPM,raw/bil/swc/1119750385_18454_5488-X12802-Y12628_reg.swc,1119750385_18454_5488-X12802-Y12628_reg.swc,true,d7822095caa6288cc2fc91520602b75f432998d13ba5aa0d09b1e179d5349fbe
bil6,bil6/1119750387_18454_5494-X11114-Y11678_reg.swc,train,355,7,5,VPM,raw/bil/swc/1119750387_18454_5494-X11114-Y11678_reg.swc,1119750387_18454_5494-X11114-Y11678_reg.swc,true,dce4f7a7c902409b9ebb277bc624202299bf4763c02cb79fc69f189dd3e16dc5
bil6,bil6/1119750389_18454_5495-X11386-Y11515_reg.swc,train,356,5,5,VPM,raw/bil/swc/1119750389_18454_5495-X11386-Y11515_reg.swc,1119750389_18454_5495-X11386-Y11515_reg.swc,true,c7df634fbb93448c6283047206f86a4677d740f97ba61b9ade26a8dbbb9c0c18
bil6,bil6/1119750391_18454_5498-X23480-Y11302_reg.swc,train,357,4,5,VPM,raw/bil/swc/1119750391_18454_5498-X23480-Y11302_reg.swc,1119750391_18454_5498-X23480-Y11302_reg.swc,true,1f8c52b879e0dbe5d87cae13878fcac1394102e5e6eecc4d158cc6aae1859e88
bil6,bil6/1119750393_18454_5499-X12240-Y11815_reg.swc,train,358,2,5,VPM,raw/bil/swc/1119750393_18454_5499-X12240-Y11815_reg.swc,1119750393_18454_5499-X12240-Y11815_reg.swc,true,deb36d46579ddc0ec2ce4932bd6674cb957e9f26c632f262b36371c9cf81d8b0
bil6,bil6/1119750397_18454_5511-X10897-Y11384_reg.swc,train,360,3,5,VPM,raw/bil/swc/1119750397_18454_5511-X10897-Y11384_reg.swc,1119750397_18454_5511-X10897-Y11384_reg.swc,true,18c70d3ce6b2fab8bc583b386c7703c23624a2c9d65233f6fd912816269818df
bil6,bil6/1119750399_18454_5514-X11168-Y11900_reg.swc,test,361,9,5,VPM,raw/bil/swc/1119750399_18454_5514-X11168-Y11900_reg.swc,1119750399_18454_5514-X11168-Y11900_reg.swc,true,bbeb9aabc8dbe3d4b3b8e4afe609cf131323b49f47c11ae33f136c3fc80bbc7a
bil6,bil6/1119750402_18454_5515-X13298-Y12390_reg.swc,train,362,1,5,VPM,raw/bil/swc/1119750402_18454_5515-X13298-Y12390_reg.swc,1119750402_18454_5515-X13298-Y12390_reg.swc,true,a6c73d4cab75c0f587b28c70050b369b96e6084b5c9bd56ee37ad4a63acb05cf
bil6,bil6/1119750404_18454_5519-X10839-Y11843_reg.swc,train,363,7,5,VPM,raw/bil/swc/1119750404_18454_5519-X10839-Y11843_reg.swc,1119750404_18454_5519-X10839-Y11843_reg.swc,true,2bf5ff3245dfaa0b9ab8e290e6dc690596d0d3f3c29ae1edbbeceb13edc3ce68
bil6,bil6/1119750409_18454_5538-X10984-Y10640_reg.swc,train,365,4,5,VPM,raw/bil/swc/1119750409_18454_5538-X10984-Y10640_reg.swc,1119750409_18454_5538-X10984-Y10640_reg.swc,true,3c4cbd2689f347deb4613749e7dfbf3fb84a1cb91eedda03302f64a018b0f518
bil6,bil6/1119750413_18454_5544-X11862-Y11854_reg.swc,train,367,2,5,VPM,raw/bil/swc/1119750413_18454_5544-X11862-Y11854_reg.swc,1119750413_18454_5544-X11862-Y11854_reg.swc,true,88e2da9d1d7913e8f917ebd713e94cf9dc94e96ec58395aa4ea4e27a54a5569a
bil6,bil6/1119750415_18454_5552-X10501-Y10904_reg.swc,test,368,8,5,VPM,raw/bil/swc/1119750415_18454_5552-X10501-Y10904_reg.swc,1119750415_18454_5552-X10501-Y10904_reg.swc,true,4e2fae3ac092fda09c6b95880961bb02f78aec741474d3f88d39ed6bc26587ec
bil6,bil6/1119750419_18454_5564-X24730-Y10906_reg.swc,train,370,0,5,VPM,raw/bil/swc/1119750419_18454_5564-X24730-Y10906_reg.swc,1119750419_18454_5564-X24730-Y10906_reg.swc,true,31c2a99ad8fb4bcd88ca650060db911a0a43d1b0582c4f2166d5a2c7fd078909
bil6,bil6/1119750425_18454_5571-X12178-Y12990_reg.swc,train,373,6,5,VPM,raw/bil/swc/1119750425_18454_5571-X12178-Y12990_reg.swc,1119750425_18454_5571-X12178-Y12990_reg.swc,true,a18ec787cb2f9ab8c44c8bcef0d71b80d95ae48f7d64ecba4eeddbb259fd9ed3
bil6,bil6/1119750429_18454_5578-X11730-Y10804_reg.swc,train,375,5,5,VPM,raw/bil/swc/1119750429_18454_5578-X11730-Y10804_reg.swc,1119750429_18454_5578-X11730-Y10804_reg.swc,true,014dd37d02f62b4a2cb487bd805c8c8bd28f3c85f6657adbfb0889eca2c66b8c
bil6,bil6/1119750435_18454_5593-X11251-Y11796_reg.swc,test,378,8,5,VPM,raw/bil/swc/1119750435_18454_5593-X11251-Y11796_reg.swc,1119750435_18454_5593-X11251-Y11796_reg.swc,true,4095d84ff3d342fca249120b4d4cc777ea2651134a3da27a5f1a05f3e7ee739f
bil6,bil6/1119750439_18454_5602-X23457-Y12099_reg.swc,train,380,6,5,VPM,raw/bil/swc/1119750439_18454_5602-X23457-Y12099_reg.swc,1119750439_18454_5602-X23457-Y12099_reg.swc,true,ee321e098792604e05f201d5cf69b0aa8b2b73bdcf5ad95b2f2d1d8ab0cb4d09
bil6,bil6/1119750441_18454_5606-X12562-Y12220_reg.swc,train,381,2,5,VPM,raw/bil/swc/1119750441_18454_5606-X12562-Y12220_reg.swc,1119750441_18454_5606-X12562-Y12220_reg.swc,true,eb380da95310ab5485f73d567df08b3c460ddff7c6532a4989557690489c7d88
bil6,bil6/1119750445_18454_5612-X12566-Y12681_reg.swc,test,383,9,5,VPM,raw/bil/swc/1119750445_18454_5612-X12566-Y12681_reg.swc,1119750445_18454_5612-X12566-Y12681_reg.swc,true,5aab2d13f406890d08336b3ea56f23a651915a540f0ee98178a2fbf0fa8b71f6
bil6,bil6/1119750447_18454_5622-X12092-Y11506_reg.swc,train,384,1,5,VPM,raw/bil/swc/1119750447_18454_5622-X12092-Y11506_reg.swc,1119750447_18454_5622-X12092-Y11506_reg.swc,true,752b6a78b0db5c11893b925c48c4a7808b2eb178499cb4cbf08af903d5b82174
bil6,bil6/1119750452_18454_5629-X22551-Y12083_reg.swc,train,386,0,5,VPM,raw/bil/swc/1119750452_18454_5629-X22551-Y12083_reg.swc,1119750452_18454_5629-X22551-Y12083_reg.swc,true,84c3a56d7fe3a3c8e482839b008ee9718ac9892976b02002c533dcc8636f0989
bil6,bil6/1119750456_18454_5639-X23510-Y10908_reg.swc,train,388,3,5,VPM,raw/bil/swc/1119750456_18454_5639-X23510-Y10908_reg.swc,1119750456_18454_5639-X23510-Y10908_reg.swc,true,96f9fd4aa254f7514a2ee53d9435692d4d79e36548c2e05147dde02f5e18b564
bil6,bil6/1119750458_18454_5646-X24790-Y10524_reg.swc,train,389,5,5,VPM,raw/bil/swc/1119750458_18454_5646-X24790-Y10524_reg.swc,1119750458_18454_5646-X24790-Y10524_reg.swc,true,9dcc82e5fa93f391d50a3ab0d487187381174cc80fec03e06e736a7c7a9c3aec
bil6,bil6/1119750460_18454_5650-X22902-Y11450_reg.swc,train,390,4,5,VPM,raw/bil/swc/1119750460_18454_5650-X22902-Y11450_reg.swc,1119750460_18454_5650-X22902-Y11450_reg.swc,true,5af2c186e02f3dbc8113ce63975756a4a418bec8c039530c3e3e7fad4f2e9b24
bil6,bil6/1119750466_18454_5672-X10250-Y11334_reg.swc,train,393,7,5,VPM,raw/bil/swc/1119750466_18454_5672-X10250-Y11334_reg.swc,1119750466_18454_5672-X10250-Y11334_reg.swc,true,d7a009f0a989463ec0536d7e194e3d3dddd7110cab19e61062ee6837f7162c8a
bil6,bil6/1119750468_18454_5682-X11714-Y12398_reg.swc,train,394,6,5,VPM,raw/bil/swc/1119750468_18454_5682-X11714-Y12398_reg.swc,1119750468_18454_5682-X11714-Y12398_reg.swc,true,fb6f92ae92c84f66b6fe0aa79b1273f271e64c1d47ab6cb9194a7a44ac5aa6d9
bil6,bil6/1119750470_18454_5687-X24230-Y11764_reg.swc,train,395,3,5,VPM,raw/bil/swc/1119750470_18454_5687-X24230-Y11764_reg.swc,1119750470_18454_5687-X24230-Y11764_reg.swc,true,4dfffcfead902124c22d3117af8ad5c3b71d036f07739d356186e265f2f72647
bil6,bil6/1119750475_18454_5714-X24544-Y11201_reg.swc,train,397,2,5,VPM,raw/bil/swc/1119750475_18454_5714-X24544-Y11201_reg.swc,1119750475_18454_5714-X24544-Y11201_reg.swc,true,8e165f7b48b8277ab4aab6a4d1d584609f82bb079fbf0c8f32d96f8ca6cb20d9
bil6,bil6/1119750477_18454_5716-X25410-Y10106_reg.swc,train,398,4,5,VPM,raw/bil/swc/1119750477_18454_5716-X25410-Y10106_reg.swc,1119750477_18454_5716-X25410-Y10106_reg.swc,true,855ae4e14fb7fa0e63c46446e258267ef43b66c90e024e4541fcfbf1c7fa4f62
bil6,bil6/1119750482_18454_5724-X10914-Y10918_reg.swc,train,400,0,5,VPM,raw/bil/swc/1119750482_18454_5724-X10914-Y10918_reg.swc,1119750482_18454_5724-X10914-Y10918_reg.swc,true,03681b4370c854fefa4b1217feea6b1c25d5ec3b8587539af63d89fdfd860ade
bil6,bil6/1119750484_18454_5727-X9901-Y11132_reg.swc,test,401,9,5,VPM,raw/bil/swc/1119750484_18454_5727-X9901-Y11132_reg.swc,1119750484_18454_5727-X9901-Y11132_reg.swc,true,180824c78d5bc21e87aa0480505d4ae78258f08b19feff3015fabc2ef28badf6
bil6,bil6/1119750486_18454_5728-X11514-Y10764_reg.swc,test,402,8,5,VPM,raw/bil/swc/1119750486_18454_5728-X11514-Y10764_reg.swc,1119750486_18454_5728-X11514-Y10764_reg.swc,true,174b14e2b9f56d997cbe9d0fbc280925f10821dad056e4d60d747456688e93f0
bil6,bil6/1119750488_18454_5732-X11344-Y10444_reg.swc,train,403,1,5,VPM,raw/bil/swc/1119750488_18454_5732-X11344-Y10444_reg.swc,1119750488_18454_5732-X11344-Y10444_reg.swc,true,fbd85f3371022841dbf9e89659a4c689eb5185fccb46ef4cc9269259dbe7e7f1
bil6,bil6/1119750490_18454_5733-X23556-Y10230_reg.swc,train,404,5,5,VPM,raw/bil/swc/1119750490_18454_5733-X23556-Y10230_reg.swc,1119750490_18454_5733-X23556-Y10230_reg.swc,true,63b14aa531a3e4eb9ccc7f9d1de0cfef1fa4b49b4f90d6383895be87cfbe3a1f
bil6,bil6/1119750494_18454_5738-X9888-Y11518_reg.swc,train,406,7,5,VPM,raw/bil/swc/1119750494_18454_5738-X9888-Y11518_reg.swc,1119750494_18454_5738-X9888-Y11518_reg.swc,true,02f20ba8fcd0d5c441e8338de4c2c742e7bb237289e593c74c161a72a48fcb56
bil6,bil6/1119750496_18454_5740-X22570-Y12011_reg.swc,train,407,4,5,VPM,raw/bil/swc/1119750496_18454_5740-X22570-Y12011_reg.swc,1119750496_18454_5740-X22570-Y12011_reg.swc,true,225ed8eed493e9b6bc64c14350f028d52a4b7d67269faf91f52314e71aa1887d
bil6,bil6/1119750498_18454_5742-X10394-Y11066_reg.swc,train,408,7,5,VPM,raw/bil/swc/1119750498_18454_5742-X10394-Y11066_reg.swc,1119750498_18454_5742-X10394-Y11066_reg.swc,true,757355bc71cf57ed718212b126d39c019e8bd855a9d36009b6c4bdbcc52e24eb
bil6,bil6/1119750500_18454_5753-X11579-Y11717_reg.swc,train,409,5,5,VPM,raw/bil/swc/1119750500_18454_5753-X11579-Y11717_reg.swc,1119750500_18454_5753-X11579-Y11717_reg.swc,true,63b15826b312fcc9636966f95befe504c67def6a15de00f7603779b394fcb7c3
bil6,bil6/1119750502_18454_5754-X12826-Y12446_reg.swc,train,410,6,5,VPM,raw/bil/swc/1119750502_18454_5754-X12826-Y12446_reg.swc,1119750502_18454_5754-X12826-Y12446_reg.swc,true,e29646f0db453521034bf2c5d2085037351b1a32c86396c288603d6cb1f3b7ac
bil6,bil6/1119750504_18454_5756-X10426-Y10790_reg.swc,test,411,8,5,VPM,raw/bil/swc/1119750504_18454_5756-X10426-Y10790_reg.swc,1119750504_18454_5756-X10426-Y10790_reg.swc,true,3cb2f7674b7f445bcc352397eaf8fd8585ef7921a7826cad3e2b1121f0750b3b
bil6,bil6/1119750506_18454_5757-X9537-Y11093_reg.swc,train,412,0,5,VPM,raw/bil/swc/1119750506_18454_5757-X9537-Y11093_reg.swc,1119750506_18454_5757-X9537-Y11093_reg.swc,true,2c6fe9a395501f85695230df98606669052b4ef11ce3262bb9fa61a474bd8514
bil6,bil6/1119750508_18454_5759-X25380-Y10380_reg.swc,train,413,2,5,VPM,raw/bil/swc/1119750508_18454_5759-X25380-Y10380_reg.swc,1119750508_18454_5759-X25380-Y10380_reg.swc,true,c04fc637f27b06795511e958fee3b1009e9fc18cfaecd127fb47b5913b6be202
bil6,bil6/1119750510_18454_5764-X10734-Y11302_reg.swc,train,414,1,5,VPM,raw/bil/swc/1119750510_18454_5764-X10734-Y11302_reg.swc,1119750510_18454_5764-X10734-Y11302_reg.swc,true,8b98d91fded5255a7ff93b0b614d40baa00e4385fd3c3e9f2f50f5dec433ae4f
bil6,bil6/1119750512_18454_5772-X9802-Y10620_reg.swc,test,415,9,5,VPM,raw/bil/swc/1119750512_18454_5772-X9802-Y10620_reg.swc,1119750512_18454_5772-X9802-Y10620_reg.swc,true,0f429b5f951412cd7f4306b63893a00576900ba6fe0c71d1ccf196b940a4ceb7
bil6,bil6/1119750514_18454_5789-X12802-Y12051_reg.swc,train,416,3,5,VPM,raw/bil/swc/1119750514_18454_5789-X12802-Y12051_reg.swc,1119750514_18454_5789-X12802-Y12051_reg.swc,true,b934c686f8c0304b81c0707ce34c721acd7e314c3ecc7a3850cb0f0c7ff53360
bil6,bil6/1119750518_18454_5792-X25312-Y9800_reg.swc,train,418,4,5,VPM,raw/bil/swc/1119750518_18454_5792-X25312-Y9800_reg.swc,1119750518_18454_5792-X25312-Y9800_reg.swc,true,d4b7767f5577f3763fe30519b7d7cf265abb8ec1a53e9b802b2840afdc4bf72c
bil6,bil6/1119750520_18454_5793-X24659-Y11098_reg.swc,train,419,1,5,VPM,raw/bil/swc/1119750520_18454_5793-X24659-Y11098_reg.swc,1119750520_18454_5793-X24659-Y11098_reg.swc,true,1f70a4c801e0367e8487c6d108f2279601c43383034cebae05ad77559d36a7da
bil6,bil6/1119750522_18454_5800-X11287-Y11814_reg.swc,train,420,3,5,VPM,raw/bil/swc/1119750522_18454_5800-X11287-Y11814_reg.swc,1119750522_18454_5800-X11287-Y11814_reg.swc,true,972ea752e99e2504a3f72cabfd97a7caa1142a04c4481fc4c4f56dc2608c380c
bil6,bil6/1119750524_18454_5801-X24057-Y10638_reg.swc,train,421,5,5,VPM,raw/bil/swc/1119750524_18454_5801-X24057-Y10638_reg.swc,1119750524_18454_5801-X24057-Y10638_reg.swc,true,1f533365c7811c97eb63ee1ce3e5fa59cfd3889271914bf68db11a862f88ae91
bil6,bil6/1119750526_18454_5813-X10227-Y10976_reg.swc,test,422,9,5,VPM,raw/bil/swc/1119750526_18454_5813-X10227-Y10976_reg.swc,1119750526_18454_5813-X10227-Y10976_reg.swc,true,f7b8b6f16ab36a7417b943632ce256dc2732d933e5262aa9864770914bbd8911
bil6,bil6/1119750529_18454_5813-X21356-Y12300_reg.swc,train,423,2,5,VPM,raw/bil/swc/1119750529_18454_5813-X21356-Y12300_reg.swc,1119750529_18454_5813-X21356-Y12300_reg.swc,true,6a08bc5d5a2e5865ae930853407bbec5e6dc307b890069d8c5e1ea2b80a47a47
bil6,bil6/1119750533_18454_5815-X9522-Y11016_reg.swc,test,424,8,5,VPM,raw/bil/swc/1119750533_18454_5815-X9522-Y11016_reg.swc,1119750533_18454_5815-X9522-Y11016_reg.swc,true,cff79bb867c1b3ab489f9e5ef1b8dc4c4daf92fac397e293528a3406128cd187
bil6,bil6/1119750531_18454_5815-X24124-Y9821_reg.swc,train,425,6,5,VPM,raw/bil/swc/1119750531_18454_5815-X24124-Y9821_reg.swc,1119750531_18454_5815-X24124-Y9821_reg.swc,true,51914e4f6ab60a07aeece1471341d63550fb69a4d8d6b1c2a9a5061adf51254b
bil6,bil6/1119750535_18454_5816-X10618-Y9993_reg.swc,train,426,7,5,VPM,raw/bil/swc/1119750535_18454_5816-X10618-Y9993_reg.swc,1119750535_18454_5816-X10618-Y9993_reg.swc,true,a68917405c7cb4eeb30edfb8840ec38708ce94268b6db7fa152b52c549e1d59a
bil6,bil6/1119750539_18454_5824-X24709-Y10420_reg.swc,train,427,0,5,VPM,raw/bil/swc/1119750539_18454_5824-X24709-Y10420_reg.swc,1119750539_18454_5824-X24709-Y10420_reg.swc,true,b2016f86692c542809a576d46fab2c80aa1e2c8c69b66f2d9dfae965c06fb8fc
bil6,bil6/1119750537_18454_5824-X22192-Y12777_reg.swc,test,428,8,5,VPM,raw/bil/swc/1119750537_18454_5824-X22192-Y12777_reg.swc,1119750537_18454_5824-X22192-Y12777_reg.swc,true,c2992411093d6720c954edd38c42c6cb2225eceb3febaf1aaba322a36b6898f7
bil6,bil6/1119750541_18454_5828-X22617-Y11656_reg.swc,train,429,5,5,VPM,raw/bil/swc/1119750541_18454_5828-X22617-Y11656_reg.swc,1119750541_18454_5828-X22617-Y11656_reg.swc,true,fbbc5bf6f9c21ca0b830f2ccbe5b01f57ba03a8575c5e5a1dbc8c576b5521014
bil6,bil6/1119750545_18454_5837-X24313-Y10707_reg.swc,train,430,3,5,VPM,raw/bil/swc/1119750545_18454_5837-X24313-Y10707_reg.swc,1119750545_18454_5837-X24313-Y10707_reg.swc,true,67379fa06cafb57998df35bb0ce24629d10890e1bd5e5d1d7ad5ce7e0a910fde
bil6,bil6/1119750543_18454_5837-X23882-Y11840_reg.swc,train,431,0,5,VPM,raw/bil/swc/1119750543_18454_5837-X23882-Y11840_reg.swc,1119750543_18454_5837-X23882-Y11840_reg.swc,true,e35f35304218b25afa70bfe5cd78eccca628205bd9dfc03bb0a3ce296685e4d5
bil6,bil6/1119750550_18454_5840-X9491-Y11442_reg.swc,train,432,6,5,VPM,raw/bil/swc/1119750550_18454_5840-X9491-Y11442_reg.swc,1119750550_18454_5840-X9491-Y11442_reg.swc,true,e77a5c80759ecece89e1faaf9288a983294370fb30a76bc954e134a93ee84788
bil6,bil6/1119750547_18454_5840-X24079-Y12003_reg.swc,train,433,7,5,VPM,raw/bil/swc/1119750547_18454_5840-X24079-Y12003_reg.swc,1119750547_18454_5840-X24079-Y12003_reg.swc,true,ded7733e77ea55d5a588f49724d2ebac9813377c8796b7cfc0e8034a24012c38
bil6,bil6/1119750552_18454_5842-X25468-Y10272_reg.swc,train,434,2,5,VPM,raw/bil/swc/1119750552_18454_5842-X25468-Y10272_reg.swc,1119750552_18454_5842-X25468-Y10272_reg.swc,true,2e69f2cdaa6726e205875cd55cfb32c896ffc7f7fb751d0abf34c6146144f327
bil6,bil6/1119750555_18454_5844-X24066-Y10244_reg.swc,train,435,4,5,VPM,raw/bil/swc/1119750555_18454_5844-X24066-Y10244_reg.swc,1119750555_18454_5844-X24066-Y10244_reg.swc,true,07c68ec205cea46977faec6b5c3a223609a13c0efda1a840016aed64fa37aceb
bil6,bil6/1119750557_18454_5846-X12912-Y12970_reg.swc,train,436,1,5,VPM,raw/bil/swc/1119750557_18454_5846-X12912-Y12970_reg.swc,1119750557_18454_5846-X12912-Y12970_reg.swc,true,342581eb6e05ce27822f9b8cb7665dd17192c3c6f57f22ca0ac1e5237d060d6e
bil6,bil6/1119750559_18454_5863-X11394-Y11744_reg.swc,test,437,9,5,VPM,raw/bil/swc/1119750559_18454_5863-X11394-Y11744_reg.swc,1119750559_18454_5863-X11394-Y11744_reg.swc,true,078e27af7d0a18667639c6590f2439e1027fd8e1eabb39e392aa426bb49c4f27
bil6,bil6/1119750561_18454_5865-X23436-Y11379_reg.swc,train,438,7,5,VPM,raw/bil/swc/1119750561_18454_5865-X23436-Y11379_reg.swc,1119750561_18454_5865-X23436-Y11379_reg.swc,true,34117feb82e10a7e5fe3b77c2d89e93c30118cd0f940d28b5a4d6a51dbb59ac8
bil6,bil6/1119750563_18454_5867-X21893-Y12644_reg.swc,train,439,4,5,VPM,raw/bil/swc/1119750563_18454_5867-X21893-Y12644_reg.swc,1119750563_18454_5867-X21893-Y12644_reg.swc,true,c1460911ca39dc3dbf39a935bd996560e006a4bfaa32d5cc9b5407cd7d9d0035
bil6,bil6/1119750565_18454_5870-X25572-Y10372_reg.swc,train,440,0,5,VPM,raw/bil/swc/1119750565_18454_5870-X25572-Y10372_reg.swc,1119750565_18454_5870-X25572-Y10372_reg.swc,true,808e0d0cc29ea501945bbc81fe4c9eba98384254c488dfdec8222acfb0848d9b
bil6,bil6/1119750567_18454_5876-X22270-Y11484_reg.swc,test,441,8,5,VPM,raw/bil/swc/1119750567_18454_5876-X22270-Y11484_reg.swc,1119750567_18454_5876-X22270-Y11484_reg.swc,true,aca28f035a370ae28ad87a65436af2224f78c98d45c9441853e7f13824345040
bil6,bil6/1119750569_18454_5878-X25136-Y10316_reg.swc,test,442,9,5,VPM,raw/bil/swc/1119750569_18454_5878-X25136-Y10316_reg.swc,1119750569_18454_5878-X25136-Y10316_reg.swc,true,294ed22a583c560a8d8aac292e1fa5cecf6e99cc5d59a949e208db2d35c26a21
bil6,bil6/1119750573_18454_5880-X25624-Y10910_reg.swc,train,443,5,5,VPM,raw/bil/swc/1119750573_18454_5880-X25624-Y10910_reg.swc,1119750573_18454_5880-X25624-Y10910_reg.swc,true,68a5fae9c0c03a1261946bb9f14db7a0bd9bb14654e395e40528d0685b7e4cd1
bil6,bil6/1119750571_18454_5880-X23966-Y9743_reg.swc,train,444,3,5,VPM,raw/bil/swc/1119750571_18454_5880-X23966-Y9743_reg.swc,1119750571_18454_5880-X23966-Y9743_reg.swc,true,8ebd87b5b4a98253f65958b83ba4432a2e9dc20b953d702858ff56fd263d8dd0
bil6,bil6/1119750575_18454_5881-X12472-Y12838_reg.swc,train,445,6,5,VPM,raw/bil/swc/1119750575_18454_5881-X12472-Y12838_reg.swc,1119750575_18454_5881-X12472-Y12838_reg.swc,true,b95a97fa732ad9df488d24ea8ce732130f995e7b7a9feac190bc308eaedf9f19
bil6,bil6/1119750577_18454_5891-X24368-Y10226_reg.swc,train,446,2,5,VPM,raw/bil/swc/1119750577_18454_5891-X24368-Y10226_reg.swc,1119750577_18454_5891-X24368-Y10226_reg.swc,true,52513a751c8aec3991f51db05296b809682a0e8cea52255dfd833ab877444804
bil6,bil6/1119750581_18454_5893-X9753-Y11161_reg.swc,train,447,1,5,VPM,raw/bil/swc/1119750581_18454_5893-X9753-Y11161_reg.swc,1119750581_18454_5893-X9753-Y11161_reg.swc,true,71df588c8dd4cc1a9b08334f4e6de181ab52840598ec8111fc361320a659d02b
bil6,bil6/1119750579_18454_5893-X23971-Y12311_reg.swc,train,448,1,5,VPM,raw/bil/swc/1119750579_18454_5893-X23971-Y12311_reg.swc,1119750579_18454_5893-X23971-Y12311_reg.swc,true,dd3d0a85d0c0eae64496fd4009fef8f9c7e092bd4fba54185d6f3db1df516c0e
bil6,bil6/1119750583_18454_5895-X23656-Y9317_reg.swc,train,449,0,5,VPM,raw/bil/swc/1119750583_18454_5895-X23656-Y9317_reg.swc,1119750583_18454_5895-X23656-Y9317_reg.swc,true,376f34b4e7070b0f1f6796803139bbfdbdf7af41fd009bff84427c4ac5639cb6
bil6,bil6/1119750585_18454_5901-X24094-Y11515_reg.swc,train,450,7,5,VPM,raw/bil/swc/1119750585_18454_5901-X24094-Y11515_reg.swc,1119750585_18454_5901-X24094-Y11515_reg.swc,true,71e659456ab804e9e2c4a2b13663b4bbc1b88b5d7809387df9a4353d5bef9476
bil6,bil6/1119750587_18454_5902-X10719-Y10089_reg.swc,test,451,8,5,VPM,raw/bil/swc/1119750587_18454_5902-X10719-Y10089_reg.swc,1119750587_18454_5902-X10719-Y10089_reg.swc,true,309709308ac12b91a080223c9d002bfa2871e1e8cb22a4b2c6a435de5bb1734e
bil6,bil6/1119750589_18454_5906-X11222-Y11056_reg.swc,test,452,9,5,VPM,raw/bil/swc/1119750589_18454_5906-X11222-Y11056_reg.swc,1119750589_18454_5906-X11222-Y11056_reg.swc,true,055969500107ae7be5317c6855fb19875b185461822c4b3ac63e701b4bd9bbef
bil6,bil6/1119750593_18454_5910-X25230-Y9342_reg.swc,train,454,5,5,VPM,raw/bil/swc/1119750593_18454_5910-X25230-Y9342_reg.swc,1119750593_18454_5910-X25230-Y9342_reg.swc,true,0bbff562e1129e87a3ac53c746bd435fadc1124d44dbc57400664166e7e39394
bil6,bil6/1119750595_18454_5915-X25336-Y9928_reg.swc,train,455,4,5,VPM,raw/bil/swc/1119750595_18454_5915-X25336-Y9928_reg.swc,1119750595_18454_5915-X25336-Y9928_reg.swc,true,8bcee3ecefaacc371282a2c0bfb9516550e999390727309aeb891185ecaa4d11
bil6,bil6/1119750597_18454_5916-X12018-Y12066_reg.swc,train,456,6,5,VPM,raw/bil/swc/1119750597_18454_5916-X12018-Y12066_reg.swc,1119750597_18454_5916-X12018-Y12066_reg.swc,true,413ee5bfb4ab1e2b9e22bed4e54a6ee3fd30346ec906bb7cf3540f60d651fbc7
bil6,bil6/1119750599_18454_5922-X23364-Y10914_reg.swc,train,457,2,5,VPM,raw/bil/swc/1119750599_18454_5922-X23364-Y10914_reg.swc,1119750599_18454_5922-X23364-Y10914_reg.swc,true,4035f775ed31bbad950cf4ec4ec7c964ee71102efee165aed03e74c3434fe31c
bil6,bil6/1119750602_18454_5933-X24952-Y10234_reg.swc,train,458,3,5,VPM,raw/bil/swc/1119750602_18454_5933-X24952-Y10234_reg.swc,1119750602_18454_5933-X24952-Y10234_reg.swc,true,ccc9c480156958ddcf3087f0fb0095b9615b1890b320302ae72d558fa9acbffa
bil6,bil6/1119750604_18454_5944-X25771-Y10502_reg.swc,train,459,6,5,VPM,raw/bil/swc/1119750604_18454_5944-X25771-Y10502_reg.swc,1119750604_18454_5944-X25771-Y10502_reg.swc,true,b4535c2581d8f61bbb34da80126218a326622a4373b69edcc6d6c4707e01f0e3
bil6,bil6/1119750606_18454_5946-X24670-Y9792_reg.swc,train,460,5,5,VPM,raw/bil/swc/1119750606_18454_5946-X24670-Y9792_reg.swc,1119750606_18454_5946-X24670-Y9792_reg.swc,true,168e74a29bb79ced0b819ccea63f259bdbebb3e082add66aced717391454c600
bil6,bil6/1119750608_18454_5964-X23964-Y10074_reg.swc,train,461,7,5,VPM,raw/bil/swc/1119750608_18454_5964-X23964-Y10074_reg.swc,1119750608_18454_5964-X23964-Y10074_reg.swc,true,b27a23a59c00f4398d07bb589fdad70e0856751a02f0e467a82842fcb89b26b2
bil6,bil6/1119750610_18454_5983-X24646-Y11260_reg.swc,train,462,4,5,VPM,raw/bil/swc/1119750610_18454_5983-X24646-Y11260_reg.swc,1119750610_18454_5983-X24646-Y11260_reg.swc,true,da63a60b4dea521904078b2e8b24d040077d6d7bfe31c7a88f20b662bd82703b
bil6,bil6/1119750612_18454_5992-X10515-Y11238_reg.swc,train,463,0,5,VPM,raw/bil/swc/1119750612_18454_5992-X10515-Y11238_reg.swc,1119750612_18454_5992-X10515-Y11238_reg.swc,true,2b13672b5058123bf592c789340e33c1df79b08ef4665e04a32eb1cf5a80c1e9
bil6,bil6/1119750614_18454_6002-X24070-Y10302_reg.swc,train,464,2,5,VPM,raw/bil/swc/1119750614_18454_6002-X24070-Y10302_reg.swc,1119750614_18454_6002-X24070-Y10302_reg.swc,true,34af5ef3cded718a8e85d14f004e63344c3159ef9232f8eaa1b798907524dbc1
bil6,bil6/1119750618_18454_6011-X24721-Y10204_reg.swc,test,465,9,5,VPM,raw/bil/swc/1119750618_18454_6011-X24721-Y10204_reg.swc,1119750618_18454_6011-X24721-Y10204_reg.swc,true,0da3b66b3364d0d9d2b2890cdb5f442900d53c946d361d5076d3c8770a276b4b
bil6,bil6/1119750616_18454_6011-X10592-Y11454_reg.swc,train,466,3,5,VPM,raw/bil/swc/1119750616_18454_6011-X10592-Y11454_reg.swc,1119750616_18454_6011-X10592-Y11454_reg.swc,true,2768543a1ce0806cba21115173c00d832c2c81ca01d74623367d8a720b783c2e
bil6,bil6/1119750620_18454_6020-X9664-Y10924_reg.swc,train,467,1,5,VPM,raw/bil/swc/1119750620_18454_6020-X9664-Y10924_reg.swc,1119750620_18454_6020-X9664-Y10924_reg.swc,true,9c91a79772bece51454671d9f8aa629107c553bfd7fee374a7711809aa57027f
bil6,bil6/1119750623_18454_6026-X25682-Y10690_reg.swc,test,468,8,5,VPM,raw/bil/swc/1119750623_18454_6026-X25682-Y10690_reg.swc,1119750623_18454_6026-X25682-Y10690_reg.swc,true,69b0e6f23c15d1d0b4ef4de8cf8b5c62f0ef5d020c91684c29acc58a8854b976
bil6,bil6/1119750625_18454_6034-X24259-Y9767_reg.swc,test,469,9,5,VPM,raw/bil/swc/1119750625_18454_6034-X24259-Y9767_reg.swc,1119750625_18454_6034-X24259-Y9767_reg.swc,true,778ad45eb7fbde040ce0cbca24c69730119ec1e432065ca08dbe0471ee9346e1
bil6,bil6/1119750627_18454_6058-X23933-Y10741_reg.swc,train,470,5,5,VPM,raw/bil/swc/1119750627_18454_6058-X23933-Y10741_reg.swc,1119750627_18454_6058-X23933-Y10741_reg.swc,true,c41b439b8dd2731ecf859f8f513daff3ddb3c9a029f6c725e018d1d046949e37
bil6,bil6/1119750632_18454_6066-X25312-Y10173_reg.swc,train,472,3,5,VPM,raw/bil/swc/1119750632_18454_6066-X25312-Y10173_reg.swc,1119750632_18454_6066-X25312-Y10173_reg.swc,true,8542b19bb83a0f9581b364480c457879052cf77c5b3b239caca324cf9ac094fe
bil6,bil6/1119750638_18454_6082-X24052-Y10232_reg.swc,test,475,8,5,VPM,raw/bil/swc/1119750638_18454_6082-X24052-Y10232_reg.swc,1119750638_18454_6082-X24052-Y10232_reg.swc,true,f89fe93b4f532c7da2b4e69669f40f56e45b9331d993e607d41cc41b32c857bf
bil6,bil6/1119750640_18454_6083-X23997-Y9733_reg.swc,train,476,1,5,VPM,raw/bil/swc/1119750640_18454_6083-X23997-Y9733_reg.swc,1119750640_18454_6083-X23997-Y9733_reg.swc,true,2f7ba699c77f5780eb4d3ae08d8b19d859831f59cf3bcdf6b90383bdbff432c3
bil6,bil6/1119750642_18454_6101-X25405-Y10390_reg.swc,train,477,6,5,VPM,raw/bil/swc/1119750642_18454_6101-X25405-Y10390_reg.swc,1119750642_18454_6101-X25405-Y10390_reg.swc,true,0557adb33773746c0190c0a6790d438a32135dfcd7a15cc349df5cf7cd1d45ac
bil6,bil6/1119750644_18454_6106-X10426-Y10338_reg.swc,train,478,7,5,VPM,raw/bil/swc/1119750644_18454_6106-X10426-Y10338_reg.swc,1119750644_18454_6106-X10426-Y10338_reg.swc,true,ae39514eb93101bc24dc662eddb592829cc8fb9e5f8ab21407169641f53c564f
bil6,bil6/1119750648_18454_6152-X24206-Y10364_reg.swc,train,480,2,5,VPM,raw/bil/swc/1119750648_18454_6152-X24206-Y10364_reg.swc,1119750648_18454_6152-X24206-Y10364_reg.swc,true,3917c2c6bd91424d2da2e0a0b53ad2f339fa49b597fdba4c5c10fb2304e806ce
bil6,bil6/1119750650_18454_6152-X24660-Y10562_reg.swc,train,481,0,5,VPM,raw/bil/swc/1119750650_18454_6152-X24660-Y10562_reg.swc,1119750650_18454_6152-X24660-Y10562_reg.swc,true,bb5bb1c5cf9ed40ba1580971c7c4212236c9a1ebc6f3c04c34b581a2a78f5c55
bil6,bil6/1119750654_18454_6172-X25190-Y9892_reg.swc,train,483,4,5,VPM,raw/bil/swc/1119750654_18454_6172-X25190-Y9892_reg.swc,1119750654_18454_6172-X25190-Y9892_reg.swc,true,ba48ed360e1381164e52a539ad935a08748dc8413e28e7b3c96defc29a2fdc06
bil6,bil6/1119750656_18454_6173-X24370-Y10012_reg.swc,test,484,9,5,VPM,raw/bil/swc/1119750656_18454_6173-X24370-Y10012_reg.swc,1119750656_18454_6173-X24370-Y10012_reg.swc,true,ec919beedb0248b7a2c4787ea2db73f7659a134cc0c4a02e59ef31ddb49bc501
bil6,bil6/1119750658_18454_6182-X25036-Y9752_reg.swc,train,485,7,5,VPM,raw/bil/swc/1119750658_18454_6182-X25036-Y9752_reg.swc,1119750658_18454_6182-X25036-Y9752_reg.swc,true,e5045a6e67f671f501d56dba5385c1e0bc3a5a1631950a41c4e617ff802c0d39
bil6,bil6/1119750662_18454_6190-X24837-Y11145_reg.swc,train,486,1,5,VPM,raw/bil/swc/1119750662_18454_6190-X24837-Y11145_reg.swc,1119750662_18454_6190-X24837-Y11145_reg.swc,true,c5e00880a8ab802ba7ef3e4cf5a9815a3e64ea1a4f19366fd5d523698b7c9965
bil6,bil6/1119750666_18454_6240-X11112-Y10998_reg.swc,train,489,6,5,VPM,raw/bil/swc/1119750666_18454_6240-X11112-Y10998_reg.swc,1119750666_18454_6240-X11112-Y10998_reg.swc,true,f8a67787774d7ed9e625f050499a6a1a8cba17b510eacbef20d0bb01dffddcdf
bil6,bil6/1119750668_18454_6240-X24888-Y9849_reg.swc,train,490,2,5,VPM,raw/bil/swc/1119750668_18454_6240-X24888-Y9849_reg.swc,1119750668_18454_6240-X24888-Y9849_reg.swc,true,ce44dda2f984f56f6987cde2db1e1dd5d47b454d859a4adcf83c00c2afdc0833
bil6,bil6/1119750670_18454_6246-X24936-Y8580_reg.swc,train,491,0,5,VPM,raw/bil/swc/1119750670_18454_6246-X24936-Y8580_reg.swc,1119750670_18454_6246-X24936-Y8580_reg.swc,true,5f20222a9c6432a348d467585defaedacb07bb3b64bc3dfe9a0211aeefa1410f
bil6,bil6/1119750672_18454_6280-X24676-Y9988_reg.swc,train,492,3,5,VPM,raw/bil/swc/1119750672_18454_6280-X24676-Y9988_reg.swc,1119750672_18454_6280-X24676-Y9988_reg.swc,true,13731fc044ff162d70f98b480805c9223cbd37050d39981ac3a61fc87f0825c2
bil6,bil6/1119750698_18454_6739-X24689-Y10898_reg.swc,train,504,5,5,VPM,raw/bil/swc/1119750698_18454_6739-X24689-Y10898_reg.swc,1119750698_18454_6739-X24689-Y10898_reg.swc,true,75aee40e4ae451e05eaa736d2b214df330b3b455f3053614a9c220f837840883
bil6,bil6/1119750709_18455_3002-X25742-Y11356_reg.swc,train,509,2,0,CP,raw/bil/swc/1119750709_18455_3002-X25742-Y11356_reg.swc,1119750709_18455_3002-X25742-Y11356_reg.swc,true,c599038568a6986a7eea235edc50bf9cf6b54207664a6bb787cd1adacbee27a9
bil6,bil6/1119750711_18455_3164-X15311-Y10774_reg.swc,train,510,3,0,CP,raw/bil/swc/1119750711_18455_3164-X15311-Y10774_reg.swc,1119750711_18455_3164-X15311-Y10774_reg.swc,true,a9e177c86152da677e658c3fa16a8c2969c25d0f01a86a188e81a0aa7c83d8bd
bil6,bil6/1119750713_18455_3254-X28188-Y13861_reg.swc,train,511,4,0,CP,raw/bil/swc/1119750713_18455_3254-X28188-Y13861_reg.swc,1119750713_18455_3254-X28188-Y13861_reg.swc,true,695997f8b321f333cecb48aca4cd1478b81d0c33f226edc49d25a098bfb53f1b
bil6,bil6/1119750715_18455_3275-X28665-Y13370_reg.swc,train,512,5,0,CP,raw/bil/swc/1119750715_18455_3275-X28665-Y13370_reg.swc,1119750715_18455_3275-X28665-Y13370_reg.swc,true,748554d79e069dfdc36fac475ea8b5727216646bd5e2f784bdfcc40e771aee44
bil6,bil6/1119750717_18455_3304-X12753-Y11332_reg.swc,test,513,8,0,CP,raw/bil/swc/1119750717_18455_3304-X12753-Y11332_reg.swc,1119750717_18455_3304-X12753-Y11332_reg.swc,true,d0cec50637b3a50c7044d8fa0e2331f10a10158614bec6d232d471fa3af36e55
bil6,bil6/1119750719_18455_3449-X13519-Y11325_reg.swc,train,514,7,0,CP,raw/bil/swc/1119750719_18455_3449-X13519-Y11325_reg.swc,1119750719_18455_3449-X13519-Y11325_reg.swc,true,f42caefed7bdcb038969dfbdc7a73521d681690c340bf971c17e2ba6ec131857
bil6,bil6/1119750721_18455_3579-X12159-Y10717_reg.swc,train,515,6,0,CP,raw/bil/swc/1119750721_18455_3579-X12159-Y10717_reg.swc,1119750721_18455_3579-X12159-Y10717_reg.swc,true,bf1da79da16ddf031280856cce04a23b0f85a0cef1160b61d62186df69e48d56
bil6,bil6/1119750723_18455_3588-X28597-Y10430_reg.swc,test,516,9,0,CP,raw/bil/swc/1119750723_18455_3588-X28597-Y10430_reg.swc,1119750723_18455_3588-X28597-Y10430_reg.swc,true,3f3968e6e0772630de8907446aa5a470b8eb207751245bed8adfaee98b03a326
bil6,bil6/1119750725_18455_3596-X28298-Y11522_reg.swc,train,517,1,0,CP,raw/bil/swc/1119750725_18455_3596-X28298-Y11522_reg.swc,1119750725_18455_3596-X28298-Y11522_reg.swc,true,fbf7f51b1b23594d4034a4d4ce889b2056909f189e766341a23e53dcf2f354ac
bil6,bil6/1119750727_18455_3612-X15033-Y10207_reg.swc,train,518,4,0,CP,raw/bil/swc/1119750727_18455_3612-X15033-Y10207_reg.swc,1119750727_18455_3612-X15033-Y10207_reg.swc,true,c42ace3aa0d50cc3e07dcb0b18e0944d4daebfd98261e2c1abf6c0a142bb6e21
bil6,bil6/1119750729_18455_3613-X12327-Y10408_reg.swc,train,519,0,0,CP,raw/bil/swc/1119750729_18455_3613-X12327-Y10408_reg.swc,1119750729_18455_3613-X12327-Y10408_reg.swc,true,9c701cf99a325ad2117454ebbb99b3113e3150f68b8a4f8d105fccbf3119d14c
bil6,bil6/1119750731_18455_3652-X11172-Y11706_reg.swc,test,520,8,0,CP,raw/bil/swc/1119750731_18455_3652-X11172-Y11706_reg.swc,1119750731_18455_3652-X11172-Y11706_reg.swc,true,efa906904a8621968b72c951596a066f7b88d0ad91b24bccf6a8ca3c9dff485c
bil6,bil6/1119750733_18455_3664-X25944-Y12956_reg.swc,test,521,9,0,CP,raw/bil/swc/1119750733_18455_3664-X25944-Y12956_reg.swc,1119750733_18455_3664-X25944-Y12956_reg.swc,true,722044c8ce432934ed5ecf68a25b42a0e61324ac5ec1e4d064c3c4632eb09d0d
bil6,bil6/1119750735_18455_3678-X10172-Y13098_reg.swc,train,522,2,0,CP,raw/bil/swc/1119750735_18455_3678-X10172-Y13098_reg.swc,1119750735_18455_3678-X10172-Y13098_reg.swc,true,d499a19178e1742f5113efad871053a0f9df1edc162ccb64db491020dc327009
bil6,bil6/1119750737_18455_3718-X10944-Y12140_reg.swc,train,523,7,0,CP,raw/bil/swc/1119750737_18455_3718-X10944-Y12140_reg.swc,1119750737_18455_3718-X10944-Y12140_reg.swc,true,5257db0342fa9c04a1d7d2a3feabe186232c7f58cfbe7bfb1c6e88f3f26a1c2c
bil6,bil6/1119750739_18455_3774-X27258-Y10252_reg.swc,train,524,1,0,CP,raw/bil/swc/1119750739_18455_3774-X27258-Y10252_reg.swc,1119750739_18455_3774-X27258-Y10252_reg.swc,true,7684e21b81ac7b9171029d63233d5c47806f1a9efbc3133734a231511392b80a
bil6,bil6/1119750741_18455_3866-X30090-Y11350_reg.swc,train,525,3,0,CP,raw/bil/swc/1119750741_18455_3866-X30090-Y11350_reg.swc,1119750741_18455_3866-X30090-Y11350_reg.swc,true,7b7a461b03c555670ed4756e7693e82c63cdd8084b45b9a95f15bc761b14c4bc
bil6,bil6/1119750743_18455_3880-X29459-Y13296_reg.swc,train,526,5,0,CP,raw/bil/swc/1119750743_18455_3880-X29459-Y13296_reg.swc,1119750743_18455_3880-X29459-Y13296_reg.swc,true,db799b249fd1f1fa8bcf56fd16fa3950d82a41d26e5d7a889644c3a510788706
bil6,bil6/1119750745_18455_3882-X12131-Y10490_reg.swc,train,527,6,0,CP,raw/bil/swc/1119750745_18455_3882-X12131-Y10490_reg.swc,1119750745_18455_3882-X12131-Y10490_reg.swc,true,38c3af87f260e82d942205b2f77234e86a40cb013613f26b5124127e5920d70b
bil6,bil6/1119750747_18455_3892-X11616-Y10738_reg.swc,train,528,0,0,CP,raw/bil/swc/1119750747_18455_3892-X11616-Y10738_reg.swc,1119750747_18455_3892-X11616-Y10738_reg.swc,true,5853debe5a697ee6fe5082d4271477d822b014bb6b8a1444a0cdca8948558daa
bil6,bil6/1119750749_18455_3956-X27856-Y10376_reg.swc,train,529,5,0,CP,raw/bil/swc/1119750749_18455_3956-X27856-Y10376_reg.swc,1119750749_18455_3956-X27856-Y10376_reg.swc,true,f1d63493097d7a44f1f576d7ec278eb10433fd0bd9d7e8dcddea5af828497c28
bil6,bil6/1119750752_18455_3986-X13429-Y11150_reg.swc,train,530,7,0,CP,raw/bil/swc/1119750752_18455_3986-X13429-Y11150_reg.swc,1119750752_18455_3986-X13429-Y11150_reg.swc,true,e33863d2b2e5f7c3649be32cce290d18c79f343bb2dfc7ac53c67f68aaafbb08
bil6,bil6/1119750754_18455_4028-X31096-Y13276_reg.swc,train,531,4,0,CP,raw/bil/swc/1119750754_18455_4028-X31096-Y13276_reg.swc,1119750754_18455_4028-X31096-Y13276_reg.swc,true,41aad785fee53ca10d78bc75eeb4fee2be212c52cb0a4a4b98b7031e0fea4d99
bil6,bil6/1119750756_18455_4036-X28562-Y9578_reg.swc,train,532,3,0,CP,raw/bil/swc/1119750756_18455_4036-X28562-Y9578_reg.swc,1119750756_18455_4036-X28562-Y9578_reg.swc,true,f76019a11797c1518bfd03581fd614e2f7ebf9b527f18c03f4f81fb8ea7fe799
bil6,bil6/1119750758_18455_4166-X27256-Y8754_reg.swc,train,533,2,0,CP,raw/bil/swc/1119750758_18455_4166-X27256-Y8754_reg.swc,1119750758_18455_4166-X27256-Y8754_reg.swc,true,41273a34d1d826805496f8dcf4627fc3c868c4be43ed78f91228ffc0e51d5334
bil6,bil6/1119750760_18455_4243-X10724-Y13084_reg.swc,test,534,9,0,CP,raw/bil/swc/1119750760_18455_4243-X10724-Y13084_reg.swc,1119750760_18455_4243-X10724-Y13084_reg.swc,true,907c8ad15d9319a92c5ee2cd339dec54a6556c8a66f9a6aa891a2392373c295e
bil6,bil6/1119750762_18455_4314-X30576-Y12202_reg.swc,test,535,8,0,CP,raw/bil/swc/1119750762_18455_4314-X30576-Y12202_reg.swc,1119750762_18455_4314-X30576-Y12202_reg.swc,true,2309a354a5add6dd38de22365f7af88b863d38c9862770878d82b8a62d8600fd
bil6,bil6/1119750764_18455_4400-X29693-Y15922_reg.swc,train,536,1,0,CP,raw/bil/swc/1119750764_18455_4400-X29693-Y15922_reg.swc,1119750764_18455_4400-X29693-Y15922_reg.swc,true,41ce19d090e47bff9bd9c8c6fe1007da469079b39733938b374cf0826b783480
bil6,bil6/1119750766_18455_4593-X29236-Y9932_reg.swc,train,537,6,0,CP,raw/bil/swc/1119750766_18455_4593-X29236-Y9932_reg.swc,1119750766_18455_4593-X29236-Y9932_reg.swc,true,90175ed8811bd7afdc73930ef2b4f4ea270ebdc6de50b0849e8d35c20ee0ad85
bil6,bil6/1119750768_18455_4619-X10185-Y12182_reg.swc,train,538,1,0,CP,raw/bil/swc/1119750768_18455_4619-X10185-Y12182_reg.swc,1119750768_18455_4619-X10185-Y12182_reg.swc,true,84e66a1e2fd47cefcfca966264f83655341a75b6180fe1c2f42f106cff665f74
bil6,bil6/1119750782_18455_5058-X31546-Y10774_reg.swc,train,544,0,0,CP,raw/bil/swc/1119750782_18455_5058-X31546-Y10774_reg.swc,1119750782_18455_5058-X31546-Y10774_reg.swc,true,055eae563307cabfa2bc913d1050d95ad5f464b45cc7a07b56666a48370ef998
bil6,bil6/1119750794_18455_5246-X26388-Y13586_reg.swc,train,550,4,5,VPM,raw/bil/swc/1119750794_18455_5246-X26388-Y13586_reg.swc,1119750794_18455_5246-X26388-Y13586_reg.swc,true,63b1f09e581d1918f4e8080efdf10f5f4bcee7e6c875645c6d2b80d03062ec0f
bil6,bil6/1119750796_18455_5250-X26774-Y12458_reg.swc,test,551,8,5,VPM,raw/bil/swc/1119750796_18455_5250-X26774-Y12458_reg.swc,1119750796_18455_5250-X26774-Y12458_reg.swc,true,776f5f76bbbe0daae158c458097c11a2eaeb2eb1359b6b8de952995692c1de28
bil6,bil6/1119750798_18455_5253-X25617-Y13881_reg.swc,train,552,6,5,VPM,raw/bil/swc/1119750798_18455_5253-X25617-Y13881_reg.swc,1119750798_18455_5253-X25617-Y13881_reg.swc,true,d7667429c48cd1448f1ea3906e29918b4ca8f185e23788400b7cea03c4e7351f
bil6,bil6/1119750800_18455_5270-X26584-Y13108_reg.swc,test,553,9,5,VPM,raw/bil/swc/1119750800_18455_5270-X26584-Y13108_reg.swc,1119750800_18455_5270-X26584-Y13108_reg.swc,true,252de67e6b0afc7c19d27edc750b00508a28a11b8ba49eb027c6e83959ed6a09
bil6,bil6/1119750802_18455_5316-X26308-Y13288_reg.swc,train,554,0,5,VPM,raw/bil/swc/1119750802_18455_5316-X26308-Y13288_reg.swc,1119750802_18455_5316-X26308-Y13288_reg.swc,true,3c4d24b16ad2f06143796759cadd2858263ada186100078898dde5f15105fcb5
bil6,bil6/1119750804_18455_5322-X25738-Y14318_reg.swc,train,555,2,5,VPM,raw/bil/swc/1119750804_18455_5322-X25738-Y14318_reg.swc,1119750804_18455_5322-X25738-Y14318_reg.swc,true,7e82581a61ee958eb8b934a0813a4e198161076d36fcabbbc077d0694fe116f4
bil6,bil6/1119750806_18455_5328-X26926-Y12588_reg.swc,train,556,1,5,VPM,raw/bil/swc/1119750806_18455_5328-X26926-Y12588_reg.swc,1119750806_18455_5328-X26926-Y12588_reg.swc,true,7858c486d10b77e35a15680ed23bf95e1ac67ea19f321806b2c8f476a256e560
bil6,bil6/1119750812_18455_5338-X9248-Y10906_reg.swc,train,558,2,0,CP,raw/bil/swc/1119750812_18455_5338-X9248-Y10906_reg.swc,1119750812_18455_5338-X9248-Y10906_reg.swc,true,9ecba7ab919fc5a82867a4c7fe1f1cec1250ea5124e2295bb99675c15b78bfc8
bil6,bil6/1119750810_18455_5338-X26488-Y13006_reg.swc,train,559,3,5,VPM,raw/bil/swc/1119750810_18455_5338-X26488-Y13006_reg.swc,1119750810_18455_5338-X26488-Y13006_reg.swc,true,a43d544c813562ae64ef110dee83f91f60dfdc597c77d2db270e384b6cc63283
bil6,bil6/1119750816_18455_5382-X12490-Y12368_reg.swc,train,561,5,5,VPM,raw/bil/swc/1119750816_18455_5382-X12490-Y12368_reg.swc,1119750816_18455_5382-X12490-Y12368_reg.swc,true,0f2f37356a796080a4f7cabed934366a155d44e7a1d1c9a2dd96ca91584f28fc
bil6,bil6/1119750818_18455_5388-X25394-Y12820_reg.swc,train,562,4,5,VPM,raw/bil/swc/1119750818_18455_5388-X25394-Y12820_reg.swc,1119750818_18455_5388-X25394-Y12820_reg.swc,true,a56252a9089cce3ec686c26bb4c7281baeb1023ff0f42e19f20e8ba2a537db92
bil6,bil6/1119750820_18455_5399-X13603-Y11245_reg.swc,test,563,8,5,VPM,raw/bil/swc/1119750820_18455_5399-X13603-Y11245_reg.swc,1119750820_18455_5399-X13603-Y11245_reg.swc,true,e9be9de42c2b1117a6f8c3a5d1cee2b10dbf574553d923f704d400c0c394f025
bil6,bil6/1119750822_18455_5404-X24949-Y14106_reg.swc,train,564,7,5,VPM,raw/bil/swc/1119750822_18455_5404-X24949-Y14106_reg.swc,1119750822_18455_5404-X24949-Y14106_reg.swc,true,0a508fe200e64dd97083250d8fbb352cac690fb1d087bb779d8527a3b74f4c52
bil6,bil6/1119750827_18455_5412-X28182-Y11998_reg.swc,train,566,2,5,VPM,raw/bil/swc/1119750827_18455_5412-X28182-Y11998_reg.swc,1119750827_18455_5412-X28182-Y11998_reg.swc,true,eb2c0795d8630137715800805a9a168d7b08b027f1323287e5faea03418f7674
bil6,bil6/1119750829_18455_5424-X13726-Y11944_reg.swc,train,567,4,5,VPM,raw/bil/swc/1119750829_18455_5424-X13726-Y11944_reg.swc,1119750829_18455_5424-X13726-Y11944_reg.swc,true,db763c20f4d197721efb144f7e4c2eaa7082b24f249c6f8e7c888985e843d3fd
bil6,bil6/1119750831_18455_5430-X28076-Y12758_reg.swc,train,568,6,5,VPM,raw/bil/swc/1119750831_18455_5430-X28076-Y12758_reg.swc,1119750831_18455_5430-X28076-Y12758_reg.swc,true,b757477f76401cc82933c38e299f7a3b860bdb1661c49d9be848d828517b1326
bil6,bil6/1119750835_18455_5460-X12709-Y11799_reg.swc,train,570,1,5,VPM,raw/bil/swc/1119750835_18455_5460-X12709-Y11799_reg.swc,1119750835_18455_5460-X12709-Y11799_reg.swc,true,b2053f882846e6cd8b21f285336f2acb8cfddbe13996b852376f2c9b3bca9b12
bil6,bil6/1119750837_18455_5462-X13684-Y13070_reg.swc,train,571,5,5,VPM,raw/bil/swc/1119750837_18455_5462-X13684-Y13070_reg.swc,1119750837_18455_5462-X13684-Y13070_reg.swc,true,c7db990356341c8c2633424ca429aa6cd3a081e0477501bdc4232069af3f565c
bil6,bil6/1119750839_18455_5472-X13482-Y11733_reg.swc,train,572,3,5,VPM,raw/bil/swc/1119750839_18455_5472-X13482-Y11733_reg.swc,1119750839_18455_5472-X13482-Y11733_reg.swc,true,55affb61e0600f2cbfd08b52625e27fe9b7fdce3091d051f7cdd05b3fc98fdbb
bil6,bil6/1119750841_18455_5474-X14981-Y13279_reg.swc,train,573,7,5,VPM,raw/bil/swc/1119750841_18455_5474-X14981-Y13279_reg.swc,1119750841_18455_5474-X14981-Y13279_reg.swc,true,97488986210599e3869879700c51caa45c62118d8481e79d1e8dbb40c7e116ff
bil6,bil6/1119750845_18455_5486-X14002-Y13012_reg.swc,train,574,0,5,VPM,raw/bil/swc/1119750845_18455_5486-X14002-Y13012_reg.swc,1119750845_18455_5486-X14002-Y13012_reg.swc,true,de0ee15775ba50b3fb2b7a5058c572c0d9bde0638dbfa92aaa84a88b89e28e01
bil6,bil6/1119750849_18455_5496-X12402-Y12214_reg.swc,test,576,9,5,VPM,raw/bil/swc/1119750849_18455_5496-X12402-Y12214_reg.swc,1119750849_18455_5496-X12402-Y12214_reg.swc,true,77cd15d71676d1a11a8ce6362ba4195d4f1f95d8e4c83242ab796ed8398394d1
bil6,bil6/1119750851_18455_5507-X14812-Y14221_reg.swc,test,577,8,5,VPM,raw/bil/swc/1119750851_18455_5507-X14812-Y14221_reg.swc,1119750851_18455_5507-X14812-Y14221_reg.swc,true,1563a28aa3cf1fe3cf93bd01022a06135d035f348f94fa4fbe542d89a12a870c
bil6,bil6/1119750856_18455_5520-X28550-Y12522_reg.swc,train,579,0,5,VPM,raw/bil/swc/1119750856_18455_5520-X28550-Y12522_reg.swc,1119750856_18455_5520-X28550-Y12522_reg.swc,true,829d9850bd7642fb468aaf6e09ef680af49b34f68a5bc54138f91e88d7177a9d
bil6,bil6/1119750858_18455_5534-X13236-Y13128_reg.swc,test,580,9,5,VPM,raw/bil/swc/1119750858_18455_5534-X13236-Y13128_reg.swc,1119750858_18455_5534-X13236-Y13128_reg.swc,true,4c6a3ee9d4020fdb7456a499c5ebd73de4b8758a38f5cf02a18a9f031ff0dc33
bil6,bil6/1119750862_18455_5539-X25803-Y14383_reg.swc,train,582,5,5,VPM,raw/bil/swc/1119750862_18455_5539-X25803-Y14383_reg.swc,1119750862_18455_5539-X25803-Y14383_reg.swc,true,a6e173694409ed5f96618d2bc431576cb7b750291c74f541b2641992eb326de3
bil6,bil6/1119750864_18455_5541-X26930-Y11954_reg.swc,train,583,6,5,VPM,raw/bil/swc/1119750864_18455_5541-X26930-Y11954_reg.swc,1119750864_18455_5541-X26930-Y11954_reg.swc,true,9ae9dda5bf3601b7c469350791781cf0d224ee4a466f0077dd0284097f0a024a
bil6,bil6/1119750868_18455_5548-X25459-Y13308_reg.swc,train,585,3,5,VPM,raw/bil/swc/1119750868_18455_5548-X25459-Y13308_reg.swc,1119750868_18455_5548-X25459-Y13308_reg.swc,true,26313bf6bb326d6455e02046ca7987eafb6abed99166f542fa961169855d2da1
bil6,bil6/1119750870_18455_5550-X12646-Y12472_reg.swc,test,586,8,5,VPM,raw/bil/swc/1119750870_18455_5550-X12646-Y12472_reg.swc,1119750870_18455_5550-X12646-Y12472_reg.swc,true,5075416f9ccfdfdb1560d1d660f41afca302dd3c8cb9a4d5cdf8c9790d912803
bil6,bil6/1119750872_18455_5554-X13744-Y12928_reg.swc,train,587,2,5,VPM,raw/bil/swc/1119750872_18455_5554-X13744-Y12928_reg.swc,1119750872_18455_5554-X13744-Y12928_reg.swc,true,b8b8abe02fa939506db3f0c1572f6f121354e937721076012007ceb3ba413135
bil6,bil6/1119750874_18455_5576-X27320-Y11389_reg.swc,train,588,7,5,VPM,raw/bil/swc/1119750874_18455_5576-X27320-Y11389_reg.swc,1119750874_18455_5576-X27320-Y11389_reg.swc,true,08140de3b5f42503536adaedde7173e2caa9728aea84c236b8bbb29cd03be169
bil6,bil6/1119750878_18455_5593-X27981-Y11978_reg.swc,train,590,1,5,VPM,raw/bil/swc/1119750878_18455_5593-X27981-Y11978_reg.swc,1119750878_18455_5593-X27981-Y11978_reg.swc,true,8e6a8fc23997e4ac2b7a3073ed6ee1f3f95de919c9c6bcfe17efc91d4400218c
bil6,bil6/1119750880_18455_5594-X13496-Y11384_reg.swc,train,591,4,5,VPM,raw/bil/swc/1119750880_18455_5594-X13496-Y11384_reg.swc,1119750880_18455_5594-X13496-Y11384_reg.swc,true,497436324650c791ead1f0d4b4663050e2a202a8e9e1406a4a82879c266de90e
bil6,bil6/1119750882_18455_5606-X15835-Y13965_reg.swc,train,592,4,5,VPM,raw/bil/swc/1119750882_18455_5606-X15835-Y13965_reg.swc,1119750882_18455_5606-X15835-Y13965_reg.swc,true,95fb0f6364fcaf30bd2327e648f92016d4f563e63e1a454dc77590485cdb27ea
bil6,bil6/1119750884_18455_5627-X14513-Y14038_reg.swc,train,593,1,5,VPM,raw/bil/swc/1119750884_18455_5627-X14513-Y14038_reg.swc,1119750884_18455_5627-X14513-Y14038_reg.swc,true,d64885b17432171562ae4609696daad747d76f4bcb5304b48fab9ed8b4fb6468
bil6,bil6/1119750886_18455_5637-X26385-Y12104_reg.swc,test,594,9,5,VPM,raw/bil/swc/1119750886_18455_5637-X26385-Y12104_reg.swc,1119750886_18455_5637-X26385-Y12104_reg.swc,true,abd7baf84ff8a385c3ff92f61764bbee9d78abdc80bdf156a0ba136d6577022e
bil6,bil6/1119750888_18455_5638-X13437-Y12197_reg.swc,train,595,6,5,VPM,raw/bil/swc/1119750888_18455_5638-X13437-Y12197_reg.swc,1119750888_18455_5638-X13437-Y12197_reg.swc,true,0514515de62f29204d72cf191550657c537e982b197609654ba09f9e5f5db97d
bil6,bil6/1119750890_18455_5644-X28636-Y11606_reg.swc,train,596,2,5,VPM,raw/bil/swc/1119750890_18455_5644-X28636-Y11606_reg.swc,1119750890_18455_5644-X28636-Y11606_reg.swc,true,e63f18d5869ec9142950f533a773ac2ac36ce948d76c9912e5661aab24359501
bil6,bil6/1119750892_18455_5645-X26823-Y11751_reg.swc,test,597,8,5,VPM,raw/bil/swc/1119750892_18455_5645-X26823-Y11751_reg.swc,1119750892_18455_5645-X26823-Y11751_reg.swc,true,7a6c6756ee6f5b98acbbc665216590c6b0de8211ccf2566affdd7877b17ad647
bil6,bil6/1119750894_18455_5654-X28056-Y11789_reg.swc,train,598,5,5,VPM,raw/bil/swc/1119750894_18455_5654-X28056-Y11789_reg.swc,1119750894_18455_5654-X28056-Y11789_reg.swc,true,0a5ec2a6b9889670c9fd8afa723387829c4c89e426954bed8fce33e0ab66939a
bil6,bil6/1119750897_18455_5678-X8306-Y13292_reg.swc,train,599,6,0,CP,raw/bil/swc/1119750897_18455_5678-X8306-Y13292_reg.swc,1119750897_18455_5678-X8306-Y13292_reg.swc,true,04904eeaaed4244dac9006dbf0a32dae31e40fe80c30ea5693954e35d51d6767
bil6,bil6/1119750899_18455_5699-X15202-Y13885_reg.swc,train,600,7,5,VPM,raw/bil/swc/1119750899_18455_5699-X15202-Y13885_reg.swc,1119750899_18455_5699-X15202-Y13885_reg.swc,true,1b5245789b0c2b22447add754fde4611603d7a81984c09b7d236c1e334a13932
bil6,bil6/1119750901_18455_5710-X26348-Y12207_reg.swc,train,601,0,5,VPM,raw/bil/swc/1119750901_18455_5710-X26348-Y12207_reg.swc,1119750901_18455_5710-X26348-Y12207_reg.swc,true,e815e149a7759b626000918ae117c55ba5ed4c71c437991e8a2aeddf78868cb0
bil6,bil6/1119750903_18455_5724-X12470-Y11464_reg.swc,train,602,3,5,VPM,raw/bil/swc/1119750903_18455_5724-X12470-Y11464_reg.swc,1119750903_18455_5724-X12470-Y11464_reg.swc,true,215231c16d113f29da65a5fd51e560fc6ec28a3fdb30133dcbddce7dad741c94
bil6,bil6/1119750905_18455_5724-X28170-Y12030_reg.swc,train,603,0,5,VPM,raw/bil/swc/1119750905_18455_5724-X28170-Y12030_reg.swc,1119750905_18455_5724-X28170-Y12030_reg.swc,true,ac77c8b493e4ff9e6a9f6b3c9e2dcd11afe09da9532b4dfe15efa6d569709d78
bil6,bil6/1119750907_18455_5730-X15780-Y13638_reg.swc,train,604,7,5,VPM,raw/bil/swc/1119750907_18455_5730-X15780-Y13638_reg.swc,1119750907_18455_5730-X15780-Y13638_reg.swc,true,cdad7786cbe9d870c49364f5e896c6862fde53c6848b4c9fbe48b68069d646ad
bil6,bil6/1119750909_18455_5739-X12569-Y11475_reg.swc,train,605,6,5,VPM,raw/bil/swc/1119750909_18455_5739-X12569-Y11475_reg.swc,1119750909_18455_5739-X12569-Y11475_reg.swc,true,04ccc5fea780821ab857496c54b37b9f66581794b49057bfedff6dfa139710ab
bil6,bil6/1119750911_18455_5744-X12433-Y11872_reg.swc,train,606,3,5,VPM,raw/bil/swc/1119750911_18455_5744-X12433-Y11872_reg.swc,1119750911_18455_5744-X12433-Y11872_reg.swc,true,d6a06c8b0828f089b2150c7fb3816a21329dbc0e501992617a393a7bcea5c0c2
bil6,bil6/1119750914_18455_5745-X28236-Y11727_reg.swc,train,607,5,5,VPM,raw/bil/swc/1119750914_18455_5745-X28236-Y11727_reg.swc,1119750914_18455_5745-X28236-Y11727_reg.swc,true,afe09f37324bc0a9a2f28587780000ac3357540adbd0ab8b2a04417c2c10a5c6
bil6,bil6/1119750916_18455_5787-X12091-Y11732_reg.swc,test,608,9,5,VPM,raw/bil/swc/1119750916_18455_5787-X12091-Y11732_reg.swc,1119750916_18455_5787-X12091-Y11732_reg.swc,true,c1b65f75dc8956ba2ad921a03b90816bdc8b70845e8d8df2043de65b2ed5d568
bil6,bil6/1119750920_18455_5832-X13130-Y11870_reg.swc,train,610,1,5,VPM,raw/bil/swc/1119750920_18455_5832-X13130-Y11870_reg.swc,1119750920_18455_5832-X13130-Y11870_reg.swc,true,d48d2d72f614ec572f766c06be4c1c7bb7f2f721a6e77bee056fd351da798f15
bil6,bil6/1119750922_18455_5868-X13578-Y12094_reg.swc,train,611,2,5,VPM,raw/bil/swc/1119750922_18455_5868-X13578-Y12094_reg.swc,1119750922_18455_5868-X13578-Y12094_reg.swc,true,62d72254c5d6aa4bb80ff4dc553bbeac0151c0aa2e1ba713bfc7ee3541469f5b
bil6,bil6/1119750927_18455_5900-X27274-Y11262_reg.swc,train,613,4,5,VPM,raw/bil/swc/1119750927_18455_5900-X27274-Y11262_reg.swc,1119750927_18455_5900-X27274-Y11262_reg.swc,true,0bc8954b74d37af7cd8b42d77c6aa1565e8df6940ad72a9fffab9a66611abb1b
bil6,bil6/1119750931_18455_5969-X26446-Y12615_reg.swc,test,615,8,5,VPM,raw/bil/swc/1119750931_18455_5969-X26446-Y12615_reg.swc,1119750931_18455_5969-X26446-Y12615_reg.swc,true,7c57a3f7893babb819ed0b529ee28b572a0034bc10b988a9b64a32f561c64260
bil6,bil6/1119750935_18455_6138-X26660-Y12273_reg.swc,train,617,3,5,VPM,raw/bil/swc/1119750935_18455_6138-X26660-Y12273_reg.swc,1119750935_18455_6138-X26660-Y12273_reg.swc,true,4c838b29bd1a6323bfcd9ee1c3d194bdf58a662e810158418e888bb04e4caf13
bil6,bil6/1119751447_18462_2656-X18504-Y10498_reg.swc,train,624,3,0,CP,raw/bil/swc/1119751447_18462_2656-X18504-Y10498_reg.swc,1119751447_18462_2656-X18504-Y10498_reg.swc,true,cc108e980811d1f1355df2f972378b15a38cdbb0336cab803e41f5011b8281b5
bil6,bil6/1119751449_18462_3175-X21732-Y11288_reg.swc,test,625,8,0,CP,raw/bil/swc/1119751449_18462_3175-X21732-Y11288_reg.swc,1119751449_18462_3175-X21732-Y11288_reg.swc,true,75b6341a91dc5e0f174c0b0cbe4d607e78708575be8c11a78d8b4f5f58dae29c
bil6,bil6/1119751451_18462_3254-X22012-Y11184_reg.swc,test,626,9,0,CP,raw/bil/swc/1119751451_18462_3254-X22012-Y11184_reg.swc,1119751451_18462_3254-X22012-Y11184_reg.swc,true,22a6f3c2cb085b4fe342e1fa5322fea9bd49e317a5496c679163f65a8c49f5e1
bil6,bil6/1119751453_18462_3332-X21453-Y10452_reg.swc,train,627,4,0,CP,raw/bil/swc/1119751453_18462_3332-X21453-Y10452_reg.swc,1119751453_18462_3332-X21453-Y10452_reg.swc,true,7ad3eab4afb0d59b92e6a9fb4f680d6e4418e340001f4ee8d653e66cb3ac02c0
bil6,bil6/1119751455_18462_3538-X19451-Y9138_reg.swc,train,628,5,0,CP,raw/bil/swc/1119751455_18462_3538-X19451-Y9138_reg.swc,1119751455_18462_3538-X19451-Y9138_reg.swc,true,2d43f1344a21183e21e683bcc0050bad85156f28c7e63d678cbd76fe39370a72
bil6,bil6/1119751457_18462_3539-X11982-Y10038_reg.swc,train,629,7,0,CP,raw/bil/swc/1119751457_18462_3539-X11982-Y10038_reg.swc,1119751457_18462_3539-X11982-Y10038_reg.swc,true,d0232513a53d118795d3417ccdfd3b8d40b4ae73d5c2852ba1d34182f296806e
bil6,bil6/1119751459_18462_3734-X11168-Y8716_reg.swc,train,630,0,0,CP,raw/bil/swc/1119751459_18462_3734-X11168-Y8716_reg.swc,1119751459_18462_3734-X11168-Y8716_reg.swc,true,59c713c36607535a61847d5b59505ecc9c81ab769b4516389b26de4036ee4ff2
bil6,bil6/1119751461_18462_4019-X10864-Y7718_reg.swc,test,631,8,0,CP,raw/bil/swc/1119751461_18462_4019-X10864-Y7718_reg.swc,1119751461_18462_4019-X10864-Y7718_reg.swc,true,25edabb4c52294d5d516c826fa448350e2c778befe88d8e3fc232d4997c69f6c
bil6,bil6/1119751463_18462_4368-X21242-Y8643_reg.swc,test,632,9,0,CP,raw/bil/swc/1119751463_18462_4368-X21242-Y8643_reg.swc,1119751463_18462_4368-X21242-Y8643_reg.swc,true,4bd98dd9d045d065959a9efda6da2789f22382496c97012ad17376cb94c29b99
bil6,bil6/1119751465_18462_5022-X19991-Y10870_reg.swc,test,633,8,5,VPM,raw/bil/swc/1119751465_18462_5022-X19991-Y10870_reg.swc,1119751465_18462_5022-X19991-Y10870_reg.swc,true,738df7b022eede0251af995619f1c933208eb6ba34b380b4d833ef241888b078
bil6,bil6/1119751469_18462_5056-X20583-Y10028_reg.swc,train,635,2,5,VPM,raw/bil/swc/1119751469_18462_5056-X20583-Y10028_reg.swc,1119751469_18462_5056-X20583-Y10028_reg.swc,true,c87a2e5ee6550b6c7abf51900c4c6e67cb477ddb1693e1dfccc44a94b472edef
bil6,bil6/1119751474_18462_5112-X20396-Y10520_reg.swc,train,637,1,5,VPM,raw/bil/swc/1119751474_18462_5112-X20396-Y10520_reg.swc,1119751474_18462_5112-X20396-Y10520_reg.swc,true,66dbdd742cba9f1e2e6e3743d5c44e73b2a1dee77494bbedd82ac88e2a75ac97
bil6,bil6/1119751476_18462_5139-X20549-Y10174_reg.swc,train,638,6,5,VPM,raw/bil/swc/1119751476_18462_5139-X20549-Y10174_reg.swc,1119751476_18462_5139-X20549-Y10174_reg.swc,true,01dea360950c24984c0d6a8d8b84ea989bb42d791ca618168a9c32f7a15f98a7
bil6,bil6/1119751478_18462_5164-X20510-Y10800_reg.swc,train,639,0,5,VPM,raw/bil/swc/1119751478_18462_5164-X20510-Y10800_reg.swc,1119751478_18462_5164-X20510-Y10800_reg.swc,true,9f44e3ebeed0a0f55cee1fe4aa82638b051b4e4d87ebe63f2535ad1b4c3bea2e
bil6,bil6/1119751480_18462_5261-X19282-Y10948_reg.swc,train,640,5,5,VPM,raw/bil/swc/1119751480_18462_5261-X19282-Y10948_reg.swc,1119751480_18462_5261-X19282-Y10948_reg.swc,true,473d38b6788aaa2c4001f4365aac348a0ff4a885a57581a9f9ff5b60fed57245
bil6,bil6/1119751485_18462_5376-X20448-Y11695_reg.swc,train,642,7,5,VPM,raw/bil/swc/1119751485_18462_5376-X20448-Y11695_reg.swc,1119751485_18462_5376-X20448-Y11695_reg.swc,true,73dd54dfa996b39f4d01f96d4ef0ee2c664b032785f6e762f80efe5ca3111535
bil6,bil6/1119751487_18462_5407-X21610-Y9761_reg.swc,train,643,4,5,VPM,raw/bil/swc/1119751487_18462_5407-X21610-Y9761_reg.swc,1119751487_18462_5407-X21610-Y9761_reg.swc,true,bc26a4996a62f5cd37433b41c897c17cdfadc018d5009929ce044b76e10c2ea0
bil6,bil6/1119751489_18462_5510-X10666-Y10190_reg.swc,test,644,9,5,VPM,raw/bil/swc/1119751489_18462_5510-X10666-Y10190_reg.swc,1119751489_18462_5510-X10666-Y10190_reg.swc,true,8321f5b120ae8d7f25686cd76f4cf44f8cdd110188be9e82b32df2eb1a7a569d
bil6,bil6/1119751491_18462_5533-X21018-Y9119_reg.swc,train,645,0,5,VPM,raw/bil/swc/1119751491_18462_5533-X21018-Y9119_reg.swc,1119751491_18462_5533-X21018-Y9119_reg.swc,true,6ecce05074a123de1d2a185ccb408b642591598b9bfb6c31b50064f0314abf1f
bil6,bil6/1119751495_18462_5604-X21758-Y9711_reg.swc,train,647,3,5,VPM,raw/bil/swc/1119751495_18462_5604-X21758-Y9711_reg.swc,1119751495_18462_5604-X21758-Y9711_reg.swc,true,2bcf0ddc95bb2736792987baa44b39e180a9d4d7e812a95fee0d276139735d91
bil6,bil6/1119751497_18462_5664-X10938-Y11074_reg.swc,train,648,4,5,VPM,raw/bil/swc/1119751497_18462_5664-X10938-Y11074_reg.swc,1119751497_18462_5664-X10938-Y11074_reg.swc,true,629598ac83ad9451ddf096ac4348b5f4303e38f3589bf40407b99cda34d199e1
bil6,bil6/1119751499_18462_5674-X21158-Y9621_reg.swc,train,649,7,5,VPM,raw/bil/swc/1119751499_18462_5674-X21158-Y9621_reg.swc,1119751499_18462_5674-X21158-Y9621_reg.swc,true,512292fd86a906a446fdf1ee105685792b1071c8960173f8193274808ccef2fc
bil6,bil6/1119751502_18462_5676-X10424-Y9387_reg.swc,test,650,9,5,VPM,raw/bil/swc/1119751502_18462_5676-X10424-Y9387_reg.swc,1119751502_18462_5676-X10424-Y9387_reg.swc,true,218ea8086b060456050d1bde563c674ceb7ab034e1e4d6a5f68109ef4fc072e8
bil6,bil6/1119751504_18462_5710-X21372-Y9198_reg.swc,train,651,6,5,VPM,raw/bil/swc/1119751504_18462_5710-X21372-Y9198_reg.swc,1119751504_18462_5710-X21372-Y9198_reg.swc,true,2f382a5dc1d9cc1e47577fc7153005d98ef2e5dbdee872e89a82f8300110e965
bil6,bil6/1119751506_18462_5733-X10755-Y9914_reg.swc,train,652,1,5,VPM,raw/bil/swc/1119751506_18462_5733-X10755-Y9914_reg.swc,1119751506_18462_5733-X10755-Y9914_reg.swc,true,258744ae3437bf87b0e7a57e40adfa2e1509d813bf76bc2a5daf71698955db98
bil6,bil6/1119751508_18462_5766-X12864-Y11316_reg.swc,train,653,5,5,VPM,raw/bil/swc/1119751508_18462_5766-X12864-Y11316_reg.swc,1119751508_18462_5766-X12864-Y11316_reg.swc,true,0bc3e5cda67f107e2b7aa3984d061d9402022c1fedc9f2d1b29a2964a5ac87c0
bil6,bil6/1119751510_18462_5770-X10985-Y9583_reg.swc,test,654,8,5,VPM,raw/bil/swc/1119751510_18462_5770-X10985-Y9583_reg.swc,1119751510_18462_5770-X10985-Y9583_reg.swc,true,056cd7627953e744fc61f6695488ef4512be8d7309983ae42fdc7428fa30513a
bil6,bil6/1119751514_18462_5800-X11427-Y9978_reg.swc,train,656,2,5,VPM,raw/bil/swc/1119751514_18462_5800-X11427-Y9978_reg.swc,1119751514_18462_5800-X11427-Y9978_reg.swc,true,341adf05f81e4aebcf8bd7477ad2f314a0498a5c5b9772342ac68ba4c54d4083
bil6,bil6/1119751516_18462_5802-X10255-Y9187_reg.swc,train,657,4,5,VPM,raw/bil/swc/1119751516_18462_5802-X10255-Y9187_reg.swc,1119751516_18462_5802-X10255-Y9187_reg.swc,true,fd1b9c869860719ef09f32eec1c2f1c642acdefe2ace7ae989b1877ffb9f4c70
bil6,bil6/1119751518_18462_5883-X10302-Y9377_reg.swc,train,658,7,5,VPM,raw/bil/swc/1119751518_18462_5883-X10302-Y9377_reg.swc,1119751518_18462_5883-X10302-Y9377_reg.swc,true,5aa909441302d21df5bda526d19b802cd3d878c04dbe7152fc02eddaf9fcdd7a
bil6,bil6/1119751520_18462_5957-X10219-Y9059_reg.swc,train,659,2,5,VPM,raw/bil/swc/1119751520_18462_5957-X10219-Y9059_reg.swc,1119751520_18462_5957-X10219-Y9059_reg.swc,true,12b094546cbda57d865433ad0bf1ad7a0dff630e5cdb59a54eddbb086f5b15fd
bil6,bil6/1119751528_18462_6004-X20947-Y9928_reg.swc,train,663,6,5,VPM,raw/bil/swc/1119751528_18462_6004-X20947-Y9928_reg.swc,1119751528_18462_6004-X20947-Y9928_reg.swc,true,daf8354cc34a147112edc70fdf928406f4e8ccc319e65456008c0016c4414b55
bil6,bil6/1119751530_18462_6029-X10270-Y8859_reg.swc,train,664,0,5,VPM,raw/bil/swc/1119751530_18462_6029-X10270-Y8859_reg.swc,1119751530_18462_6029-X10270-Y8859_reg.swc,true,c5ab0aba67c06bd9f99849bd39cceaa064821c18f7f143b16670cf31ce945374
bil6,bil6/1119751422_18461_2985-X10744-Y3095_reg.swc,test,671,8,1,Isocortex_layer23,raw/bil/swc/1119751422_18461_2985-X10744-Y3095_reg.swc,1119751422_18461_2985-X10744-Y3095_reg.swc,true,0dd8b66e9ec1748243d4c0a2b32013fc388168374ddfb8b77fa0f26565f90aa2
bil6,bil6/1119751424_18461_3220-X7596-Y9465_reg.swc,train,672,5,1,Isocortex_layer23,raw/bil/swc/1119751424_18461_3220-X7596-Y9465_reg.swc,1119751424_18461_3220-X7596-Y9465_reg.swc,true,3d173d0aca55067d6a8d2c43845bbfb631ceacfe14c33373a093285db8e8734c
bil6,bil6/1119751426_18461_3871-X7813-Y3857_reg.swc,train,673,4,1,Isocortex_layer23,raw/bil/swc/1119751426_18461_3871-X7813-Y3857_reg.swc,1119751426_18461_3871-X7813-Y3857_reg.swc,true,eb5ba5c2333150c0d520e5905e621ca0a0f8dbea1f8291b42c3143601f308d3d
bil6,bil6/1119751429_18461_4178-X16825-Y2713_reg.swc,train,674,2,1,Isocortex_layer23,raw/bil/swc/1119751429_18461_4178-X16825-Y2713_reg.swc,1119751429_18461_4178-X16825-Y2713_reg.swc,true,66f56170a7b39b80b33f2b25e4fca8f63c22e442623f787c4e0d3444a4a20949
bil6,bil6/1119751431_18461_4233-X19011-Y2874_reg.swc,test,675,9,1,Isocortex_layer23,raw/bil/swc/1119751431_18461_4233-X19011-Y2874_reg.swc,1119751431_18461_4233-X19011-Y2874_reg.swc,true,47782315f0ed06ecea0c76349c360993eda10a1a4c3639013e2c0059ed050660
bil6,bil6/1119751433_18461_4388-X5599-Y5781_reg.swc,train,676,1,2,Isocortex_layer4,raw/bil/swc/1119751433_18461_4388-X5599-Y5781_reg.swc,1119751433_18461_4388-X5599-Y5781_reg.swc,true,331608f157fffbac6a80b36a9834adc75742be6c46c0b5a41df7b543a56fa3ef
bil6,bil6/1119751435_18461_4410-X23856-Y6531_reg.swc,train,677,3,1,Isocortex_layer23,raw/bil/swc/1119751435_18461_4410-X23856-Y6531_reg.swc,1119751435_18461_4410-X23856-Y6531_reg.swc,true,f7b74938d6b8c95de74fdac68d454c75051da36dda49a6e8a328cbe54815808c
bil6,bil6/1119751437_18461_4545-X5749-Y4914_reg.swc,train,678,0,1,Isocortex_layer23,raw/bil/swc/1119751437_18461_4545-X5749-Y4914_reg.swc,1119751437_18461_4545-X5749-Y4914_reg.swc,true,40431250c99fdf506e9cb7cd552b81ef83187b838575c812f04dd6385f528b3b
bil6,bil6/1119751439_18461_4862-X17603-Y2198_reg.swc,train,679,7,1,Isocortex_layer23,raw/bil/swc/1119751439_18461_4862-X17603-Y2198_reg.swc,1119751439_18461_4862-X17603-Y2198_reg.swc,true,b89b4db0c3d30a01bc649c9ea71e848ebdc7f34661c62905da4cc3d773cb89a5
bil6,bil6/1119751441_18461_5025-X23630-Y4542_reg.swc,train,680,6,1,Isocortex_layer23,raw/bil/swc/1119751441_18461_5025-X23630-Y4542_reg.swc,1119751441_18461_5025-X23630-Y4542_reg.swc,true,1ac52c684c4629bcca6a8bd8b6d1adfba9f708d40fe614bd12f0f34a2d64f461
bil6,bil6/1119751443_18461_6043-X11080-Y1667_reg.swc,test,681,9,1,Isocortex_layer23,raw/bil/swc/1119751443_18461_6043-X11080-Y1667_reg.swc,1119751443_18461_6043-X11080-Y1667_reg.swc,true,2cb1e50315dac5694d776a54f93990717dd8e74ac8ec30a1fed2e5f7e838d8a7
bil6,bil6/1119751445_18461_7132-X6338-Y3287_reg.swc,train,682,2,2,Isocortex_layer4,raw/bil/swc/1119751445_18461_7132-X6338-Y3287_reg.swc,1119751445_18461_7132-X6338-Y3287_reg.swc,true,c689cdc082e975ba3d76eb350c1d0d0611ccf1c1a5e527c3c2e13a025490aabd
bil6,bil6/1119750035_18452_5511-X26566-Y3403_reg.swc,train,688,7,1,Isocortex_layer23,raw/bil/swc/1119750035_18452_5511-X26566-Y3403_reg.swc,1119750035_18452_5511-X26566-Y3403_reg.swc,true,97a42f1d22927424b9ff78a0855ae8831895cafe5efa3bcc810c726eb7de9a2c
bil6,bil6/1119750037_18452_7249-X11408-Y2071_reg.swc,test,689,8,1,Isocortex_layer23,raw/bil/swc/1119750037_18452_7249-X11408-Y2071_reg.swc,1119750037_18452_7249-X11408-Y2071_reg.swc,true,5af52c3da226d11613e2f608854d8ea4a82bb209fe6ea061cefdfcc2405b2a00
bil6,bil6/1119750039_18453_1641-X24165-Y10580_reg.swc,test,690,9,1,Isocortex_layer23,raw/bil/swc/1119750039_18453_1641-X24165-Y10580_reg.swc,1119750039_18453_1641-X24165-Y10580_reg.swc,true,3a348386bd0d7f9f48867b46e310e4bafdc4642d5d9234c903115562bb598d4d
bil6,bil6/1119750041_18453_1643-X24077-Y11694_reg.swc,train,691,7,1,Isocortex_layer23,raw/bil/swc/1119750041_18453_1643-X24077-Y11694_reg.swc,1119750041_18453_1643-X24077-Y11694_reg.swc,true,ece8662a8a249ccb932174fd177b37ef0a4da3fdf28ef1251ee19d55bfde0198
bil6,bil6/1119750043_18453_1674-X14446-Y9719_reg.swc,train,692,7,1,Isocortex_layer23,raw/bil/swc/1119750043_18453_1674-X14446-Y9719_reg.swc,1119750043_18453_1674-X14446-Y9719_reg.swc,true,234cf0394cf45a602ebc6d7a6ae569561012c4363f9dcf4f84d88f006fe7905a
bil6,bil6/1119750045_18453_1924-X22284-Y8069_reg.swc,train,693,1,1,Isocortex_layer23,raw/bil/swc/1119750045_18453_1924-X22284-Y8069_reg.swc,1119750045_18453_1924-X22284-Y8069_reg.swc,true,d561daab534c397200601a5829e6056aa308afcfee335f31497b92d63bf4e9b9
bil6,bil6/1119750047_18453_2190-X23739-Y8507_reg.swc,train,694,6,1,Isocortex_layer23,raw/bil/swc/1119750047_18453_2190-X23739-Y8507_reg.swc,1119750047_18453_2190-X23739-Y8507_reg.swc,true,28ed76b318789e72e4ea1abfec91af0b85416bcb2035057e11908bd8b82f114e
bil6,bil6/1119750049_18453_2400-X15836-Y7243_reg.swc,train,695,5,1,Isocortex_layer23,raw/bil/swc/1119750049_18453_2400-X15836-Y7243_reg.swc,1119750049_18453_2400-X15836-Y7243_reg.swc,true,8bb9ff1f9ca65510aa07d7b491c079c83885455f9f3a9f01e0d334f6293027fb
bil6,bil6/1119750052_18453_2428-X13810-Y8197_reg.swc,test,696,9,2,Isocortex_layer4,raw/bil/swc/1119750052_18453_2428-X13810-Y8197_reg.swc,1119750052_18453_2428-X13810-Y8197_reg.swc,true,9c93138b0636af0a05add414a70bde1ae6c1874a12c3f708ae979b9d08ad010c
bil6,bil6/1119750054_18453_2632-X11687-Y8383_reg.swc,train,697,0,1,Isocortex_layer23,raw/bil/swc/1119750054_18453_2632-X11687-Y8383_reg.swc,1119750054_18453_2632-X11687-Y8383_reg.swc,true,d59ac9240c8a8fda4a5f7c496c78ff4b89f87431e90c9557012fe96384d5cdd6
bil6,bil6/1119750056_18453_2645-X28684-Y11703_reg.swc,test,698,8,1,Isocortex_layer23,raw/bil/swc/1119750056_18453_2645-X28684-Y11703_reg.swc,1119750056_18453_2645-X28684-Y11703_reg.swc,true,21e2c53dfae5dd18fde93f05d8d51987126c16e98e2888e201dfe4ec96d720c3
bil6,bil6/1119750058_18453_2713-X27713-Y9899_reg.swc,train,699,1,1,Isocortex_layer23,raw/bil/swc/1119750058_18453_2713-X27713-Y9899_reg.swc,1119750058_18453_2713-X27713-Y9899_reg.swc,true,43544dc3735126ddc6b2168cf4eab7ba7842bdfeae6bed37ca8e9a3b7cf61653
bil6,bil6/1119750060_18453_2884-X12998-Y7285_reg.swc,train,700,3,1,Isocortex_layer23,raw/bil/swc/1119750060_18453_2884-X12998-Y7285_reg.swc,1119750060_18453_2884-X12998-Y7285_reg.swc,true,88a224c39cdaf381804c6475b788339eed44acfe6f36e7087cf1d1c7318fbb0f
bil6,bil6/1119750062_18453_2991-X13607-Y7348_reg.swc,train,701,2,1,Isocortex_layer23,raw/bil/swc/1119750062_18453_2991-X13607-Y7348_reg.swc,1119750062_18453_2991-X13607-Y7348_reg.swc,true,8e5bdcd2856f46d7d807da071f500a16ce2775150a727a2d10e6207728758968
bil6,bil6/1119750064_18453_3021-X27493-Y8943_reg.swc,train,702,7,1,Isocortex_layer23,raw/bil/swc/1119750064_18453_3021-X27493-Y8943_reg.swc,1119750064_18453_3021-X27493-Y8943_reg.swc,true,d0bd38952193ef56f6c5832fd7d106ee01208a3b72c5e43e2cb1d266d328fa7d
bil6,bil6/1119750070_18453_3186-X12745-Y7108_reg.swc,train,704,6,1,Isocortex_layer23,raw/bil/swc/1119750070_18453_3186-X12745-Y7108_reg.swc,1119750070_18453_3186-X12745-Y7108_reg.swc,true,d3721fc68ee04c538313d555b7d4c1ec7e0fe3f6604bb8ff716a5d727bed129f
bil6,bil6/1119750076_18453_3316-X8214-Y11076_reg.swc,train,707,6,2,Isocortex_layer4,raw/bil/swc/1119750076_18453_3316-X8214-Y11076_reg.swc,1119750076_18453_3316-X8214-Y11076_reg.swc,true,2ceafc01f995717b8f5cf4b629b36fd7b915b9e01902b7c874e3a17544c59e48
bil6,bil6/1119750078_18453_3326-X29413-Y10076_reg.swc,train,708,0,2,Isocortex_layer4,raw/bil/swc/1119750078_18453_3326-X29413-Y10076_reg.swc,1119750078_18453_3326-X29413-Y10076_reg.swc,true,2eaf59035573af8937761731d965b21f56e45b08e568e1489a5ce9db5117f026
bil6,bil6/1119750080_18453_3350-X8925-Y9653_reg.swc,train,709,2,2,Isocortex_layer4,raw/bil/swc/1119750080_18453_3350-X8925-Y9653_reg.swc,1119750080_18453_3350-X8925-Y9653_reg.swc,true,1835e1de9deaa3486be5b12f11e77a55e5f0c10097c95ea5bba9c10a44aa8320
bil6,bil6/1119750082_18453_3456-X24161-Y6646_reg.swc,train,710,3,1,Isocortex_layer23,raw/bil/swc/1119750082_18453_3456-X24161-Y6646_reg.swc,1119750082_18453_3456-X24161-Y6646_reg.swc,true,fbff4bb07d38a0ea7c3305f75e1f3dd4f27352547e8979dbc4c12bdccc1926b7
bil6,bil6/1119750084_18453_3471-X28224-Y8289_reg.swc,test,711,8,2,Isocortex_layer4,raw/bil/swc/1119750084_18453_3471-X28224-Y8289_reg.swc,1119750084_18453_3471-X28224-Y8289_reg.swc,true,f55451160e9bd50dd58b72666acaf7c9d61507eca1fefb552963beeeaa67af75
bil6,bil6/1119750086_18453_3492-X29357-Y9198_reg.swc,test,712,8,2,Isocortex_layer4,raw/bil/swc/1119750086_18453_3492-X29357-Y9198_reg.swc,1119750086_18453_3492-X29357-Y9198_reg.swc,true,7c38bfa7307980f90894309d5b03812197893fb95306d275c39135f757f92a22
bil6,bil6/1119750088_18453_3516-X21006-Y6048_reg.swc,train,713,4,1,Isocortex_layer23,raw/bil/swc/1119750088_18453_3516-X21006-Y6048_reg.swc,1119750088_18453_3516-X21006-Y6048_reg.swc,true,063f505ce89a8246342d3b037c9d1165fc7be60ef12ea461d258ca8a08d7a43c
bil6,bil6/1119750090_18453_3564-X30226-Y9677_reg.swc,train,714,5,1,Isocortex_layer23,raw/bil/swc/1119750090_18453_3564-X30226-Y9677_reg.swc,1119750090_18453_3564-X30226-Y9677_reg.swc,true,246dbfa662a05306308e13b08ac206fa116d34d083279bfdecee3977642d2f3f
bil6,bil6/1119750092_18453_3579-X30397-Y10103_reg.swc,train,715,5,2,Isocortex_layer4,raw/bil/swc/1119750092_18453_3579-X30397-Y10103_reg.swc,1119750092_18453_3579-X30397-Y10103_reg.swc,true,720721af36866b3d6254fb6380a4f010aadde1e67899e3c083cec5baa433be78
bil6,bil6/1119750094_18453_3678-X8938-Y8684_reg.swc,test,716,9,2,Isocortex_layer4,raw/bil/swc/1119750094_18453_3678-X8938-Y8684_reg.swc,1119750094_18453_3678-X8938-Y8684_reg.swc,true,c5637c165a93cbb82d0bff0f0246a605b795b2055994ceab2df6e29f84c98b87
bil6,bil6/1119750097_18453_3690-X8282-Y9898_reg.swc,train,717,3,2,Isocortex_layer4,raw/bil/swc/1119750097_18453_3690-X8282-Y9898_reg.swc,1119750097_18453_3690-X8282-Y9898_reg.swc,true,7372a08e3b1140123ffa5aaa06cfbedea6fbdfaeb7b3a34e4761867a3c355ffc
bil6,bil6/1119750099_18453_3704-X10450-Y7387_reg.swc,test,718,9,2,Isocortex_layer4,raw/bil/swc/1119750099_18453_3704-X10450-Y7387_reg.swc,1119750099_18453_3704-X10450-Y7387_reg.swc,true,8f54dfd4ac2735986c6c4e2be95c606a702bad78133984addcd1e376596ec15c
bil6,bil6/1119750103_18453_3767-X22604-Y5643_reg.swc,train,720,0,1,Isocortex_layer23,raw/bil/swc/1119750103_18453_3767-X22604-Y5643_reg.swc,1119750103_18453_3767-X22604-Y5643_reg.swc,true,d23451af7eb8e4c6d680c70597625ffa414eef74b48167b5d0f6dd57e7801a3b
bil6,bil6/1119750105_18453_3795-X13584-Y5960_reg.swc,train,721,5,1,Isocortex_layer23,raw/bil/swc/1119750105_18453_3795-X13584-Y5960_reg.swc,1119750105_18453_3795-X13584-Y5960_reg.swc,true,9a52f5b71f2abcf16efcff43aa70e1503524162987b5085ad47a4c54984c0cde
bil6,bil6/1119750112_18453_3841-X9500-Y7920_reg.swc,train,724,7,2,Isocortex_layer4,raw/bil/swc/1119750112_18453_3841-X9500-Y7920_reg.swc,1119750112_18453_3841-X9500-Y7920_reg.swc,true,cc9bd2acaa17bb2404fa01b6f74d8dc83507d7c65b4dad978e75cb9bcd8fbbd8
bil6,bil6/1119750115_18453_3848-X19057-Y7025_reg.swc,train,725,3,1,Isocortex_layer23,raw/bil/swc/1119750115_18453_3848-X19057-Y7025_reg.swc,1119750115_18453_3848-X19057-Y7025_reg.swc,true,e00b93a8642010a9243b14fb6bd7e89dd6ab4b8c01a11cdf0d06b0bd10c7ea6a
bil6,bil6/1119750119_18453_3945-X11262-Y6434_reg.swc,test,727,9,1,Isocortex_layer23,raw/bil/swc/1119750119_18453_3945-X11262-Y6434_reg.swc,1119750119_18453_3945-X11262-Y6434_reg.swc,true,f4c03688b0e791e1044fa74e229e83d81d0c0fb3bfad3ff9cf50bdc7706fa5a3
bil6,bil6/1119750121_18453_4067-X16924-Y5288_reg.swc,train,728,4,1,Isocortex_layer23,raw/bil/swc/1119750121_18453_4067-X16924-Y5288_reg.swc,1119750121_18453_4067-X16924-Y5288_reg.swc,true,b7503b8f030a63a821151ce241642fc240f6142bcc983aa68eb0304edcd605e6
bil6,bil6/1119750123_18453_4186-X30783-Y11697_reg.swc,train,729,3,4,Isocortex_layer6,raw/bil/swc/1119750123_18453_4186-X30783-Y11697_reg.swc,1119750123_18453_4186-X30783-Y11697_reg.swc,true,0a74588f56fc4d1671c132046e56cac43d98b3b41659e348c0e3a0c6d790e7d0
bil6,bil6/1119750125_18453_4221-X16935-Y5165_reg.swc,train,730,2,1,Isocortex_layer23,raw/bil/swc/1119750125_18453_4221-X16935-Y5165_reg.swc,1119750125_18453_4221-X16935-Y5165_reg.swc,true,7861b1a2fbd480c1b398b98085a11ea8821dcdeba9e895bc8e904c3fdf34774c
bil6,bil6/1119750127_18453_4231-X30739-Y8470_reg.swc,train,731,6,2,Isocortex_layer4,raw/bil/swc/1119750127_18453_4231-X30739-Y8470_reg.swc,1119750127_18453_4231-X30739-Y8470_reg.swc,true,af9b146bdf1e87a6b04edf6d398d1c629377cc236a8ec64b6302ae15c4c92a4e
bil6,bil6/1119750129_18453_4283-X7543-Y12923_reg.swc,test,732,9,4,Isocortex_layer6,raw/bil/swc/1119750129_18453_4283-X7543-Y12923_reg.swc,1119750129_18453_4283-X7543-Y12923_reg.swc,true,fc6a9a49033d60690218378b95d2e647382abb3182111c85fe2610118d6cb34d
bil6,bil6/1119750131_18453_4283-X7739-Y13735_reg.swc,train,733,2,4,Isocortex_layer6,raw/bil/swc/1119750131_18453_4283-X7739-Y13735_reg.swc,1119750131_18453_4283-X7739-Y13735_reg.swc,true,9c66ceefb13d293f8c5b142b20e828f71596cadd2ad386d2296aa5541a37f014
bil6,bil6/1119750133_18453_4345-X12044-Y5189_reg.swc,train,734,5,1,Isocortex_layer23,raw/bil/swc/1119750133_18453_4345-X12044-Y5189_reg.swc,1119750133_18453_4345-X12044-Y5189_reg.swc,true,c05c7eded654fed73a895e13de8a25a18ee580b304fcca273f9bf178680bfb10
bil6,bil6/1119750135_18453_4386-X31552-Y9254_reg.swc,train,735,7,2,Isocortex_layer4,raw/bil/swc/1119750135_18453_4386-X31552-Y9254_reg.swc,1119750135_18453_4386-X31552-Y9254_reg.swc,true,5b8f77b9ae7401d3f1bcd254caf3cccce863a78a422173c4ab5ea91b73b7f429
bil6,bil6/1119750137_18453_4403-X30609-Y7732_reg.swc,train,736,0,2,Isocortex_layer4,raw/bil/swc/1119750137_18453_4403-X30609-Y7732_reg.swc,1119750137_18453_4403-X30609-Y7732_reg.swc,true,cb84d0ac834c40e25d5d174f606a45a34791884a721bf5590f8a8ff4f978dce0
bil6,bil6/1119750140_18453_4496-X31014-Y8304_reg.swc,test,737,9,2,Isocortex_layer4,raw/bil/swc/1119750140_18453_4496-X31014-Y8304_reg.swc,1119750140_18453_4496-X31014-Y8304_reg.swc,true,0e228e957f3aa7b16910a8562d19cdf49d40266123b9b0577854e34cd94ef8c8
bil6,bil6/1119750142_18453_4497-X29287-Y7176_reg.swc,train,738,3,2,Isocortex_layer4,raw/bil/swc/1119750142_18453_4497-X29287-Y7176_reg.swc,1119750142_18453_4497-X29287-Y7176_reg.swc,true,e4f2481ebb6d0093fe34a8148430fad76814edabbc673b4d075de8ed593c46fc
bil6,bil6/1119750144_18453_4540-X32498-Y9442_reg.swc,train,739,5,1,Isocortex_layer23,raw/bil/swc/1119750144_18453_4540-X32498-Y9442_reg.swc,1119750144_18453_4540-X32498-Y9442_reg.swc,true,f99b94c9f04c80f5e28b40df8a2370119825b7e7d5f2d71b844349d363812de9
bil6,bil6/1119750146_18453_4693-X33039-Y11636_reg.swc,train,740,0,1,Isocortex_layer23,raw/bil/swc/1119750146_18453_4693-X33039-Y11636_reg.swc,1119750146_18453_4693-X33039-Y11636_reg.swc,true,6cc8ecf24b43906e81bbba65d3395b4dd2f462b2de1819befb4ec6796142b46f
bil6,bil6/1119750150_18453_4711-X14090-Y3943_reg.swc,test,741,9,1,Isocortex_layer23,raw/bil/swc/1119750150_18453_4711-X14090-Y3943_reg.swc,1119750150_18453_4711-X14090-Y3943_reg.swc,true,77f7ce4d68c141f07eb0c86751ece94af5a8d41dd4a87d91b2eaf3e3f84a959f
bil6,bil6/1119750152_18453_4725-X30684-Y6703_reg.swc,train,742,5,1,Isocortex_layer23,raw/bil/swc/1119750152_18453_4725-X30684-Y6703_reg.swc,1119750152_18453_4725-X30684-Y6703_reg.swc,true,05d2d043a897acbbf537ab868882c682d534973df9df02f682cec6fceda38d08
bil6,bil6/1119750154_18453_4749-X31789-Y8895_reg.swc,train,743,0,2,Isocortex_layer4,raw/bil/swc/1119750154_18453_4749-X31789-Y8895_reg.swc,1119750154_18453_4749-X31789-Y8895_reg.swc,true,0582b68c276a8276c20839797e2f3e6482892474ca7e791c868a0f1a182bb95c
bil6,bil6/1119750156_18453_4899-X10111-Y5917_reg.swc,train,744,4,2,Isocortex_layer4,raw/bil/swc/1119750156_18453_4899-X10111-Y5917_reg.swc,1119750156_18453_4899-X10111-Y5917_reg.swc,true,ab82781ced2779edf98e2e181382edd3682867dcc946719511094783e3ba42da
bil6,bil6/1119750158_18453_5033-X32118-Y8975_reg.swc,train,745,5,2,Isocortex_layer4,raw/bil/swc/1119750158_18453_5033-X32118-Y8975_reg.swc,1119750158_18453_5033-X32118-Y8975_reg.swc,true,47e6272192978e293e321090ed536b7d2273b23b8e87778df13d294cf0d2fc83
bil6,bil6/1119750160_18453_5113-X9557-Y5782_reg.swc,train,746,1,2,Isocortex_layer4,raw/bil/swc/1119750160_18453_5113-X9557-Y5782_reg.swc,1119750160_18453_5113-X9557-Y5782_reg.swc,true,4aa3e0a203465366befa134f6d5e22850f07acfa9ee403ec577a4b79cae55dc6
bil6,bil6/1119750162_18453_5228-X9833-Y5221_reg.swc,train,747,1,1,Isocortex_layer23,raw/bil/swc/1119750162_18453_5228-X9833-Y5221_reg.swc,1119750162_18453_5228-X9833-Y5221_reg.swc,true,46b2a6c0920ce198f01c25419a58aa5ca9e291430138197d1bc3bee93cfe1f4e
bil6,bil6/1119750164_18453_5308-X10321-Y5166_reg.swc,test,748,9,2,Isocortex_layer4,raw/bil/swc/1119750164_18453_5308-X10321-Y5166_reg.swc,1119750164_18453_5308-X10321-Y5166_reg.swc,true,21bc6c9e249124b3996b8027d104a1ad69a5c26919b1fb24f159843bc56e9ea9
bil6,bil6/1119750167_18453_5317-X24548-Y3717_reg.swc,train,749,4,2,Isocortex_layer4,raw/bil/swc/1119750167_18453_5317-X24548-Y3717_reg.swc,1119750167_18453_5317-X24548-Y3717_reg.swc,true,59c786d428bc60572fb6a85629c847ec840d5c04556a28289993fdf55f6a6610
bil6,bil6/1119750169_18453_5318-X33682-Y14092_reg.swc,train,750,5,3,Isocortex_layer5,raw/bil/swc/1119750169_18453_5318-X33682-Y14092_reg.swc,1119750169_18453_5318-X33682-Y14092_reg.swc,true,7f35dba60bd9c3ea2507cdedb4c075fd02e6903ff402f4bb047e52f1b45c325e
bil6,bil6/1119750171_18453_5325-X32314-Y8395_reg.swc,test,751,9,2,Isocortex_layer4,raw/bil/swc/1119750171_18453_5325-X32314-Y8395_reg.swc,1119750171_18453_5325-X32314-Y8395_reg.swc,true,1218be1fbde192e715afbcc8f77dd28e03ca5bd273a7efaa9c779d6606172e6f
bil6,bil6/1119750173_18453_5343-X23330-Y3366_reg.swc,train,752,7,1,Isocortex_layer23,raw/bil/swc/1119750173_18453_5343-X23330-Y3366_reg.swc,1119750173_18453_5343-X23330-Y3366_reg.swc,true,d9e539a806d2a3b4efe4efc297a6682b175e27ee92b6c98f1627ccc99755b8ce
bil6,bil6/1119750175_18453_5436-X32746-Y12751_reg.swc,train,753,7,4,Isocortex_layer6,raw/bil/swc/1119750175_18453_5436-X32746-Y12751_reg.swc,1119750175_18453_5436-X32746-Y12751_reg.swc,true,bda79e3c9b255c8232e97a72f6a5f82fec5f8a3230b45afd7e72e373eb88c0cf
bil6,bil6/1119750177_18453_5459-X9646-Y5477_reg.swc,train,754,7,2,Isocortex_layer4,raw/bil/swc/1119750177_18453_5459-X9646-Y5477_reg.swc,1119750177_18453_5459-X9646-Y5477_reg.swc,true,e5c3afbe3952d7391f128728f4b5fa5a93cb4adbaca89f7d6fc3de03eeb4333a
bil6,bil6/1119750179_18453_5535-X29214-Y5045_reg.swc,train,755,2,2,Isocortex_layer4,raw/bil/swc/1119750179_18453_5535-X29214-Y5045_reg.swc,1119750179_18453_5535-X29214-Y5045_reg.swc,true,383651788ede768c96ac84c0c3e43ed94fea70e8419b98f43f55e804752fc759
bil6,bil6/1119750181_18453_5578-X32997-Y13060_reg.swc,train,756,5,4,Isocortex_layer6,raw/bil/swc/1119750181_18453_5578-X32997-Y13060_reg.swc,1119750181_18453_5578-X32997-Y13060_reg.swc,true,6720fd620066bce73fcdc40d52d6fbacc88a1b4ab420cdcd46565df663104fc6
bil6,bil6/1119750183_18453_5667-X25695-Y3103_reg.swc,train,757,0,1,Isocortex_layer23,raw/bil/swc/1119750183_18453_5667-X25695-Y3103_reg.swc,1119750183_18453_5667-X25695-Y3103_reg.swc,true,fdbed918bfd621a078da944bcd57963e5329c59c34be0c3f1f1e38a846c3eaa8
bil6,bil6/1119750186_18453_5766-X31719-Y6139_reg.swc,train,758,2,1,Isocortex_layer23,raw/bil/swc/1119750186_18453_5766-X31719-Y6139_reg.swc,1119750186_18453_5766-X31719-Y6139_reg.swc,true,d4647b0a1ded674b9c4ba5f69218e38a9e76c09cc648d891640fc9c9f6771159
bil6,bil6/1119750189_18453_5841-X19468-Y3419_reg.swc,test,759,8,1,Isocortex_layer23,raw/bil/swc/1119750189_18453_5841-X19468-Y3419_reg.swc,1119750189_18453_5841-X19468-Y3419_reg.swc,true,bfced92d25a86d493a2882ddd9e64d8e4eb3577a4996894b553f512f47742614
bil6,bil6/1119750191_18453_5862-X33046-Y12305_reg.swc,test,760,9,4,Isocortex_layer6,raw/bil/swc/1119750191_18453_5862-X33046-Y12305_reg.swc,1119750191_18453_5862-X33046-Y12305_reg.swc,true,e12f33046e6f03c1f9ec468af48ee7bc4849c50b5ef82cd375cea4433613aa7b
bil6,bil6/1119750193_18453_5941-X24629-Y3152_reg.swc,train,761,4,1,Isocortex_layer23,raw/bil/swc/1119750193_18453_5941-X24629-Y3152_reg.swc,1119750193_18453_5941-X24629-Y3152_reg.swc,true,ba3544205447bea0ab98516a484003fc22bee17fe936bf0e71531c38fb36aaef
bil6,bil6/1119750195_18453_5995-X24812-Y3143_reg.swc,test,762,8,1,Isocortex_layer23,raw/bil/swc/1119750195_18453_5995-X24812-Y3143_reg.swc,1119750195_18453_5995-X24812-Y3143_reg.swc,true,b5a86d52654de5fe8bc5f2939d5a4871c0d55c4ae81b8754ceb3dc33a3cb6e87
bil6,bil6/1119750197_18453_6040-X24821-Y3042_reg.swc,train,763,5,1,Isocortex_layer23,raw/bil/swc/1119750197_18453_6040-X24821-Y3042_reg.swc,1119750197_18453_6040-X24821-Y3042_reg.swc,true,f0e9e3cfdb6fe4dd276c7d32e4c1ad484b0e6bfd5192432139fe461ef7d6bd44
bil6,bil6/1119750199_18453_6053-X8032-Y5933_reg.swc,train,764,7,2,Isocortex_layer4,raw/bil/swc/1119750199_18453_6053-X8032-Y5933_reg.swc,1119750199_18453_6053-X8032-Y5933_reg.swc,true,d330c17e4ea4d43664f335ddaec1e2933a7baed45b28fa54cc5398bb14b8347d
bil6,bil6/1119750201_18453_6181-X10238-Y3690_reg.swc,train,765,4,1,Isocortex_layer23,raw/bil/swc/1119750201_18453_6181-X10238-Y3690_reg.swc,1119750201_18453_6181-X10238-Y3690_reg.swc,true,ac57cf34c62a2db356ddc601b617a9626c162321ff3865f8e3c53876b095f8a1
bil6,bil6/1119750203_18453_6229-X34471-Y10482_reg.swc,train,766,5,1,Isocortex_layer23,raw/bil/swc/1119750203_18453_6229-X34471-Y10482_reg.swc,1119750203_18453_6229-X34471-Y10482_reg.swc,true,af9d8ab916abcd6a4162b14d50ee061e62760c76e02dd230502b05d96d84006e
bil6,bil6/1119750205_18453_6316-X30559-Y4743_reg.swc,train,767,0,1,Isocortex_layer23,raw/bil/swc/1119750205_18453_6316-X30559-Y4743_reg.swc,1119750205_18453_6316-X30559-Y4743_reg.swc,true,285516e7ddc6ca6111049d174fa2e1d24428e45b5be98cfaa63be66b191b6085
bil6,bil6/1119750207_18453_6477-X30376-Y5078_reg.swc,test,768,8,2,Isocortex_layer4,raw/bil/swc/1119750207_18453_6477-X30376-Y5078_reg.swc,1119750207_18453_6477-X30376-Y5078_reg.swc,true,8fd4e6ba3e011d6debdba1b0c40127d9cfadb9161975f40ea955ca3d5d913f84
bil6,bil6/1119750209_18453_6479-X9010-Y4330_reg.swc,train,769,0,1,Isocortex_layer23,raw/bil/swc/1119750209_18453_6479-X9010-Y4330_reg.swc,1119750209_18453_6479-X9010-Y4330_reg.swc,true,334261a14203581c63eaa646a1744682682b2405439e98e9dfbaad8ce427eb82
bil6,bil6/1119750211_18453_6500-X34303-Y12884_reg.swc,test,770,9,1,Isocortex_layer23,raw/bil/swc/1119750211_18453_6500-X34303-Y12884_reg.swc,1119750211_18453_6500-X34303-Y12884_reg.swc,true,b53a0e40dee622be0d4ac02f791853e3c98966d49d833878363e475813f8c6df
bil6,bil6/1119750213_18453_6537-X8725-Y4484_reg.swc,train,771,2,1,Isocortex_layer23,raw/bil/swc/1119750213_18453_6537-X8725-Y4484_reg.swc,1119750213_18453_6537-X8725-Y4484_reg.swc,true,8873d01e60218bb11c747147e3ad1ccc1d8a85e43ff4e1af24e3376a4605280d
bil6,bil6/1119750215_18453_6561-X9442-Y3817_reg.swc,train,772,1,1,Isocortex_layer23,raw/bil/swc/1119750215_18453_6561-X9442-Y3817_reg.swc,1119750215_18453_6561-X9442-Y3817_reg.swc,true,bf6887e93e87f285c28a6829221b05faf76599d0247504350f5a477a1f6a6ef8
bil6,bil6/1119750217_18453_6576-X22528-Y4353_reg.swc,train,773,3,1,Isocortex_layer23,raw/bil/swc/1119750217_18453_6576-X22528-Y4353_reg.swc,1119750217_18453_6576-X22528-Y4353_reg.swc,true,740a4abc466218045ca37f88065d5933bb0b9198385580f7e2b53cc21b1760f9
bil6,bil6/1119750219_18453_6604-X9161-Y4006_reg.swc,train,774,7,1,Isocortex_layer23,raw/bil/swc/1119750219_18453_6604-X9161-Y4006_reg.swc,1119750219_18453_6604-X9161-Y4006_reg.swc,true,d5be1e39290258bdf2cefa4ea921a82943159cb43720b2ba5fd98a54741af72a
bil6,bil6/1119750221_18453_6675-X10576-Y3102_reg.swc,train,775,6,1,Isocortex_layer23,raw/bil/swc/1119750221_18453_6675-X10576-Y3102_reg.swc,1119750221_18453_6675-X10576-Y3102_reg.swc,true,b364e29d457fdd8826432b722d6890072f8a0695da9639a3e673e9efb588f599
bil6,bil6/1119750223_18453_6675-X8876-Y4461_reg.swc,train,776,3,1,Isocortex_layer23,raw/bil/swc/1119750223_18453_6675-X8876-Y4461_reg.swc,1119750223_18453_6675-X8876-Y4461_reg.swc,true,ad27aca245fd177f44fb0c11354aee531830b0688b8acfa0f0604f4c9518f061
bil6,bil6/1119750225_18453_6708-X6437-Y7833_reg.swc,train,777,2,2,Isocortex_layer4,raw/bil/swc/1119750225_18453_6708-X6437-Y7833_reg.swc,1119750225_18453_6708-X6437-Y7833_reg.swc,true,bd995d97213f9fb40e9d181cae36250558db06ba1785410bd5157ac7635b6698
bil6,bil6/1119750228_18453_6746-X8555-Y4741_reg.swc,test,778,8,1,Isocortex_layer23,raw/bil/swc/1119750228_18453_6746-X8555-Y4741_reg.swc,1119750228_18453_6746-X8555-Y4741_reg.swc,true,cc5adb1d5c996d6c873bef58c50c5bdde396a3d81c9c0e35bc3085edaa2d39b5
bil6,bil6/1119750230_18453_6748-X28152-Y3578_reg.swc,train,779,0,1,Isocortex_layer23,raw/bil/swc/1119750230_18453_6748-X28152-Y3578_reg.swc,1119750230_18453_6748-X28152-Y3578_reg.swc,true,a46014a4a0e09b6ee4848c60185dd6aad81d8aff4e992d0c4d939a7d855eb846
bil6,bil6/1119750232_18453_6756-X7677-Y5336_reg.swc,train,780,3,1,Isocortex_layer23,raw/bil/swc/1119750232_18453_6756-X7677-Y5336_reg.swc,1119750232_18453_6756-X7677-Y5336_reg.swc,true,d9faa9c43539d622ae40fa7b2528670fcb3100abb4861abd483fe808847abeec
bil6,bil6/1119750234_18453_6846-X11548-Y2831_reg.swc,train,781,3,1,Isocortex_layer23,raw/bil/swc/1119750234_18453_6846-X11548-Y2831_reg.swc,1119750234_18453_6846-X11548-Y2831_reg.swc,true,86d02cd163be1ba599f227279191fbd8a3e937e5347b688409566da7fdadecf6
bil6,bil6/1119750236_18453_7007-X11486-Y3611_reg.swc,train,782,1,2,Isocortex_layer4,raw/bil/swc/1119750236_18453_7007-X11486-Y3611_reg.swc,1119750236_18453_7007-X11486-Y3611_reg.swc,true,5abfdd630746c55158b5eee121fe5682892d4b217e9ba0c268ef628225e57b9b
bil6,bil6/1119750238_18453_7010-X8769-Y4509_reg.swc,train,783,7,1,Isocortex_layer23,raw/bil/swc/1119750238_18453_7010-X8769-Y4509_reg.swc,1119750238_18453_7010-X8769-Y4509_reg.swc,true,5b9cb18c8e8c091f9a89f3aad269e8a66ab25b169d63c1f2f6a5d42c707f8026
bil6,bil6/1119750240_18453_7024-X9012-Y4138_reg.swc,test,784,9,1,Isocortex_layer23,raw/bil/swc/1119750240_18453_7024-X9012-Y4138_reg.swc,1119750240_18453_7024-X9012-Y4138_reg.swc,true,52bff6fe5c2035026373499171f8449b5a5f7a6a406f6013ac64db89f49388c6
bil6,bil6/1119750242_18453_7112-X9089-Y4667_reg.swc,train,785,0,2,Isocortex_layer4,raw/bil/swc/1119750242_18453_7112-X9089-Y4667_reg.swc,1119750242_18453_7112-X9089-Y4667_reg.swc,true,ac5ea1b2c924ce7391bdd6431a1bf34e55bd2ed85fc79b491143842839629269
bil6,bil6/1119750245_18453_7132-X11495-Y3152_reg.swc,train,786,1,1,Isocortex_layer23,raw/bil/swc/1119750245_18453_7132-X11495-Y3152_reg.swc,1119750245_18453_7132-X11495-Y3152_reg.swc,true,6d32d0656983f7d163c9187f4d1c7d1bc3b5e64947836c9b4bb97c0ac617eefe
bil6,bil6/1119750247_18453_7132-X31679-Y7308_reg.swc,test,787,9,1,Isocortex_layer23,raw/bil/swc/1119750247_18453_7132-X31679-Y7308_reg.swc,1119750247_18453_7132-X31679-Y7308_reg.swc,true,448a5fd794aaf95203954ca7e3419a3bee68be2fd53fee7069826df06e7fea43
bil6,bil6/1119750250_18453_7146-X8788-Y4552_reg.swc,train,788,2,1,Isocortex_layer23,raw/bil/swc/1119750250_18453_7146-X8788-Y4552_reg.swc,1119750250_18453_7146-X8788-Y4552_reg.swc,true,a0bfc224b44e99d20a3d3c4c93e3b40ea2b6c1428f43f97a1ddcc5815d7c1736
bil6,bil6/1119750253_18453_7188-X11060-Y3637_reg.swc,test,789,8,2,Isocortex_layer4,raw/bil/swc/1119750253_18453_7188-X11060-Y3637_reg.swc,1119750253_18453_7188-X11060-Y3637_reg.swc,true,264a3fe07d30db7a4f8ad47ed8fba5613ed79797c08ca9d7eea39f436b025844
bil6,bil6/1119750255_18453_7223-X30215-Y5120_reg.swc,train,790,4,1,Isocortex_layer23,raw/bil/swc/1119750255_18453_7223-X30215-Y5120_reg.swc,1119750255_18453_7223-X30215-Y5120_reg.swc,true,df11e01b1e4c406f7cd96f74226eb98ab042059612e9a0ea05a13b8a27a04c33
bil6,bil6/1119750258_18453_7245-X12979-Y2864_reg.swc,train,791,3,1,Isocortex_layer23,raw/bil/swc/1119750258_18453_7245-X12979-Y2864_reg.swc,1119750258_18453_7245-X12979-Y2864_reg.swc,true,e7112531e28bfb6641939ff40907ac1d28fff0dedbb3b3a9f6ce9648276dde83
bil6,bil6/1119750261_18453_7304-X11719-Y3749_reg.swc,train,792,4,2,Isocortex_layer4,raw/bil/swc/1119750261_18453_7304-X11719-Y3749_reg.swc,1119750261_18453_7304-X11719-Y3749_reg.swc,true,75e44327ba05383d7b5db77c43d0f4456a8220b934880d927af85dbe5902a722
bil6,bil6/1119750263_18453_7309-X5442-Y9199_reg.swc,train,793,2,1,Isocortex_layer23,raw/bil/swc/1119750263_18453_7309-X5442-Y9199_reg.swc,1119750263_18453_7309-X5442-Y9199_reg.swc,true,2669c6912fb8979ad08d3941a0368d08b1a584c764067d882d57a6f9c3284c92
bil6,bil6/1119750265_18453_7455-X32866-Y9412_reg.swc,train,794,1,1,Isocortex_layer23,raw/bil/swc/1119750265_18453_7455-X32866-Y9412_reg.swc,1119750265_18453_7455-X32866-Y9412_reg.swc,true,1bc7c7a5d0e763bb47604fe758535bb66a9d22063d059920c2d8859b7e44f769
bil6,bil6/1119752051_18470_3227-X19287-Y16117_reg.swc,train,797,2,3,Isocortex_layer5,raw/bil/swc/1119752051_18470_3227-X19287-Y16117_reg.swc,1119752051_18470_3227-X19287-Y16117_reg.swc,true,3c42e614be09f0cd0bb65e146511699180fb89674b44d3a9f69f4a0de411acbb
bil6,bil6/1119752053_18470_3582-X22459-Y29708_reg.swc,train,798,2,3,Isocortex_layer5,raw/bil/swc/1119752053_18470_3582-X22459-Y29708_reg.swc,1119752053_18470_3582-X22459-Y29708_reg.swc,true,6c03e44399a39b45b8eb86eae26b198f8e4fe62a9c3d02a8aff9abeb7e05f46c
bil6,bil6/1119752055_18470_4630-X23468-Y24795_reg.swc,train,799,3,3,Isocortex_layer5,raw/bil/swc/1119752055_18470_4630-X23468-Y24795_reg.swc,1119752055_18470_4630-X23468-Y24795_reg.swc,true,54b7616d2d61cc496ef9c4e443a963a37c1c311e7b6ce35dc183de620568ee76
bil6,bil6/1119752887_191812_4067-X7961-Y6860_reg.swc,train,815,5,3,Isocortex_layer5,raw/bil/swc/1119752887_191812_4067-X7961-Y6860_reg.swc,1119752887_191812_4067-X7961-Y6860_reg.swc,true,5fad2e85c18fbeabff37090702d562c7cadb956d8f40102ee06cd7f6896de36a
bil6,bil6/1119752889_191812_4322-X7645-Y6848_reg.swc,train,816,6,3,Isocortex_layer5,raw/bil/swc/1119752889_191812_4322-X7645-Y6848_reg.swc,1119752889_191812_4322-X7645-Y6848_reg.swc,true,0b6e1b3a2485b37b2bb7c0d986b9a54cc953408c60772d74a201094684bd58c2
bil6,bil6/1119752891_191812_4664-X8027-Y25176_reg.swc,test,819,9,3,Isocortex_layer5,raw/bil/swc/1119752891_191812_4664-X8027-Y25176_reg.swc,1119752891_191812_4664-X8027-Y25176_reg.swc,true,2af13d21a44cd885355d8956ca12a69b2d0571c8b417cfc7382d7b4671f78825
bil6,bil6/1119752893_191812_5154-X9610-Y25921_reg.swc,train,822,3,3,Isocortex_layer5,raw/bil/swc/1119752893_191812_5154-X9610-Y25921_reg.swc,1119752893_191812_5154-X9610-Y25921_reg.swc,true,aeba8be4e858b9b7e609c148a66ec3551a82884c2d6f51e0f58499756d730719
bil6,bil6/1119750953_18457_2985-X13856-Y11304_reg.swc,train,834,5,0,CP,raw/bil/swc/1119750953_18457_2985-X13856-Y11304_reg.swc,1119750953_18457_2985-X13856-Y11304_reg.swc,true,3adfe7608ee1825fb484d8f12592a091263bac8c6862f57e369b8068a154843b
bil6,bil6/1119750955_18457_2987-X24716-Y11295_reg.swc,train,835,6,0,CP,raw/bil/swc/1119750955_18457_2987-X24716-Y11295_reg.swc,1119750955_18457_2987-X24716-Y11295_reg.swc,true,99580fca41b76ea0b6c0a1db1a11351308030c8145f823928e9ad60b224f6e94
bil6,bil6/1119750957_18457_3068-X13771-Y11992_reg.swc,train,836,1,0,CP,raw/bil/swc/1119750957_18457_3068-X13771-Y11992_reg.swc,1119750957_18457_3068-X13771-Y11992_reg.swc,true,d118463bfdfab5c166b75fe7f9290d2024f139f0fce9870f64aa548eb22a7e86
bil6,bil6/1119750959_18457_3113-X16143-Y14027_reg.swc,train,837,4,0,CP,raw/bil/swc/1119750959_18457_3113-X16143-Y14027_reg.swc,1119750959_18457_3113-X16143-Y14027_reg.swc,true,1e434b4317e09cb4a49af85019eced6f46c79d1c4bb92266048e841341a5a726
bil6,bil6/1119750963_18457_3135-X25362-Y10752_reg.swc,train,839,7,0,CP,raw/bil/swc/1119750963_18457_3135-X25362-Y10752_reg.swc,1119750963_18457_3135-X25362-Y10752_reg.swc,true,baebba940f8771df2febea834efc5145b27a58b3e54019750cfcefecc8427940
bil6,bil6/1119750965_18457_3199-X14932-Y11625_reg.swc,train,840,3,0,CP,raw/bil/swc/1119750965_18457_3199-X14932-Y11625_reg.swc,1119750965_18457_3199-X14932-Y11625_reg.swc,true,91b9197099046ff840fab240b96047673eb1f7d8171fb1e90a75c55587479489
bil6,bil6/1119750970_18457_3257-X14526-Y12382_reg.swc,train,842,2,0,CP,raw/bil/swc/1119750970_18457_3257-X14526-Y12382_reg.swc,1119750970_18457_3257-X14526-Y12382_reg.swc,true,eb0d3eda980291d3e025d57778e7ad0ee0380510c75a2ca14f20e5e22303bd39
bil6,bil6/1119750972_18457_3327-X14429-Y13609_reg.swc,train,843,6,0,CP,raw/bil/swc/1119750972_18457_3327-X14429-Y13609_reg.swc,1119750972_18457_3327-X14429-Y13609_reg.swc,true,bfc5e1fc9305b5680ae1088903f5ca722aad13103b4e9a227dce38756a090d2c
bil6,bil6/1119750974_18457_3335-X15144-Y10743_reg.swc,train,844,0,0,CP,raw/bil/swc/1119750974_18457_3335-X15144-Y10743_reg.swc,1119750974_18457_3335-X15144-Y10743_reg.swc,true,789463a25b8b41e668a45bae076eb177c6fa78df01eb72233453fd32640e248e
bil6,bil6/1119750976_18457_3363-X27428-Y14011_reg.swc,train,845,5,0,CP,raw/bil/swc/1119750976_18457_3363-X27428-Y14011_reg.swc,1119750976_18457_3363-X27428-Y14011_reg.swc,true,0e998aa76ee388369866b290222d9435890004018a837b6e8c8c4b45df60068a
bil6,bil6/1119750978_18457_3436-X26517-Y10344_reg.swc,test,846,8,0,CP,raw/bil/swc/1119750978_18457_3436-X26517-Y10344_reg.swc,1119750978_18457_3436-X26517-Y10344_reg.swc,true,2b93dc2507d6366c392c18881d615df0e6f8179c502f7f17daaad5e4370a7251
bil6,bil6/1119750980_18457_3439-X13088-Y13068_reg.swc,train,847,3,0,CP,raw/bil/swc/1119750980_18457_3439-X13088-Y13068_reg.swc,1119750980_18457_3439-X13088-Y13068_reg.swc,true,431dd6dba9509a892ffd91bdc2bbd0e321df1795e9de37c5027eaa9ef34a1e4e
bil6,bil6/1119750982_18457_3454-X24828-Y13754_reg.swc,train,848,2,0,CP,raw/bil/swc/1119750982_18457_3454-X24828-Y13754_reg.swc,1119750982_18457_3454-X24828-Y13754_reg.swc,true,a6b5053d774189be4fdc755d675e88320bace0ec106186e97a1e6af642235496
bil6,bil6/1119750985_18457_3461-X24104-Y11097_reg.swc,train,849,7,0,CP,raw/bil/swc/1119750985_18457_3461-X24104-Y11097_reg.swc,1119750985_18457_3461-X24104-Y11097_reg.swc,true,8014835b9dfea7ea270e4793ded24684948a56e54afe7f638ef7a2810648c47f
bil6,bil6/1119750987_18457_3493-X26208-Y11563_reg.swc,train,850,4,0,CP,raw/bil/swc/1119750987_18457_3493-X26208-Y11563_reg.swc,1119750987_18457_3493-X26208-Y11563_reg.swc,true,625f16772bda0fc825ad32658b36afd0efc8027e5abb90e909f562bc2752a856
bil6,bil6/1119750989_18457_3498-X13586-Y11483_reg.swc,train,851,1,0,CP,raw/bil/swc/1119750989_18457_3498-X13586-Y11483_reg.swc,1119750989_18457_3498-X13586-Y11483_reg.swc,true,2459a3b57d90aa0de5dd3ea3c147ef100042804912abfb42831a02c95c8fc6fa
bil6,bil6/1119750991_18457_3541-X14011-Y10702_reg.swc,test,852,9,0,CP,raw/bil/swc/1119750991_18457_3541-X14011-Y10702_reg.swc,1119750991_18457_3541-X14011-Y10702_reg.swc,true,4b9fa25aaa4baf867e02b6b9c9c9010cc40f69f4db7098e8b2582ea4da33651e
bil6,bil6/1119750993_18457_3602-X26510-Y13816_reg.swc,train,853,7,0,CP,raw/bil/swc/1119750993_18457_3602-X26510-Y13816_reg.swc,1119750993_18457_3602-X26510-Y13816_reg.swc,true,6a6ebab73e012c08627d787ca953f25022be99feb0eb1f6f49fedb95a2192659
bil6,bil6/1119750996_18457_3624-X25725-Y9288_reg.swc,test,854,9,0,CP,raw/bil/swc/1119750996_18457_3624-X25725-Y9288_reg.swc,1119750996_18457_3624-X25725-Y9288_reg.swc,true,8cc81c030e78ebff7c61a1e381bfd13ec3cc400f1d01f066e573955fc13cb16c
bil6,bil6/1119750998_18457_3631-X25758-Y11819_reg.swc,train,855,3,0,CP,raw/bil/swc/1119750998_18457_3631-X25758-Y11819_reg.swc,1119750998_18457_3631-X25758-Y11819_reg.swc,true,7726418e1b9ed4d117a563db0d9ffbd6ac424695de3a9140eee048c87585ff64
bil6,bil6/1119751000_18457_3695-X24888-Y9339_reg.swc,train,856,6,0,CP,raw/bil/swc/1119751000_18457_3695-X24888-Y9339_reg.swc,1119751000_18457_3695-X24888-Y9339_reg.swc,true,be3aa5cbf8fc4e71d7158d7aa06f5ef5e88f70a39f7180ff6cba9eba90b2bd6c
bil6,bil6/1119751002_18457_3811-X12535-Y8935_reg.swc,test,857,8,0,CP,raw/bil/swc/1119751002_18457_3811-X12535-Y8935_reg.swc,1119751002_18457_3811-X12535-Y8935_reg.swc,true,b087909d118538db40be00fea2ea95fdce73c3a7a98ee9bd8f4391b5234b4d9e
bil6,bil6/1119751006_18457_3868-X12980-Y11370_reg.swc,train,859,5,0,CP,raw/bil/swc/1119751006_18457_3868-X12980-Y11370_reg.swc,1119751006_18457_3868-X12980-Y11370_reg.swc,true,686797b9c765d952794c094e46aa887093afcd988a5de59229d1904525d40d01
bil6,bil6/1119751008_18457_3936-X23836-Y9498_reg.swc,train,860,1,0,CP,raw/bil/swc/1119751008_18457_3936-X23836-Y9498_reg.swc,1119751008_18457_3936-X23836-Y9498_reg.swc,true,d830aad7e07db1de26f0a337b6a8d7ce9f329548c8815c0e1c532c4adf911e1a
bil6,bil6/1119751010_18457_3947-X24049-Y11155_reg.swc,train,861,2,0,CP,raw/bil/swc/1119751010_18457_3947-X24049-Y11155_reg.swc,1119751010_18457_3947-X24049-Y11155_reg.swc,true,5c597c5824f47fb94392c119799290956804eb86869ccb4977326a65cfd951d2
bil6,bil6/1119751014_18457_3995-X28318-Y13066_reg.swc,train,863,0,0,CP,raw/bil/swc/1119751014_18457_3995-X28318-Y13066_reg.swc,1119751014_18457_3995-X28318-Y13066_reg.swc,true,6ba98d39a2380e3919c7ee49cc9461bccaeb2b3767c60848f0c9acedc8f63c7b
bil6,bil6/1119751016_18457_3998-X24655-Y9472_reg.swc,train,864,4,0,CP,raw/bil/swc/1119751016_18457_3998-X24655-Y9472_reg.swc,1119751016_18457_3998-X24655-Y9472_reg.swc,true,5ddf1442f09f4e99bb809b717238297fb92959fed906e9bbd149d08aa8835ad5
bil6,bil6/1119751018_18457_4044-X9723-Y16203_reg.swc,train,865,5,0,CP,raw/bil/swc/1119751018_18457_4044-X9723-Y16203_reg.swc,1119751018_18457_4044-X9723-Y16203_reg.swc,true,389face083961e063d818902c8230095ca58c3d0029ad0f55d05864e8cf4235c
bil6,bil6/1119751020_18457_4131-X13911-Y13141_reg.swc,train,866,2,0,CP,raw/bil/swc/1119751020_18457_4131-X13911-Y13141_reg.swc,1119751020_18457_4131-X13911-Y13141_reg.swc,true,fc3b6165d65ee0a09161b8aab253d16891b441d119164cfd189ed36651e859bc
bil6,bil6/1119751022_18457_4224-X8467-Y14276_reg.swc,test,867,9,0,CP,raw/bil/swc/1119751022_18457_4224-X8467-Y14276_reg.swc,1119751022_18457_4224-X8467-Y14276_reg.swc,true,b77da1793def545df24940cde9cb264c6756ae10ebe74161ab46020ab241999e
bil6,bil6/1119751024_18457_4263-X12675-Y8390_reg.swc,train,868,1,0,CP,raw/bil/swc/1119751024_18457_4263-X12675-Y8390_reg.swc,1119751024_18457_4263-X12675-Y8390_reg.swc,true,7604c64d61a80804e3a57a9458d2d1f474acc1c2548b4f6b88cea499cb4ba683
bil6,bil6/1119751026_18457_4267-X24842-Y9528_reg.swc,test,869,8,0,CP,raw/bil/swc/1119751026_18457_4267-X24842-Y9528_reg.swc,1119751026_18457_4267-X24842-Y9528_reg.swc,true,8490e18fdc9b5cd720a5c3d6a40924e2a9581eaba1a5fafb01ce703ea29b2f1a
bil6,bil6/1119751028_18457_4293-X12802-Y8782_reg.swc,train,870,0,0,CP,raw/bil/swc/1119751028_18457_4293-X12802-Y8782_reg.swc,1119751028_18457_4293-X12802-Y8782_reg.swc,true,11d5db9f042bb2900fe9a17c6b3aceb91a874d8a255c08b69f584dd2d02e61b1
bil6,bil6/1119751030_18457_4329-X9439-Y15300_reg.swc,train,871,3,0,CP,raw/bil/swc/1119751030_18457_4329-X9439-Y15300_reg.swc,1119751030_18457_4329-X9439-Y15300_reg.swc,true,9aca6b72398edda414ec61be30e6b11119542bd5dd1fb8e80574960d13fcb883
bil6,bil6/1119751032_18457_4330-X26376-Y9756_reg.swc,train,872,6,0,CP,raw/bil/swc/1119751032_18457_4330-X26376-Y9756_reg.swc,1119751032_18457_4330-X26376-Y9756_reg.swc,true,61f211f83c9dd31193feeeb28bff0b9098e79af807a9468afdcd16496e3725d6
bil6,bil6/1119751034_18457_4363-X26172-Y9975_reg.swc,train,873,7,0,CP,raw/bil/swc/1119751034_18457_4363-X26172-Y9975_reg.swc,1119751034_18457_4363-X26172-Y9975_reg.swc,true,20a1b858a86e6d6f172508df4e9b69dfe3d7627a8b71fd90c59493eb34092b3c
bil6,bil6/1119751036_18457_4413-X8547-Y15738_reg.swc,train,874,4,0,CP,raw/bil/swc/1119751036_18457_4413-X8547-Y15738_reg.swc,1119751036_18457_4413-X8547-Y15738_reg.swc,true,2007d027c635ff077649064053b836633020f23a0b480d74adaf17b33d7351c2
bil6,bil6/1119751038_18457_4441-X9142-Y14711_reg.swc,test,875,8,0,CP,raw/bil/swc/1119751038_18457_4441-X9142-Y14711_reg.swc,1119751038_18457_4441-X9142-Y14711_reg.swc,true,5711af6025b184f11f83da7e2f699bfd6d550f69c528b65b0f19215914751d02
bil6,bil6/1119751041_18457_4572-X9814-Y15451_reg.swc,train,876,5,0,CP,raw/bil/swc/1119751041_18457_4572-X9814-Y15451_reg.swc,1119751041_18457_4572-X9814-Y15451_reg.swc,true,94edea6ffc3eda509f56d3352d9a5da9d152fa158c053ecbb715bd02a3ebada2
bil6,bil6/1119751045_18457_4958-X8526-Y16290_reg.swc,train,878,7,0,CP,raw/bil/swc/1119751045_18457_4958-X8526-Y16290_reg.swc,1119751045_18457_4958-X8526-Y16290_reg.swc,true,9f1a297638145dc7223898be9aa1e117abda7d1d8d278dabd2b53575e2acf2be
bil6,bil6/1119751053_18457_5181-X13458-Y13210_reg.swc,test,881,9,5,VPM,raw/bil/swc/1119751053_18457_5181-X13458-Y13210_reg.swc,1119751053_18457_5181-X13458-Y13210_reg.swc,true,aaac581757e85e0fee67636e8bc934fa097420a51e9f625358b27459b240ca78
bil6,bil6/1119751055_18457_5225-X12230-Y13212_reg.swc,train,883,3,5,VPM,raw/bil/swc/1119751055_18457_5225-X12230-Y13212_reg.swc,1119751055_18457_5225-X12230-Y13212_reg.swc,true,7b3edf9ab057d1c4338de7fe25f205dd1950e2adcb46ed3fd5b08cc902b406cb
bil6,bil6/1119751058_18457_5237-X25517-Y13109_reg.swc,train,884,5,5,VPM,raw/bil/swc/1119751058_18457_5237-X25517-Y13109_reg.swc,1119751058_18457_5237-X25517-Y13109_reg.swc,true,06d18eb90df3f6e16b06875e6abd4449056fa05f93ebca4c38927238c61bee4c
bil6,bil6/1119751060_18457_5272-X12949-Y13418_reg.swc,test,885,8,5,VPM,raw/bil/swc/1119751060_18457_5272-X12949-Y13418_reg.swc,1119751060_18457_5272-X12949-Y13418_reg.swc,true,88d7af52839120dd65b58e61c923bdeb0ff306094aa723747124991ec8fd8bf1
bil6,bil6/1119751062_18457_5280-X13007-Y12615_reg.swc,train,886,1,5,VPM,raw/bil/swc/1119751062_18457_5280-X13007-Y12615_reg.swc,1119751062_18457_5280-X13007-Y12615_reg.swc,true,5834635557994e066ffa329f5f9428ca5c8eb66ebcddfe6c911ae99062be7961
bil6,bil6/1119751064_18457_5283-X26106-Y13155_reg.swc,train,887,5,5,VPM,raw/bil/swc/1119751064_18457_5283-X26106-Y13155_reg.swc,1119751064_18457_5283-X26106-Y13155_reg.swc,true,1282bfa648cb9d7a191dd26f5329d447e6ff8c2088f48e73f2991b4a76d04705
bil6,bil6/1119751066_18457_5286-X11727-Y12203_reg.swc,train,888,2,5,VPM,raw/bil/swc/1119751066_18457_5286-X11727-Y12203_reg.swc,1119751066_18457_5286-X11727-Y12203_reg.swc,true,6c73b7addb8e506932a6e75eeca8e9b9e97c9f7b0b14857464ed219e44bae3cf
bil6,bil6/1119751068_18457_5320-X26385-Y12448_reg.swc,train,889,4,5,VPM,raw/bil/swc/1119751068_18457_5320-X26385-Y12448_reg.swc,1119751068_18457_5320-X26385-Y12448_reg.swc,true,13e6eab458a16bab462015471200211aa29ccdd934360541da8699c48646d124
bil6,bil6/1119751071_18457_5323-X25052-Y13718_reg.swc,train,890,3,5,VPM,raw/bil/swc/1119751071_18457_5323-X25052-Y13718_reg.swc,1119751071_18457_5323-X25052-Y13718_reg.swc,true,c3bc54af66e195c3e94f350ef504acfefb987f6a57c978cafa957138e9b0ff76
bil6,bil6/1119751073_18457_5328-X11844-Y11885_reg.swc,train,891,6,5,VPM,raw/bil/swc/1119751073_18457_5328-X11844-Y11885_reg.swc,1119751073_18457_5328-X11844-Y11885_reg.swc,true,4e182508e201047268d7844bfb7e4c5c06f1edd4d4819baf1ecfb59154609203
bil6,bil6/1119751075_18457_5336-X25726-Y12178_reg.swc,train,892,0,5,VPM,raw/bil/swc/1119751075_18457_5336-X25726-Y12178_reg.swc,1119751075_18457_5336-X25726-Y12178_reg.swc,true,7ec8e0390e06ca823f3094d3b8756fa6cb5f360f4caf7ba19daddcc5b3c1be0a
bil6,bil6/1119751077_18457_5339-X12740-Y12200_reg.swc,test,893,9,5,VPM,raw/bil/swc/1119751077_18457_5339-X12740-Y12200_reg.swc,1119751077_18457_5339-X12740-Y12200_reg.swc,true,abc9d8ca5fa01a4fd5dbf65ace5f58585f8fa5a2fe7ac5273094ce2af4259d36
bil6,bil6/1119751081_18457_5355-X27412-Y11851_reg.swc,train,895,1,5,VPM,raw/bil/swc/1119751081_18457_5355-X27412-Y11851_reg.swc,1119751081_18457_5355-X27412-Y11851_reg.swc,true,a3e9b8457068676b9d21412e3fccafed54a234a2fa3c49061f462a1931998260
bil6,bil6/1119751085_18457_5363-X26982-Y12368_reg.swc,train,897,7,5,VPM,raw/bil/swc/1119751085_18457_5363-X26982-Y12368_reg.swc,1119751085_18457_5363-X26982-Y12368_reg.swc,true,ae90c14f1d698103c3940fa796d3bb3c28cc8649fb0a75263b1844920825c60a
bil6,bil6/1119751089_18457_5384-X11760-Y11663_reg.swc,test,899,8,5,VPM,raw/bil/swc/1119751089_18457_5384-X11760-Y11663_reg.swc,1119751089_18457_5384-X11760-Y11663_reg.swc,true,7d4867913a16a26ab4ed66b980d518c4eecc34306a034ad0986aa24b10684581
bil6,bil6/1119751091_18457_5392-X12350-Y12900_reg.swc,train,900,3,5,VPM,raw/bil/swc/1119751091_18457_5392-X12350-Y12900_reg.swc,1119751091_18457_5392-X12350-Y12900_reg.swc,true,5a7944a1dc605c280bab14b7bc7c1c320ea53de1b566a5d7ed2dc6cb76a4fa25
bil6,bil6/1119751095_18457_5400-X26246-Y13664_reg.swc,train,902,5,5,VPM,raw/bil/swc/1119751095_18457_5400-X26246-Y13664_reg.swc,1119751095_18457_5400-X26246-Y13664_reg.swc,true,0595e330a35c3592a6ad1d33a147e40469137a52866d391214de34558115a8fa
bil6,bil6/1119751097_18457_5405-X26651-Y11627_reg.swc,test,903,8,5,VPM,raw/bil/swc/1119751097_18457_5405-X26651-Y11627_reg.swc,1119751097_18457_5405-X26651-Y11627_reg.swc,true,2bbb471a978aac852b552538f83886100feec03b1d5ce9707597f308af99a765
bil6,bil6/1119751099_18457_5408-X12954-Y12813_reg.swc,train,904,6,5,VPM,raw/bil/swc/1119751099_18457_5408-X12954-Y12813_reg.swc,1119751099_18457_5408-X12954-Y12813_reg.swc,true,c19469c4064190e881d06d426dbf76b994bc5c2670beb381fa7bb52430be6c6a
bil6,bil6/1119751101_18457_5419-X26584-Y12833_reg.swc,train,905,7,5,VPM,raw/bil/swc/1119751101_18457_5419-X26584-Y12833_reg.swc,1119751101_18457_5419-X26584-Y12833_reg.swc,true,c0f530fa92c439072acac38163f961ccb35a58c14d8e3ecd466d50b1d1eb60db
bil6,bil6/1119751105_18457_5421-X26188-Y11641_reg.swc,test,907,9,5,VPM,raw/bil/swc/1119751105_18457_5421-X26188-Y11641_reg.swc,1119751105_18457_5421-X26188-Y11641_reg.swc,true,af53522715fd4bdd13e43cb2b961728dcc169cc36abbeff331d439f239c1f383
bil6,bil6/1119751107_18457_5425-X11475-Y12107_reg.swc,train,908,2,5,VPM,raw/bil/swc/1119751107_18457_5425-X11475-Y12107_reg.swc,1119751107_18457_5425-X11475-Y12107_reg.swc,true,e9421f6a88e37420918076b26a315d725b1b01191ee8ec31806bd9d98fe76686
bil6,bil6/1119751109_18457_5439-X26345-Y13835_reg.swc,train,909,0,5,VPM,raw/bil/swc/1119751109_18457_5439-X26345-Y13835_reg.swc,1119751109_18457_5439-X26345-Y13835_reg.swc,true,1c98b3ec1e94c2f1b3eb55263a89ceb6ab9be55d73789b403a252df8973b440b
bil6,bil6/1119751111_18457_5449-X25899-Y11849_reg.swc,train,910,4,5,VPM,raw/bil/swc/1119751111_18457_5449-X25899-Y11849_reg.swc,1119751111_18457_5449-X25899-Y11849_reg.swc,true,d8b047acdaf96dd005a93e702f9195806203cc940e78c778a04fe5f562e0fe49
bil6,bil6/1119751114_18457_5455-X11842-Y12737_reg.swc,train,911,1,5,VPM,raw/bil/swc/1119751114_18457_5455-X11842-Y12737_reg.swc,1119751114_18457_5455-X11842-Y12737_reg.swc,true,32653935bae5ab4c111c33f024a9b8af031e7f7e30b5037a4a60cc523a9a35b3
bil6,bil6/1119751116_18457_5462-X25622-Y13384_reg.swc,train,912,0,5,VPM,raw/bil/swc/1119751116_18457_5462-X25622-Y13384_reg.swc,1119751116_18457_5462-X25622-Y13384_reg.swc,true,d65f10b6681f36a1118ef78bb7e7c42415d8f308b9cbcf0eaa51f6fd6ed48908
bil6,bil6/1119751122_18457_5487-X12419-Y12406_reg.swc,train,914,5,5,VPM,raw/bil/swc/1119751122_18457_5487-X12419-Y12406_reg.swc,1119751122_18457_5487-X12419-Y12406_reg.swc,true,fcb97c09d353c90e2797e9c1ad8b81c336e58567d8f8c76cb3b0999dd2531d2f
bil6,bil6/1119751124_18457_5490-X13374-Y12116_reg.swc,test,916,9,5,VPM,raw/bil/swc/1119751124_18457_5490-X13374-Y12116_reg.swc,1119751124_18457_5490-X13374-Y12116_reg.swc,true,c77f96c3f5f3ce907e623d7776e7798814e6a3e82d79f37b90a183166587458d
bil6,bil6/1119751126_18457_5499-X26879-Y12284_reg.swc,train,917,4,5,VPM,raw/bil/swc/1119751126_18457_5499-X26879-Y12284_reg.swc,1119751126_18457_5499-X26879-Y12284_reg.swc,true,eb74ea6f1811657ce0d910ddcc651cf594e61c430c425e35d68604e10664b032
bil6,bil6/1119751129_18457_5503-X26729-Y11964_reg.swc,test,918,8,5,VPM,raw/bil/swc/1119751129_18457_5503-X26729-Y11964_reg.swc,1119751129_18457_5503-X26729-Y11964_reg.swc,true,9412e938cee9bf9f2941a9fc637ecb705ea56612ba6c0b3b2ab40d68fe59a3e4
bil6,bil6/1119751131_18457_5505-X25476-Y11975_reg.swc,train,919,3,5,VPM,raw/bil/swc/1119751131_18457_5505-X25476-Y11975_reg.swc,1119751131_18457_5505-X25476-Y11975_reg.swc,true,11de1e7849028e4048f00a3ebfcfa679f0047ac7e1b9457f0535c3fcf5e0c7dd
bil6,bil6/1119751135_18457_5522-X25571-Y11855_reg.swc,train,921,2,5,VPM,raw/bil/swc/1119751135_18457_5522-X25571-Y11855_reg.swc,1119751135_18457_5522-X25571-Y11855_reg.swc,true,5e385267646850ffde9abfe94db1f23622da266de2893308930840835e3269df
bil6,bil6/1119751137_18457_5527-X11943-Y11125_reg.swc,train,922,6,5,VPM,raw/bil/swc/1119751137_18457_5527-X11943-Y11125_reg.swc,1119751137_18457_5527-X11943-Y11125_reg.swc,true,517ff4745bfc38a3d5f777cc227855398b79305640dbf700563a39453cb83b0c
bil6,bil6/1119751142_18457_5543-X11651-Y12457_reg.swc,train,924,1,5,VPM,raw/bil/swc/1119751142_18457_5543-X11651-Y12457_reg.swc,1119751142_18457_5543-X11651-Y12457_reg.swc,true,18ef42a9465f904cefbe28e4abe71c102bead166dc38ba0e6a02537b0adc2067
bil6,bil6/1119751144_18457_5544-X12903-Y12265_reg.swc,train,925,7,5,VPM,raw/bil/swc/1119751144_18457_5544-X12903-Y12265_reg.swc,1119751144_18457_5544-X12903-Y12265_reg.swc,true,9a25f3165a0e61bedc9db873f7825c6ad8cc88436a1f328ab097611b1f49cfcc
bil6,bil6/1119751148_18457_5570-X26099-Y11441_reg.swc,train,927,7,5,VPM,raw/bil/swc/1119751148_18457_5570-X26099-Y11441_reg.swc,1119751148_18457_5570-X26099-Y11441_reg.swc,true,3bc95aabc334de05ce542b76f798d10f66de0c90f0079767510cc5cdd009868c
bil6,bil6/1119751150_18457_5583-X24514-Y13773_reg.swc,test,928,9,5,VPM,raw/bil/swc/1119751150_18457_5583-X24514-Y13773_reg.swc,1119751150_18457_5583-X24514-Y13773_reg.swc,true,53ec2c1c3391ddb70c2d442f588362e0762bbffb8259ef45a597df5b95940d3f
bil6,bil6/1119751152_18457_5585-X27174-Y12095_reg.swc,train,929,0,5,VPM,raw/bil/swc/1119751152_18457_5585-X27174-Y12095_reg.swc,1119751152_18457_5585-X27174-Y12095_reg.swc,true,c924bb010a8526d296bff36c64c5027d45c806801e9bb21e97ab2adb4c710638
bil6,bil6/1119751154_18457_5589-X26705-Y11299_reg.swc,train,930,6,5,VPM,raw/bil/swc/1119751154_18457_5589-X26705-Y11299_reg.swc,1119751154_18457_5589-X26705-Y11299_reg.swc,true,34af05a9ce36cd0775f0e15fe8f7c97d9b60da2db00021faa63d6c98a2c3be77
bil6,bil6/1119751156_18457_5593-X11534-Y12415_reg.swc,train,931,1,5,VPM,raw/bil/swc/1119751156_18457_5593-X11534-Y12415_reg.swc,1119751156_18457_5593-X11534-Y12415_reg.swc,true,ef298915d8b8011c67a9ba764eaf44596ebba0d35b0d173086400491c4304467
bil6,bil6/1119751158_18457_5604-X27102-Y11705_reg.swc,train,932,2,5,VPM,raw/bil/swc/1119751158_18457_5604-X27102-Y11705_reg.swc,1119751158_18457_5604-X27102-Y11705_reg.swc,true,4b7b2265f968b9774c77bd02649ff7ab56bd9bbc0d30447aab215b06bc008915
bil6,bil6/1119751164_18457_5613-X25634-Y11175_reg.swc,train,935,5,5,VPM,raw/bil/swc/1119751164_18457_5613-X25634-Y11175_reg.swc,1119751164_18457_5613-X25634-Y11175_reg.swc,true,9155e88be4cd2382b57febcdcb2f830432e6158dccc9357354afefff4d8e5d6e
bil6,bil6/1119751168_18457_5622-X26292-Y11110_reg.swc,train,937,4,5,VPM,raw/bil/swc/1119751168_18457_5622-X26292-Y11110_reg.swc,1119751168_18457_5622-X26292-Y11110_reg.swc,true,09b66070759c2094d8282371b23548b6953dc0be7440024082e7fcb6fe61a6e1
bil6,bil6/1119751170_18457_5625-X26143-Y10942_reg.swc,train,938,3,5,VPM,raw/bil/swc/1119751170_18457_5625-X26143-Y10942_reg.swc,1119751170_18457_5625-X26143-Y10942_reg.swc,true,57cdea0b035b56de3f54aecee42159b5443247a43c475290a186505efccb0e83
bil6,bil6/1119751172_18457_5634-X11303-Y12964_reg.swc,test,939,8,5,VPM,raw/bil/swc/1119751172_18457_5634-X11303-Y12964_reg.swc,1119751172_18457_5634-X11303-Y12964_reg.swc,true,398052df5fda735219e0bac4c5bd78e2b0e9d697852fe240f1d9029e442195f9
bil6,bil6/1119751174_18457_5647-X27203-Y12577_reg.swc,train,940,1,5,VPM,raw/bil/swc/1119751174_18457_5647-X27203-Y12577_reg.swc,1119751174_18457_5647-X27203-Y12577_reg.swc,true,1df3bb16e203d989bd318f0bf53d689b46aca87f402d91d4102a17db2c9d78d6
bil6,bil6/1119751178_18457_5657-X11545-Y11129_reg.swc,train,941,3,5,VPM,raw/bil/swc/1119751178_18457_5657-X11545-Y11129_reg.swc,1119751178_18457_5657-X11545-Y11129_reg.swc,true,c3efa0001d489ae6cc779ed1d0eba54a65f971d6b9c7f7880a82085449d6f554
bil6,bil6/1119751182_18457_5667-X11888-Y11125_reg.swc,train,944,6,5,VPM,raw/bil/swc/1119751182_18457_5667-X11888-Y11125_reg.swc,1119751182_18457_5667-X11888-Y11125_reg.swc,true,2d4d6463ba824e465a7c6473ba6f03cd40bb618869dabf7117e96286b60ec453
bil6,bil6/1119751184_18457_5670-X26150-Y11147_reg.swc,train,945,4,5,VPM,raw/bil/swc/1119751184_18457_5670-X26150-Y11147_reg.swc,1119751184_18457_5670-X26150-Y11147_reg.swc,true,2988c0afa562c2065a6f221fb580970d3af5ebc871b64c078efbb087aa83f495
bil6,bil6/1119751186_18457_5690-X26971-Y11535_reg.swc,test,946,9,5,VPM,raw/bil/swc/1119751186_18457_5690-X26971-Y11535_reg.swc,1119751186_18457_5690-X26971-Y11535_reg.swc,true,c95bdbe518b5d6732e0217cfa9305c8929ee20a4823933210853da88f935f17c
bil6,bil6/1119751191_18457_5709-X27158-Y11340_reg.swc,train,948,2,5,VPM,raw/bil/swc/1119751191_18457_5709-X27158-Y11340_reg.swc,1119751191_18457_5709-X27158-Y11340_reg.swc,true,95ebd5b12917906636579618da7d9e1aa83058250331b813d520eed852194fc3
bil6,bil6/1119751193_18457_5713-X27340-Y11142_reg.swc,train,949,5,5,VPM,raw/bil/swc/1119751193_18457_5713-X27340-Y11142_reg.swc,1119751193_18457_5713-X27340-Y11142_reg.swc,true,57671dde81e5bc66de8be19f4d5a5883476d8c0206b91b870c43aaa32dcfe39a
bil6,bil6/1119751195_18457_5731-X12965-Y11605_reg.swc,test,950,8,5,VPM,raw/bil/swc/1119751195_18457_5731-X12965-Y11605_reg.swc,1119751195_18457_5731-X12965-Y11605_reg.swc,true,c8b8c851ea4792348983699903d6cc80cb46e9a7c4a324c4d40f201a0f458738
bil6,bil6/1119751197_18457_5746-X25407-Y11771_reg.swc,train,951,0,5,VPM,raw/bil/swc/1119751197_18457_5746-X25407-Y11771_reg.swc,1119751197_18457_5746-X25407-Y11771_reg.swc,true,e5635ee84a62f135fe549b6d6c0a7fa16f19106d7637322664029ec5032e1f9c
bil6,bil6/1119751199_18457_5760-X11579-Y11688_reg.swc,train,952,7,5,VPM,raw/bil/swc/1119751199_18457_5760-X11579-Y11688_reg.swc,1119751199_18457_5760-X11579-Y11688_reg.swc,true,156661aab107af84ebcc95c0c8b9a4ccddb4825746cf52d9ac0bba34f6d70a50
bil6,bil6/1119751204_18457_5773-X10933-Y11358_reg.swc,train,954,6,5,VPM,raw/bil/swc/1119751204_18457_5773-X10933-Y11358_reg.swc,1119751204_18457_5773-X10933-Y11358_reg.swc,true,07d3c3ccad668b5ee8b1108a0d91609eda15a84063dd54c8ba2508d73463414c
bil6,bil6/1119751208_18457_5786-X25822-Y11516_reg.swc,train,956,2,5,VPM,raw/bil/swc/1119751208_18457_5786-X25822-Y11516_reg.swc,1119751208_18457_5786-X25822-Y11516_reg.swc,true,d53d6501ad6b3ee9396095a2d4e57ff27df885adc60748235564cad885c7f5d2
bil6,bil6/1119751210_18457_5791-X27214-Y11886_reg.swc,train,957,0,5,VPM,raw/bil/swc/1119751210_18457_5791-X27214-Y11886_reg.swc,1119751210_18457_5791-X27214-Y11886_reg.swc,true,898cd45b8d664ec4cc29e64682d6af05eba8968c6b01b09f91a3cae59a797291
bil6,bil6/1119751212_18457_5823-X11034-Y11743_reg.swc,train,958,5,5,VPM,raw/bil/swc/1119751212_18457_5823-X11034-Y11743_reg.swc,1119751212_18457_5823-X11034-Y11743_reg.swc,true,2d8834d6eb6706ccd8fc3b814b7a7740bccc1cf7a5aa0e711e8c791786f39fa1
bil6,bil6/1119751214_18457_5828-X11261-Y11424_reg.swc,train,959,3,5,VPM,raw/bil/swc/1119751214_18457_5828-X11261-Y11424_reg.swc,1119751214_18457_5828-X11261-Y11424_reg.swc,true,e91164567aef627ce5aceae8d3f90718701946b8c5e65e94d8e4941cfe9d8bb4
bil6,bil6/1119751219_18457_5893-X11399-Y10842_reg.swc,train,961,7,5,VPM,raw/bil/swc/1119751219_18457_5893-X11399-Y10842_reg.swc,1119751219_18457_5893-X11399-Y10842_reg.swc,true,4d6dea7a5dd38877a1f548e24066cc2d61bad6c002e825ba2a57a748679b9308
bil6,bil6/1119751224_18457_5898-X26754-Y10921_reg.swc,test,963,9,5,VPM,raw/bil/swc/1119751224_18457_5898-X26754-Y10921_reg.swc,1119751224_18457_5898-X26754-Y10921_reg.swc,true,b4d3aca4e2f590e3aa50544d316d188df521dbb34c7c69de86b3520327fd01b4
bil6,bil6/1119751226_18457_5901-X27016-Y11155_reg.swc,train,964,4,5,VPM,raw/bil/swc/1119751226_18457_5901-X27016-Y11155_reg.swc,1119751226_18457_5901-X27016-Y11155_reg.swc,true,f7b2dee9e56165fe6b982369ad6f2d59defbc7e111929388bd137af89d2ee539
bil6,bil6/1119751240_18458_3585-X28691-Y15301_reg.swc,train,972,2,0,CP,raw/bil/swc/1119751240_18458_3585-X28691-Y15301_reg.swc,1119751240_18458_3585-X28691-Y15301_reg.swc,true,9422f6015e75685264a810c897c61dbe57e1f1c9fb7f6c0ed8814a8ed3991cd5
bil6,bil6/1119751242_18458_3970-X10955-Y15932_reg.swc,test,973,9,0,CP,raw/bil/swc/1119751242_18458_3970-X10955-Y15932_reg.swc,1119751242_18458_3970-X10955-Y15932_reg.swc,true,9f9c3871a81daf8c527b80bba0f071f2fa164bb5988f75bf049e36394ea5554d
bil6,bil6/1119751244_18458_3988-X12064-Y15356_reg.swc,train,974,0,0,CP,raw/bil/swc/1119751244_18458_3988-X12064-Y15356_reg.swc,1119751244_18458_3988-X12064-Y15356_reg.swc,true,de07b58f59c12d1a250afd23b00215b4f40e039e9993b7f56ff65c7ab7764309
bil6,bil6/1119751246_18458_4242-X10646-Y14110_reg.swc,train,975,3,0,CP,raw/bil/swc/1119751246_18458_4242-X10646-Y14110_reg.swc,1119751246_18458_4242-X10646-Y14110_reg.swc,true,3948002f0ad06e3de64b3976d0c68d7f3f754b6c3bcb22ebec3ab5ff04f809d1
bil6,bil6/1119751265_18458_5172-X27174-Y14943_reg.swc,train,984,1,5,VPM,raw/bil/swc/1119751265_18458_5172-X27174-Y14943_reg.swc,1119751265_18458_5172-X27174-Y14943_reg.swc,true,e9be987e73fc1f57e1ed3b1852184460697be75849d3f7ca631a8fd765502415
bil6,bil6/1119751267_18458_5211-X28628-Y13810_reg.swc,test,985,8,5,VPM,raw/bil/swc/1119751267_18458_5211-X28628-Y13810_reg.swc,1119751267_18458_5211-X28628-Y13810_reg.swc,true,347b844279cadeda72e7e565cb52611fc5b789888f7f60c3ffa0e3a0c94686b9
bil6,bil6/1119751276_18458_5259-X28940-Y13351_reg.swc,train,988,1,5,VPM,raw/bil/swc/1119751276_18458_5259-X28940-Y13351_reg.swc,1119751276_18458_5259-X28940-Y13351_reg.swc,true,e54e0f2c96b17a1e17ad9d80a9a4e9529a8522f631976a898ed37e339a5109fb
bil6,bil6/1119751274_18458_5259-X15357-Y14215_reg.swc,train,989,6,5,VPM,raw/bil/swc/1119751274_18458_5259-X15357-Y14215_reg.swc,1119751274_18458_5259-X15357-Y14215_reg.swc,true,ce735d91aaead21fbd95b489e6660431b393c492c6d5ae441da7c3de58adb29b
bil6,bil6/1119751278_18458_5261-X27164-Y14818_reg.swc,train,990,5,5,VPM,raw/bil/swc/1119751278_18458_5261-X27164-Y14818_reg.swc,1119751278_18458_5261-X27164-Y14818_reg.swc,true,ad8b61a63ed0f143166c4f1624ff14163a1e4934b29b3b451fba7d07cc4d5b2f
bil6,bil6/1119751280_18458_5286-X27240-Y13308_reg.swc,test,991,8,5,VPM,raw/bil/swc/1119751280_18458_5286-X27240-Y13308_reg.swc,1119751280_18458_5286-X27240-Y13308_reg.swc,true,c10d5ac5cded692303c1261055f9fc0e8393cb671e4eb8757f6f9a3af88ce5d3
bil6,bil6/1119751282_18458_5292-X14404-Y13805_reg.swc,train,992,2,5,VPM,raw/bil/swc/1119751282_18458_5292-X14404-Y13805_reg.swc,1119751282_18458_5292-X14404-Y13805_reg.swc,true,e25a39e54bac9876fa97274405f76a79871838bc0601e33fddf9622c87a36e53
bil6,bil6/1119751284_18458_5303-X27729-Y13204_reg.swc,train,993,4,5,VPM,raw/bil/swc/1119751284_18458_5303-X27729-Y13204_reg.swc,1119751284_18458_5303-X27729-Y13204_reg.swc,true,90272c62490ddafd0eee4e2f52c89526bc82ae78a4dd7a885ea688dd8a34aa22
bil6,bil6/1119751289_18458_5329-X26062-Y14514_reg.swc,test,995,9,5,VPM,raw/bil/swc/1119751289_18458_5329-X26062-Y14514_reg.swc,1119751289_18458_5329-X26062-Y14514_reg.swc,true,dc29d958fb0dc14f32df4fa83a26424379a7c605fb231996b1b1eb4730edc020
bil6,bil6/1119751291_18458_5348-X14138-Y13856_reg.swc,train,996,7,5,VPM,raw/bil/swc/1119751291_18458_5348-X14138-Y13856_reg.swc,1119751291_18458_5348-X14138-Y13856_reg.swc,true,3294108a2e56848d76d509ad55626a47573d1b693958148ff45196e63f3b5f3a
bil6,bil6/1119751293_18458_5350-X27019-Y14180_reg.swc,train,997,0,5,VPM,raw/bil/swc/1119751293_18458_5350-X27019-Y14180_reg.swc,1119751293_18458_5350-X27019-Y14180_reg.swc,true,baa13d1cfe3e2112469ec1b3d3c20a96b184030e49ba6cb5458f03dc9d888e27
bil6,bil6/1119751295_18458_5357-X15422-Y13228_reg.swc,train,998,3,5,VPM,raw/bil/swc/1119751295_18458_5357-X15422-Y13228_reg.swc,1119751295_18458_5357-X15422-Y13228_reg.swc,true,5a5701b73fa01ddf70b66cf47dfb1be200f450cc8b66272bda3d64febf571711
bil6,bil6/1119751297_18458_5369-X26807-Y15139_reg.swc,train,999,1,5,VPM,raw/bil/swc/1119751297_18458_5369-X26807-Y15139_reg.swc,1119751297_18458_5369-X26807-Y15139_reg.swc,true,d3d3163f0ce03061173779bf124863f0c92710f6c2bff81292bf987764103654
bil6,bil6/1119751301_18458_5390-X27942-Y12578_reg.swc,test,1001,8,5,VPM,raw/bil/swc/1119751301_18458_5390-X27942-Y12578_reg.swc,1119751301_18458_5390-X27942-Y12578_reg.swc,true,3ffbaa6600b5efc0d22d76a9b05fae9c4a4e298d6e339331461a6c0ac40337fa
bil6,bil6/1119751303_18458_5399-X13271-Y12123_reg.swc,train,1002,2,5,VPM,raw/bil/swc/1119751303_18458_5399-X13271-Y12123_reg.swc,1119751303_18458_5399-X13271-Y12123_reg.swc,true,0ec608fd430cb435bd3fafa710349f2e3323f98915fac2de888441a9fcc2670c
bil6,bil6/1119751309_18458_5429-X28215-Y15146_reg.swc,test,1005,9,5,VPM,raw/bil/swc/1119751309_18458_5429-X28215-Y15146_reg.swc,1119751309_18458_5429-X28215-Y15146_reg.swc,true,19dfb5540ca8583ec755bb690669bc78f975f4b44bfa45a16b613bf115d47f3f
bil6,bil6/1119751315_18458_5458-X15175-Y12670_reg.swc,train,1007,4,5,VPM,raw/bil/swc/1119751315_18458_5458-X15175-Y12670_reg.swc,1119751315_18458_5458-X15175-Y12670_reg.swc,true,b03392c08ca49e6b7b7cde6bdadcfaa3573e7692b9ba3d28e9fee229ed281d1e
bil6,bil6/1119751313_18458_5458-X14780-Y13781_reg.swc,train,1008,3,5,VPM,raw/bil/swc/1119751313_18458_5458-X14780-Y13781_reg.swc,1119751313_18458_5458-X14780-Y13781_reg.swc,true,1906cd0ce272fe07d98d507f6838a409cf21708f02664da3976025ac45bba347
bil6,bil6/1119751317_18458_5465-X27104-Y13632_reg.swc,train,1009,7,5,VPM,raw/bil/swc/1119751317_18458_5465-X27104-Y13632_reg.swc,1119751317_18458_5465-X27104-Y13632_reg.swc,true,3f59a639ea69844f833edab0d86c13326238ef767b82744f49fd7799214da80f
bil6,bil6/1119751319_18458_5481-X27193-Y13140_reg.swc,train,1010,0,5,VPM,raw/bil/swc/1119751319_18458_5481-X27193-Y13140_reg.swc,1119751319_18458_5481-X27193-Y13140_reg.swc,true,0f0774b0d05d942a4a66389e335f0c0a086dcd152e66460972920a0bb261a382
bil6,bil6/1119751321_18458_5488-X27759-Y12445_reg.swc,train,1011,5,5,VPM,raw/bil/swc/1119751321_18458_5488-X27759-Y12445_reg.swc,1119751321_18458_5488-X27759-Y12445_reg.swc,true,dbf407d55bc76f49481e60184facd1f19d2a673b69e9f57fc947d945f1966ae8
bil6,bil6/1119751327_18458_5516-X13474-Y12787_reg.swc,train,1014,6,5,VPM,raw/bil/swc/1119751327_18458_5516-X13474-Y12787_reg.swc,1119751327_18458_5516-X13474-Y12787_reg.swc,true,ca36e076eef2d7570d0e3a3fa23ebd50dc05a8f76209d794cd6979857ccdb2d2
bil6,bil6/1119751332_18458_5572-X28811-Y12558_reg.swc,train,1016,2,5,VPM,raw/bil/swc/1119751332_18458_5572-X28811-Y12558_reg.swc,1119751332_18458_5572-X28811-Y12558_reg.swc,true,49e191a3df939bc8cc6ea38dcb0de8b32e9a9aac908c9cbecca6e0add828683d
bil6,bil6/1119751334_18458_5574-X27706-Y12493_reg.swc,test,1017,8,5,VPM,raw/bil/swc/1119751334_18458_5574-X27706-Y12493_reg.swc,1119751334_18458_5574-X27706-Y12493_reg.swc,true,87d22833bf94717238553c1713d7db89a089761bf43d01d1e7f884872bd7f8a9
bil6,bil6/1119751336_18458_5584-X15094-Y12986_reg.swc,train,1018,1,5,VPM,raw/bil/swc/1119751336_18458_5584-X15094-Y12986_reg.swc,1119751336_18458_5584-X15094-Y12986_reg.swc,true,3e900a85b504ec3ca742711bc438334996506b6c651a518d5502b263cb7c6ec0
bil6,bil6/1119751338_18458_5596-X27612-Y13770_reg.swc,train,1019,4,5,VPM,raw/bil/swc/1119751338_18458_5596-X27612-Y13770_reg.swc,1119751338_18458_5596-X27612-Y13770_reg.swc,true,b609ffd03b6e864e2fd97c04f7f8412ca64b9af52b2bae0360664dac035dfbae
bil6,bil6/1119751345_18458_5646-X28438-Y12297_reg.swc,test,1022,9,5,VPM,raw/bil/swc/1119751345_18458_5646-X28438-Y12297_reg.swc,1119751345_18458_5646-X28438-Y12297_reg.swc,true,85253bf6b7f297190fbe8d5f4678474a2094f0ee916fb80d19141eb95686c206
bil6,bil6/1119751349_18458_5655-X28133-Y12294_reg.swc,train,1024,3,5,VPM,raw/bil/swc/1119751349_18458_5655-X28133-Y12294_reg.swc,1119751349_18458_5655-X28133-Y12294_reg.swc,true,63792ba6df69a85c6e0141833c754b01f8cebc2d37d115d8a8869f804c70ccd7
bil6,bil6/1119751351_18458_5674-X13954-Y12053_reg.swc,train,1025,5,5,VPM,raw/bil/swc/1119751351_18458_5674-X13954-Y12053_reg.swc,1119751351_18458_5674-X13954-Y12053_reg.swc,true,8ffac47fcef935fba360c223b08882bcee9298717471ac455e485334eafb10df
bil6,bil6/1119751357_18458_5694-X13747-Y12358_reg.swc,train,1028,6,5,VPM,raw/bil/swc/1119751357_18458_5694-X13747-Y12358_reg.swc,1119751357_18458_5694-X13747-Y12358_reg.swc,true,7b00598e5af022ea0e332f4b7bd86b10d9f33dd1e04e362f2ea09fe1506eb03b
bil6,bil6/1119751372_18458_5795-X28545-Y13321_reg.swc,train,1035,7,5,VPM,raw/bil/swc/1119751372_18458_5795-X28545-Y13321_reg.swc,1119751372_18458_5795-X28545-Y13321_reg.swc,true,8868be449b72c2b348309143889b25c01298704b4b34aff47e75987724af7baf
bil6,bil6/1119751376_18458_5822-X13425-Y11727_reg.swc,train,1037,0,5,VPM,raw/bil/swc/1119751376_18458_5822-X13425-Y11727_reg.swc,1119751376_18458_5822-X13425-Y11727_reg.swc,true,59ccefc28cceef4b62c0446f5b062bce667ee34d646eb7cec81a35d2eb2cff9c
bil6,bil6/1119751380_18458_5832-X29027-Y12396_reg.swc,train,1039,2,5,VPM,raw/bil/swc/1119751380_18458_5832-X29027-Y12396_reg.swc,1119751380_18458_5832-X29027-Y12396_reg.swc,true,e6262a24b3c8896af3eba0a11a2b58a06a008675be316412a773b7aed1ae2fd9
bil6,bil6/1119751648_18464_3375-X9764-Y10406_reg.swc,train,1059,4,0,CP,raw/bil/swc/1119751648_18464_3375-X9764-Y10406_reg.swc,1119751648_18464_3375-X9764-Y10406_reg.swc,true,3f7073cb047b11064ee357c7ca5b5295a71ff4ac50a9a4a037677df5502193e7
bil6,bil6/1119751650_18464_3609-X25463-Y14764_reg.swc,train,1060,1,0,CP,raw/bil/swc/1119751650_18464_3609-X25463-Y14764_reg.swc,1119751650_18464_3609-X25463-Y14764_reg.swc,true,700d513791643e2ac8df13632f8024bb8b5788755a14975935e81dde94eba01a
bil6,bil6/1119751652_18464_3690-X11378-Y11250_reg.swc,train,1061,6,0,CP,raw/bil/swc/1119751652_18464_3690-X11378-Y11250_reg.swc,1119751652_18464_3690-X11378-Y11250_reg.swc,true,5933019adf29bfe7fe092899db90cb1ac8667ab29ccb5fcadaa0d51a2deca9d3
bil6,bil6/1119751654_18464_3775-X9476-Y10896_reg.swc,test,1062,8,0,CP,raw/bil/swc/1119751654_18464_3775-X9476-Y10896_reg.swc,1119751654_18464_3775-X9476-Y10896_reg.swc,true,a03cc4f8a0d857d193a68efee45041a79e507dc32d191679db009d71a670ec54
bil6,bil6/1119751656_18464_3803-X7165-Y13366_reg.swc,test,1063,9,0,CP,raw/bil/swc/1119751656_18464_3803-X7165-Y13366_reg.swc,1119751656_18464_3803-X7165-Y13366_reg.swc,true,12a4924cf5cda109c0a93f00ad006de3d369f8a66ce681640d276949db4e9717
bil6,bil6/1119751660_18464_3893-X8847-Y18665_reg.swc,train,1065,1,0,CP,raw/bil/swc/1119751660_18464_3893-X8847-Y18665_reg.swc,1119751660_18464_3893-X8847-Y18665_reg.swc,true,d96ea3b5930cd325feccfe336eb1c4a178e41cd7dc33d0d764acd25a532e41e4
bil6,bil6/1119751662_18464_3913-X6367-Y16275_reg.swc,train,1066,4,0,CP,raw/bil/swc/1119751662_18464_3913-X6367-Y16275_reg.swc,1119751662_18464_3913-X6367-Y16275_reg.swc,true,0f91f843bf2a418ee3fe4128666f8605f70afac4722359c2d3bce60bfb3d0495
bil6,bil6/1119751664_18464_3956-X21949-Y18524_reg.swc,train,1067,6,0,CP,raw/bil/swc/1119751664_18464_3956-X21949-Y18524_reg.swc,1119751664_18464_3956-X21949-Y18524_reg.swc,true,66684ecc2f4f0ac3fff9184fe6ea8eeb50d9ed467dd9c717fdfe961fb91b2a9a
bil6,bil6/1119751666_18464_4087-X26781-Y16937_reg.swc,train,1068,3,0,CP,raw/bil/swc/1119751666_18464_4087-X26781-Y16937_reg.swc,1119751666_18464_4087-X26781-Y16937_reg.swc,true,a2f6d8b1c6dd7b80af08205cd10e45b7e2bcf220bafdfaf09b0983661e6f6a68
bil6,bil6/1119751668_18464_4092-X22324-Y12272_reg.swc,train,1069,2,0,CP,raw/bil/swc/1119751668_18464_4092-X22324-Y12272_reg.swc,1119751668_18464_4092-X22324-Y12272_reg.swc,true,99f64c846abe3ba04eb63c6110696679dc959faee780d4a7e1fe79453f32a6bd
bil6,bil6/1119751671_18464_4105-X26619-Y16058_reg.swc,train,1070,0,0,CP,raw/bil/swc/1119751671_18464_4105-X26619-Y16058_reg.swc,1119751671_18464_4105-X26619-Y16058_reg.swc,true,c10bb2f8225c86c379f2d1b685645b0b5915b13098e5538f05ef86d1b2276c16
bil6,bil6/1119751675_18464_4154-X5969-Y14750_reg.swc,train,1071,5,0,CP,raw/bil/swc/1119751675_18464_4154-X5969-Y14750_reg.swc,1119751675_18464_4154-X5969-Y14750_reg.swc,true,8fa2962782a9959721f920e5842f07618adc7a9c20c91f8247527c8dc9576048
bil6,bil6/1119751679_18464_4244-X24239-Y17260_reg.swc,train,1072,7,0,CP,raw/bil/swc/1119751679_18464_4244-X24239-Y17260_reg.swc,1119751679_18464_4244-X24239-Y17260_reg.swc,true,9ef8fb879007dc897284498a4ae0f90e6e0210e20bde8f21bdf5f3cce2073eac
bil6,bil6/1119751683_18464_4260-X7903-Y16301_reg.swc,test,1073,9,0,CP,raw/bil/swc/1119751683_18464_4260-X7903-Y16301_reg.swc,1119751683_18464_4260-X7903-Y16301_reg.swc,true,6c67244fdd6ca9dbed242861640d21549ca530edd158878915bcae859ca5b0a8
bil6,bil6/1119751688_18464_4403-X6200-Y17576_reg.swc,train,1074,4,0,CP,raw/bil/swc/1119751688_18464_4403-X6200-Y17576_reg.swc,1119751688_18464_4403-X6200-Y17576_reg.swc,true,fa8b4bdff38f9c500be293d7a81e4f2b5ad3c892882dfa96cb7578ed4383c0f5
bil6,bil6/1119751693_18464_4877-X5195-Y11441_reg.swc,train,1075,1,0,CP,raw/bil/swc/1119751693_18464_4877-X5195-Y11441_reg.swc,1119751693_18464_4877-X5195-Y11441_reg.swc,true,9f04b4c29f737242aabbfb9ddb5eaba39c719bf5d9950d5b0f3d29aa946a4f60
bil6,bil6/1119751697_18464_5162-X23214-Y13878_reg.swc,train,1077,1,5,VPM,raw/bil/swc/1119751697_18464_5162-X23214-Y13878_reg.swc,1119751697_18464_5162-X23214-Y13878_reg.swc,true,b41330abe173da4c15a4dc24a4fc3f78ceb00690ac8bf65722b38f7742e9a694
bil6,bil6/1119751705_18464_5266-X24048-Y13519_reg.swc,train,1079,7,5,VPM,raw/bil/swc/1119751705_18464_5266-X24048-Y13519_reg.swc,1119751705_18464_5266-X24048-Y13519_reg.swc,true,0e0797ef16a53752ae9fb2bf26a571bc0452fdd956db17516a7b43f4003918eb
bil6,bil6/1119751714_18464_5343-X23212-Y12744_reg.swc,train,1081,0,5,VPM,raw/bil/swc/1119751714_18464_5343-X23212-Y12744_reg.swc,1119751714_18464_5343-X23212-Y12744_reg.swc,true,4d9e8da2caf4f8bb6eca16af55858097ba549841a51aeee1153403a396bcd2c4
bil6,bil6/1119751717_18464_5427-X10549-Y14523_reg.swc,train,1082,4,5,VPM,raw/bil/swc/1119751717_18464_5427-X10549-Y14523_reg.swc,1119751717_18464_5427-X10549-Y14523_reg.swc,true,18d2481d0fc0f063a494ac0f67ec06e5b1cba808f1c94068effbbe486b36d91f
bil6,bil6/1119751722_18464_5483-X10596-Y14245_reg.swc,test,1084,8,5,VPM,raw/bil/swc/1119751722_18464_5483-X10596-Y14245_reg.swc,1119751722_18464_5483-X10596-Y14245_reg.swc,true,92c1a3032d62b0ebdedc176267f952107dbc55000f3443c456dcb5595c624937
bil6,bil6/1119751724_18464_5491-X23814-Y13789_reg.swc,train,1085,6,5,VPM,raw/bil/swc/1119751724_18464_5491-X23814-Y13789_reg.swc,1119751724_18464_5491-X23814-Y13789_reg.swc,true,504f38335d9fb307997ef6b301f5ab91284d7ac3cc6547be5c0f784b7399799a
bil6,bil6/1119751726_18464_5499-X23204-Y12936_reg.swc,train,1086,3,5,VPM,raw/bil/swc/1119751726_18464_5499-X23204-Y12936_reg.swc,1119751726_18464_5499-X23204-Y12936_reg.swc,true,65755f49511de9d72eb7982be9a1b91d3585cc1ef52966d7319ebfb8cd8bfdaa
bil6,bil6/1119751728_18464_5503-X23067-Y11538_reg.swc,test,1087,9,5,VPM,raw/bil/swc/1119751728_18464_5503-X23067-Y11538_reg.swc,1119751728_18464_5503-X23067-Y11538_reg.swc,true,3e5acac254b0b843624bd3799acd04f04916b1a92cf4ae68cdf3b00950b9f2b0
bil6,bil6/1119751733_18464_5563-X9939-Y12553_reg.swc,train,1089,5,5,VPM,raw/bil/swc/1119751733_18464_5563-X9939-Y12553_reg.swc,1119751733_18464_5563-X9939-Y12553_reg.swc,true,c758193d8f8a6cbd1ccdc5085b8afaf0210f86399ea9b99949a3fc65a13081d2
bil6,bil6/1119751737_18464_5622-X9959-Y14081_reg.swc,test,1091,8,5,VPM,raw/bil/swc/1119751737_18464_5622-X9959-Y14081_reg.swc,1119751737_18464_5622-X9959-Y14081_reg.swc,true,5b4ca641ca94e7c4d74b60081da9e06c89423021545d6c700224a1e28b9f9c89
bil6,bil6/1119751741_18464_5652-X9221-Y12594_reg.swc,train,1093,7,5,VPM,raw/bil/swc/1119751741_18464_5652-X9221-Y12594_reg.swc,1119751741_18464_5652-X9221-Y12594_reg.swc,true,600941b3ce096ee600fa09088d94aca8912ac67a44e975ff5f8bc66241d58ba9
bil6,bil6/1119751743_18464_5655-X10593-Y13070_reg.swc,train,1094,5,5,VPM,raw/bil/swc/1119751743_18464_5655-X10593-Y13070_reg.swc,1119751743_18464_5655-X10593-Y13070_reg.swc,true,0212ac6d5089356e8ab64527eeaa473e6258c286cfc1e62d346cec35cbea6bfa
bil6,bil6/1119751745_18464_5717-X10211-Y12422_reg.swc,train,1095,1,5,VPM,raw/bil/swc/1119751745_18464_5717-X10211-Y12422_reg.swc,1119751745_18464_5717-X10211-Y12422_reg.swc,true,bfd1fa3cce6009ff68fb1b05dd3a9ad20983d9e7265f967aa377dc023c5a48ec
bil6,bil6/1119751747_18464_5730-X10430-Y13462_reg.swc,test,1096,9,5,VPM,raw/bil/swc/1119751747_18464_5730-X10430-Y13462_reg.swc,1119751747_18464_5730-X10430-Y13462_reg.swc,true,5611c54db6a35c6d4204b8a16733cb641a1eb3486aad1f6b6a25de998f6ed3d6
bil6,bil6/1119751753_18464_5867-X9201-Y11556_reg.swc,train,1099,6,5,VPM,raw/bil/swc/1119751753_18464_5867-X9201-Y11556_reg.swc,1119751753_18464_5867-X9201-Y11556_reg.swc,true,c2499592abf18f356bf5c4e8cdaeff7aae4f48b26a4c47c70ed99bec9e5272a3
bil6,bil6/1119751755_18464_5870-X9569-Y12005_reg.swc,train,1100,3,5,VPM,raw/bil/swc/1119751755_18464_5870-X9569-Y12005_reg.swc,1119751755_18464_5870-X9569-Y12005_reg.swc,true,444c835b1576a32282b2ba1bf52fb802e276f9752fc8842103ff5dd997ba017c
bil6,bil6/1119751757_18464_5930-X9066-Y12369_reg.swc,train,1101,0,5,VPM,raw/bil/swc/1119751757_18464_5930-X9066-Y12369_reg.swc,1119751757_18464_5930-X9066-Y12369_reg.swc,true,5a128476363286ff476a2cf6c4a5b119fd482c937a75ea5b2e9347734aa83b2c
bil6,bil6/1119751759_18464_5983-X9115-Y12066_reg.swc,train,1102,2,5,VPM,raw/bil/swc/1119751759_18464_5983-X9115-Y12066_reg.swc,1119751759_18464_5983-X9115-Y12066_reg.swc,true,e4fc72187a793f7e562acf57508c8c6b893dbc2576fb4e6a6ec5c3a7948bdfe9
bil6,bil6/1119752057_18864_1871-X3272-Y21319_reg.swc,test,1111,8,1,Isocortex_layer23,raw/bil/swc/1119752057_18864_1871-X3272-Y21319_reg.swc,1119752057_18864_1871-X3272-Y21319_reg.swc,true,e6dc5d11bd0156480b6d7139371b8b4365612e578f38d8292f78769275aedaa0
bil6,bil6/1119752059_18864_1917-X3417-Y12763_reg.swc,train,1112,7,1,Isocortex_layer23,raw/bil/swc/1119752059_18864_1917-X3417-Y12763_reg.swc,1119752059_18864_1917-X3417-Y12763_reg.swc,true,aef1aa55ef4322b38247430edbeeb88720fa24882496838686aa4f73ce7b67b1
bil6,bil6/1119752061_18864_2047-X3016-Y12128_reg.swc,train,1113,0,1,Isocortex_layer23,raw/bil/swc/1119752061_18864_2047-X3016-Y12128_reg.swc,1119752061_18864_2047-X3016-Y12128_reg.swc,true,9188ca71ac3a87214c0edef79809cdbee71d570001596e5a06513aea1d830296
bil6,bil6/1119752063_18864_2086-X2903-Y21496_reg.swc,train,1114,3,1,Isocortex_layer23,raw/bil/swc/1119752063_18864_2086-X2903-Y21496_reg.swc,1119752063_18864_2086-X2903-Y21496_reg.swc,true,cb0f50097b7cffe591dc30c683fc6c46e99328bf81486d0c6b3d63b95f27709d
bil6,bil6/1119752066_18864_2520-X2913-Y22642_reg.swc,train,1115,6,1,Isocortex_layer23,raw/bil/swc/1119752066_18864_2520-X2913-Y22642_reg.swc,1119752066_18864_2520-X2913-Y22642_reg.swc,true,f10e45f174ff46d173f08639e469dac990dcbd51d17846e68c3514316c4fcd93
bil6,bil6/1119752069_18864_3015-X3194-Y23588_reg.swc,train,1116,0,1,Isocortex_layer23,raw/bil/swc/1119752069_18864_3015-X3194-Y23588_reg.swc,1119752069_18864_3015-X3194-Y23588_reg.swc,true,2fc3e6866a77a859c527d1ee65316f84e835b42c58e1ba7225b55f22a3b9f76e
bil6,bil6/1119752071_18864_3248-X2473-Y15212_reg.swc,train,1118,2,1,Isocortex_layer23,raw/bil/swc/1119752071_18864_3248-X2473-Y15212_reg.swc,1119752071_18864_3248-X2473-Y15212_reg.swc,true,1fa75f5224eebaf864048eef0cd2e145dee07ee08c8761d5c659c4ab8acae731
bil6,bil6/1119752073_18864_3338-X3396-Y21865_reg.swc,train,1119,5,2,Isocortex_layer4,raw/bil/swc/1119752073_18864_3338-X3396-Y21865_reg.swc,1119752073_18864_3338-X3396-Y21865_reg.swc,true,99334da029c8b442618191c006f3d25186c886a046c86c6a36448daf070bbe47
bil6,bil6/1119752075_18864_3473-X2641-Y21082_reg.swc,train,1122,1,1,Isocortex_layer23,raw/bil/swc/1119752075_18864_3473-X2641-Y21082_reg.swc,1119752075_18864_3473-X2641-Y21082_reg.swc,true,1a376cc20365cb5213ac1e6772adae3a4072aa4de9a8c995b05f947b0f301276
bil6,bil6/1119752077_18864_3488-X3691-Y22599_reg.swc,train,1123,1,2,Isocortex_layer4,raw/bil/swc/1119752077_18864_3488-X3691-Y22599_reg.swc,1119752077_18864_3488-X3691-Y22599_reg.swc,true,82d71bcb32e8a20bcaaaff176c28007245b3a1b9ae9ccc0e26b6ce5b611ae8e1
bil6,bil6/1119752079_18864_3494-X2380-Y13749_reg.swc,test,1124,8,1,Isocortex_layer23,raw/bil/swc/1119752079_18864_3494-X2380-Y13749_reg.swc,1119752079_18864_3494-X2380-Y13749_reg.swc,true,8674aa9210339fc3acee821e10a36f9e8cf6890f1e92e7cdfc80665b00b7f252
bil6,bil6/1119752081_18864_3772-X5344-Y6871_reg.swc,test,1125,8,2,Isocortex_layer4,raw/bil/swc/1119752081_18864_3772-X5344-Y6871_reg.swc,1119752081_18864_3772-X5344-Y6871_reg.swc,true,5c0d4934bcacbe77f3e12dfb99026ddc8c14d80a88435da4532c906eec978232
bil6,bil6/1119752083_18864_4067-X3464-Y21495_reg.swc,test,1126,8,2,Isocortex_layer4,raw/bil/swc/1119752083_18864_4067-X3464-Y21495_reg.swc,1119752083_18864_4067-X3464-Y21495_reg.swc,true,d28df71fdadf42f95627410fecc61faf2f158e27b3557d5c42361a87288255a5
bil6,bil6/1119752085_18864_4120-X3320-Y13563_reg.swc,train,1127,7,1,Isocortex_layer23,raw/bil/swc/1119752085_18864_4120-X3320-Y13563_reg.swc,1119752085_18864_4120-X3320-Y13563_reg.swc,true,989a366b5a045342dfcf22f3ca792e9f357ed2368303f19edc14790c9557dd8d
bil6,bil6/1119752087_18864_4157-X3358-Y13741_reg.swc,test,1128,9,1,Isocortex_layer23,raw/bil/swc/1119752087_18864_4157-X3358-Y13741_reg.swc,1119752087_18864_4157-X3358-Y13741_reg.swc,true,3a6693f56d0e3a4c99e9d5a94c428a13052ecc80be315c4f247aea8f3e1b97a8
bil6,bil6/1119752090_18864_4267-X2794-Y21031_reg.swc,train,1129,1,1,Isocortex_layer23,raw/bil/swc/1119752090_18864_4267-X2794-Y21031_reg.swc,1119752090_18864_4267-X2794-Y21031_reg.swc,true,440572db61284ddde388860a2c82a995654fe43c6591d37afb632c0a3652d8ee
bil6,bil6/1119752092_18864_4380-X6371-Y4940_reg.swc,train,1131,5,2,Isocortex_layer4,raw/bil/swc/1119752092_18864_4380-X6371-Y4940_reg.swc,1119752092_18864_4380-X6371-Y4940_reg.swc,true,befd2e923e97fc3ff1fb278eadd1890e71970fe3b9fc7c7ea452836624986138
bil6,bil6/1119752094_18864_4420-X4377-Y8261_reg.swc,train,1132,1,2,Isocortex_layer4,raw/bil/swc/1119752094_18864_4420-X4377-Y8261_reg.swc,1119752094_18864_4420-X4377-Y8261_reg.swc,true,185c63c1d9038cad5f2014619ab9e645d8923168ebf9ee4c225b8fdbd52cf309
bil6,bil6/1119752096_18864_4429-X7945-Y3080_reg.swc,test,1133,8,1,Isocortex_layer23,raw/bil/swc/1119752096_18864_4429-X7945-Y3080_reg.swc,1119752096_18864_4429-X7945-Y3080_reg.swc,true,c5a3ef2af650e1773300e9998997daa12f9875dd7d2b08494cc865b065cba815
bil6,bil6/1119752098_18864_4554-X9386-Y2232_reg.swc,test,1134,9,1,Isocortex_layer23,raw/bil/swc/1119752098_18864_4554-X9386-Y2232_reg.swc,1119752098_18864_4554-X9386-Y2232_reg.swc,true,57b6a35051a31e616e13dbae165577e81d21a2b99828107a6af26bab2c032d7d
bil6,bil6/1119752100_18864_4693-X10912-Y2095_reg.swc,train,1136,6,2,Isocortex_layer4,raw/bil/swc/1119752100_18864_4693-X10912-Y2095_reg.swc,1119752100_18864_4693-X10912-Y2095_reg.swc,true,6fa2acebb311c17a470ffa4a93f1c6a8264395f57b24e714ef9d0ccee4ec3e19
bil6,bil6/1119752102_18864_4760-X3070-Y21249_reg.swc,train,1137,6,1,Isocortex_layer23,raw/bil/swc/1119752102_18864_4760-X3070-Y21249_reg.swc,1119752102_18864_4760-X3070-Y21249_reg.swc,true,98d59a6a80a2d652f712039cba0ca1f462b0be7eb8b3d9fb65d2000e54b170d7
bil6,bil6/1119752104_18864_4797-X9453-Y2359_reg.swc,train,1138,1,1,Isocortex_layer23,raw/bil/swc/1119752104_18864_4797-X9453-Y2359_reg.swc,1119752104_18864_4797-X9453-Y2359_reg.swc,true,fe1baff24e88961e6e8aaa7ee5ce9543e362e4e27e54166fb4c116165ba56a3e
bil6,bil6/1119752106_18864_5030-X9347-Y31359_reg.swc,train,1140,5,1,Isocortex_layer23,raw/bil/swc/1119752106_18864_5030-X9347-Y31359_reg.swc,1119752106_18864_5030-X9347-Y31359_reg.swc,true,c5c2368a45b5210da680726847c96b42e948318644dcedcfd5772aee1e616124
bil6,bil6/1119752108_18864_5099-X6368-Y29941_reg.swc,test,1142,8,1,Isocortex_layer23,raw/bil/swc/1119752108_18864_5099-X6368-Y29941_reg.swc,1119752108_18864_5099-X6368-Y29941_reg.swc,true,f8862eabbd5eb4e2b40999c860e16fce3fe97e99ceb03de95ae4324df1a2fb52
bil6,bil6/1119752110_18864_5242-X9483-Y31549_reg.swc,train,1145,4,2,Isocortex_layer4,raw/bil/swc/1119752110_18864_5242-X9483-Y31549_reg.swc,1119752110_18864_5242-X9483-Y31549_reg.swc,true,22c92682da0d7af179a1d520227073dadc9769756d4a23fd410ce545aae81e23
bil6,bil6/1119752112_18864_5305-X7877-Y31450_reg.swc,train,1146,6,1,Isocortex_layer23,raw/bil/swc/1119752112_18864_5305-X7877-Y31450_reg.swc,1119752112_18864_5305-X7877-Y31450_reg.swc,true,a5b6ba61564ccd1cab9a4fc9d280e94ec66f5b2e0700fca271da32ff80856abe
bil6,bil6/1119752114_18864_5444-X7352-Y31475_reg.swc,train,1147,0,1,Isocortex_layer23,raw/bil/swc/1119752114_18864_5444-X7352-Y31475_reg.swc,1119752114_18864_5444-X7352-Y31475_reg.swc,true,1e5f7900d953ff114d905f141c909d4488e0e2ff2308cedcd30cb63503033e2e
bil6,bil6/1119752116_18864_5637-X5637-Y31619_reg.swc,test,1148,9,1,Isocortex_layer23,raw/bil/swc/1119752116_18864_5637-X5637-Y31619_reg.swc,1119752116_18864_5637-X5637-Y31619_reg.swc,true,faa1ea6fbdc445400f404fc519a271794e8989e14d828930590223fbd223cf89
bil6,bil6/1119752118_18864_5648-X4839-Y28849_reg.swc,train,1149,2,1,Isocortex_layer23,raw/bil/swc/1119752118_18864_5648-X4839-Y28849_reg.swc,1119752118_18864_5648-X4839-Y28849_reg.swc,true,d4214d22a5addeeb661dabd9cbab48787fd532a244e68bf5f4cbc41332ea6751
bil6,bil6/1119752120_18864_5692-X8806-Y3272_reg.swc,train,1150,0,3,Isocortex_layer5,raw/bil/swc/1119752120_18864_5692-X8806-Y3272_reg.swc,1119752120_18864_5692-X8806-Y3272_reg.swc,true,3acb75eca434b8d2f28f84031999c9d320d5171fca6a0d80206d115253043656
bil6,bil6/1119752122_18864_6057-X8520-Y2391_reg.swc,train,1151,1,1,Isocortex_layer23,raw/bil/swc/1119752122_18864_6057-X8520-Y2391_reg.swc,1119752122_18864_6057-X8520-Y2391_reg.swc,true,dcaa92c95a0d5c4b89b4ba609436c9bb819f85919a83a3e7c5569dca26959106
bil6,bil6/1119752124_18864_6074-X3503-Y13192_reg.swc,train,1152,0,1,Isocortex_layer23,raw/bil/swc/1119752124_18864_6074-X3503-Y13192_reg.swc,1119752124_18864_6074-X3503-Y13192_reg.swc,true,addb6fd9cca1e580787a43606bfd7b76fce8ea60a67d9748b3cb179981acc17e
bil6,bil6/1119752126_18864_6104-X9372-Y1806_reg.swc,train,1153,3,1,Isocortex_layer23,raw/bil/swc/1119752126_18864_6104-X9372-Y1806_reg.swc,1119752126_18864_6104-X9372-Y1806_reg.swc,true,a709fbda7db55d1e593b0716c2da140057af3ae017332c0a8144b3a4567ab6c5
bil6,bil6/1119752128_18864_6139-X4843-Y27122_reg.swc,train,1155,6,2,Isocortex_layer4,raw/bil/swc/1119752128_18864_6139-X4843-Y27122_reg.swc,1119752128_18864_6139-X4843-Y27122_reg.swc,true,ad043419e60da43c5cc775b8ad04ae12824e09c0f5c9062e425949db4c19dfe0
bil6,bil6/1119752130_18864_6291-X8873-Y32149_reg.swc,train,1156,4,1,Isocortex_layer23,raw/bil/swc/1119752130_18864_6291-X8873-Y32149_reg.swc,1119752130_18864_6291-X8873-Y32149_reg.swc,true,54d316e44d2b9117e6a9dca4dc1b5b0e686b23c09dac1d0ae0c96168124bcf4f
bil6,bil6/1119752132_18864_6321-X4387-Y7047_reg.swc,train,1157,0,1,Isocortex_layer23,raw/bil/swc/1119752132_18864_6321-X4387-Y7047_reg.swc,1119752132_18864_6321-X4387-Y7047_reg.swc,true,06110ba64dc194bd32bb41051e36a81f2c8ebeb7e3824601693ec94c304659a3
bil6,bil6/1119752134_18864_6384-X3409-Y13059_reg.swc,test,1158,9,1,Isocortex_layer23,raw/bil/swc/1119752134_18864_6384-X3409-Y13059_reg.swc,1119752134_18864_6384-X3409-Y13059_reg.swc,true,642b56bafe92ebc9d6bbb2cc690242091154bde53bec78e11439d8163300fc11
bil6,bil6/1119752136_18864_6581-X10729-Y2199_reg.swc,train,1159,4,3,Isocortex_layer5,raw/bil/swc/1119752136_18864_6581-X10729-Y2199_reg.swc,1119752136_18864_6581-X10729-Y2199_reg.swc,true,c341690e913b5fab986c6562883f7616f8fcf7ac07bd228e5005bad97ce486b9
bil6,bil6/1119752138_18864_6733-X9057-Y31875_reg.swc,train,1160,5,1,Isocortex_layer23,raw/bil/swc/1119752138_18864_6733-X9057-Y31875_reg.swc,1119752138_18864_6733-X9057-Y31875_reg.swc,true,d29f25b857ae8d9ba4023143a0eb25514bd2a01cf6d8e7b330485ce5c56c66bf
bil6,bil6/1119752142_18864_6734-X4899-Y27447_reg.swc,train,1161,5,2,Isocortex_layer4,raw/bil/swc/1119752142_18864_6734-X4899-Y27447_reg.swc,1119752142_18864_6734-X4899-Y27447_reg.swc,true,a1aa882eac3eefe702d666d0b96f0c96b1385bd225d500b07bfcbd35d6a68b64
bil6,bil6/1119752144_18864_6805-X6340-Y4681_reg.swc,train,1162,5,1,Isocortex_layer23,raw/bil/swc/1119752144_18864_6805-X6340-Y4681_reg.swc,1119752144_18864_6805-X6340-Y4681_reg.swc,true,5ba7835c5c73d37a8fd4f593c5bcc1cdd58af04cd6db58040a600cb04922b60a
bil6,bil6/1119752146_18864_6821-X5144-Y6844_reg.swc,train,1163,2,2,Isocortex_layer4,raw/bil/swc/1119752146_18864_6821-X5144-Y6844_reg.swc,1119752146_18864_6821-X5144-Y6844_reg.swc,true,3f63a17a0be246c359b0260915185e6107c21433d4ac1130a72f181309e802d3
bil6,bil6/1119752148_18864_6956-X8154-Y30811_reg.swc,train,1164,4,1,Isocortex_layer23,raw/bil/swc/1119752148_18864_6956-X8154-Y30811_reg.swc,1119752148_18864_6956-X8154-Y30811_reg.swc,true,77f2215193e40ea3c0681b2e1ef6f6d24286673dfa5a25459e8c220deaa070a8
bil6,bil6/1119751785_18465_2947-X13216-Y10693_reg.swc,train,1170,7,0,CP,raw/bil/swc/1119751785_18465_2947-X13216-Y10693_reg.swc,1119751785_18465_2947-X13216-Y10693_reg.swc,true,2d78f026c0c1f12c6a9025c662d95eb0092c9b29f87f0fb57f12c551d4faf8cf
bil6,bil6/1119751787_18465_2958-X11843-Y16100_reg.swc,train,1171,5,0,CP,raw/bil/swc/1119751787_18465_2958-X11843-Y16100_reg.swc,1119751787_18465_2958-X11843-Y16100_reg.swc,true,b6260900c3a74c22cf04721837750e9a4cca23571385661a5d050fb6a36f1be5
bil6,bil6/1119751789_18465_2990-X10826-Y11121_reg.swc,train,1172,0,0,CP,raw/bil/swc/1119751789_18465_2990-X10826-Y11121_reg.swc,1119751789_18465_2990-X10826-Y11121_reg.swc,true,8581e180bfe8fa5ec1fc043d535e539e5dc9e7e8aec3bbab735885346c32e4b0
bil6,bil6/1119751793_18465_3123-X14384-Y9578_reg.swc,train,1174,3,0,CP,raw/bil/swc/1119751793_18465_3123-X14384-Y9578_reg.swc,1119751793_18465_3123-X14384-Y9578_reg.swc,true,91506e971f9ca5670562f3b21b324002af3a303e64c722928156fa643ce0b567
bil6,bil6/1119751795_18465_3136-X13799-Y9638_reg.swc,test,1175,8,0,CP,raw/bil/swc/1119751795_18465_3136-X13799-Y9638_reg.swc,1119751795_18465_3136-X13799-Y9638_reg.swc,true,cf33d074158299039618efa7ea235129e672f8258c3e049cf1d2e3ddc3c58e27
bil6,bil6/1119751801_18465_3342-X13698-Y10751_reg.swc,train,1178,6,0,CP,raw/bil/swc/1119751801_18465_3342-X13698-Y10751_reg.swc,1119751801_18465_3342-X13698-Y10751_reg.swc,true,1ef5bc3940891382a1056becc37fee4ee53163ff41266bbf9712735a5dda5dfb
bil6,bil6/1119751806_18465_3407-X8758-Y12241_reg.swc,train,1180,2,0,CP,raw/bil/swc/1119751806_18465_3407-X8758-Y12241_reg.swc,1119751806_18465_3407-X8758-Y12241_reg.swc,true,88b959dbca377a053b141d7bdd2c27af6a50e9d05aaa4e9cff46bd9a8695c9a8
bil6,bil6/1119751810_18465_3562-X11349-Y11115_reg.swc,train,1182,2,0,CP,raw/bil/swc/1119751810_18465_3562-X11349-Y11115_reg.swc,1119751810_18465_3562-X11349-Y11115_reg.swc,true,9545140cadbc95bf75a48835233c9f598e1d5a8eab87d05ac0f8575d7af716e3
bil6,bil6/1119751812_18465_3744-X7900-Y14714_reg.swc,train,1183,5,0,CP,raw/bil/swc/1119751812_18465_3744-X7900-Y14714_reg.swc,1119751812_18465_3744-X7900-Y14714_reg.swc,true,7b5fde61266b0608133c741e658c71e915bc50b9886189df3c5de6130265a9e3
bil6,bil6/1119751814_18465_3746-X11790-Y10382_reg.swc,test,1184,9,0,CP,raw/bil/swc/1119751814_18465_3746-X11790-Y10382_reg.swc,1119751814_18465_3746-X11790-Y10382_reg.swc,true,174844da4281b7006b42da5823b2eadfcf747f0af9c952cd69c99ae3a717385f
bil6,bil6/1119751816_18465_3753-X26510-Y15402_reg.swc,train,1185,0,0,CP,raw/bil/swc/1119751816_18465_3753-X26510-Y15402_reg.swc,1119751816_18465_3753-X26510-Y15402_reg.swc,true,371e283be55f3c96571f72049e40d2cf44e1e8ae199b93ca9ddbae77871355f0
bil6,bil6/1119751818_18465_3785-X12414-Y8456_reg.swc,train,1186,6,0,CP,raw/bil/swc/1119751818_18465_3785-X12414-Y8456_reg.swc,1119751818_18465_3785-X12414-Y8456_reg.swc,true,6663421a09010a6b8e8effaeb6b0bc1fd8e94c380785beb59c9f4ceabfc2ac8b
bil6,bil6/1119751820_18465_3853-X12321-Y11467_reg.swc,train,1187,1,0,CP,raw/bil/swc/1119751820_18465_3853-X12321-Y11467_reg.swc,1119751820_18465_3853-X12321-Y11467_reg.swc,true,b748d63ae71eafbbb64914ce7322ca819e051888a796ee605f378bd5a46d9f6a
bil6,bil6/1119751822_18465_3864-X8621-Y10614_reg.swc,train,1188,4,0,CP,raw/bil/swc/1119751822_18465_3864-X8621-Y10614_reg.swc,1119751822_18465_3864-X8621-Y10614_reg.swc,true,2f26e24d8ea7c20731f728cd52ce95f22aae9a14825633e788418f0fe0aa1cb4
bil6,bil6/1119751824_18465_3912-X9923-Y10012_reg.swc,train,1189,3,0,CP,raw/bil/swc/1119751824_18465_3912-X9923-Y10012_reg.swc,1119751824_18465_3912-X9923-Y10012_reg.swc,true,6df66dbfa0e9691bca440d773c18654d0aadd43140680b8e7a12a8611de8d348
bil6,bil6/1119751826_18465_3961-X25007-Y12191_reg.swc,test,1190,8,0,CP,raw/bil/swc/1119751826_18465_3961-X25007-Y12191_reg.swc,1119751826_18465_3961-X25007-Y12191_reg.swc,true,e9e7d07fe668f4c867c1c9eee3c8e7a3e9da31d344fffb020014ca4af3726936
bil6,bil6/1119751828_18465_3977-X7794-Y13867_reg.swc,train,1191,7,0,CP,raw/bil/swc/1119751828_18465_3977-X7794-Y13867_reg.swc,1119751828_18465_3977-X7794-Y13867_reg.swc,true,b3ecb313e5dbd9081ede6b0b74ec822ce7bfe65951eb46d8d8b38129b27fd3cf
bil6,bil6/1119751830_18465_4006-X11605-Y12004_reg.swc,train,1192,4,0,CP,raw/bil/swc/1119751830_18465_4006-X11605-Y12004_reg.swc,1119751830_18465_4006-X11605-Y12004_reg.swc,true,db4d19f2496e5f6627ad192bcdcf8d6c634a84c115021ca95aa32bf1dba331e5
bil6,bil6/1119751832_18465_4025-X7485-Y13129_reg.swc,train,1193,2,0,CP,raw/bil/swc/1119751832_18465_4025-X7485-Y13129_reg.swc,1119751832_18465_4025-X7485-Y13129_reg.swc,true,7b000cee05f5f58acff46190f66921a7c761a0af0702bbb0645ed3da5827bf1c
bil6,bil6/1119751834_18465_4064-X27958-Y16140_reg.swc,train,1194,0,0,CP,raw/bil/swc/1119751834_18465_4064-X27958-Y16140_reg.swc,1119751834_18465_4064-X27958-Y16140_reg.swc,true,dfdaefc72ae29bf1378b3044a7e55bc09628599775eb95654d41a66dab4fbb49
bil6,bil6/1119751838_18465_4134-X10308-Y9775_reg.swc,train,1196,5,0,CP,raw/bil/swc/1119751838_18465_4134-X10308-Y9775_reg.swc,1119751838_18465_4134-X10308-Y9775_reg.swc,true,e81e3fca6da218cb759aaf913f477c1bca2c95ac228f4d506a58d3591700c337
bil6,bil6/1119751840_18465_4138-X11465-Y9479_reg.swc,train,1197,7,0,CP,raw/bil/swc/1119751840_18465_4138-X11465-Y9479_reg.swc,1119751840_18465_4138-X11465-Y9479_reg.swc,true,e4c8675030702772fd1911cfb462b3f09b3022124774eb5ac6453ddd9771ec42
bil6,bil6/1119751842_18465_4251-X9022-Y9409_reg.swc,train,1198,6,0,CP,raw/bil/swc/1119751842_18465_4251-X9022-Y9409_reg.swc,1119751842_18465_4251-X9022-Y9409_reg.swc,true,0d3655b403abc8f62f90f9b0c3ffb0f22dee2c5b47da096b9df377b863787caa
bil6,bil6/1119751846_18465_4306-X9585-Y11469_reg.swc,train,1200,1,0,CP,raw/bil/swc/1119751846_18465_4306-X9585-Y11469_reg.swc,1119751846_18465_4306-X9585-Y11469_reg.swc,true,88764dad466780466bf199ba8817b0a527896a75d01da854774547c57f5b7ca2
bil6,bil6/1119751848_18465_4332-X11122-Y8645_reg.swc,train,1201,3,0,CP,raw/bil/swc/1119751848_18465_4332-X11122-Y8645_reg.swc,1119751848_18465_4332-X11122-Y8645_reg.swc,true,f3e7aad4e2aa205dad1eb2fe56ce5340529f688feaa8c8d172f5f67f1d03135a
bil6,bil6/1119751851_18465_4352-X6500-Y14855_reg.swc,test,1202,8,0,CP,raw/bil/swc/1119751851_18465_4352-X6500-Y14855_reg.swc,1119751851_18465_4352-X6500-Y14855_reg.swc,true,8cbe9aa8a603d3b16439c0f84db21aa77e8acb1b00514dcd96c1ea749426bd33
bil6,bil6/1119751853_18465_4475-X7589-Y12842_reg.swc,test,1203,9,0,CP,raw/bil/swc/1119751853_18465_4475-X7589-Y12842_reg.swc,1119751853_18465_4475-X7589-Y12842_reg.swc,true,c91192125f602de335bfbe830482b46d719057ac0c827fb165f32aad8431b0df
bil6,bil6/1119751855_18465_4644-X30647-Y14574_reg.swc,train,1204,0,0,CP,raw/bil/swc/1119751855_18465_4644-X30647-Y14574_reg.swc,1119751855_18465_4644-X30647-Y14574_reg.swc,true,6a24ae86d119de0c44aa7ad1a9dbfe97f4fced4800464cd7bd82ce570c84c606
bil6,bil6/1119751858_18465_4738-X7182-Y12251_reg.swc,test,1205,9,0,CP,raw/bil/swc/1119751858_18465_4738-X7182-Y12251_reg.swc,1119751858_18465_4738-X7182-Y12251_reg.swc,true,1d5791564afa005a6674596e949554e66801b2b6a13071e902dda4d869616efa
bil6,bil6/1119751860_18465_4759-X6422-Y14561_reg.swc,train,1206,5,0,CP,raw/bil/swc/1119751860_18465_4759-X6422-Y14561_reg.swc,1119751860_18465_4759-X6422-Y14561_reg.swc,true,816351185344abb462c1830de00d1546ce64883922a4c4e4ac3bfdf63acc502c
bil6,bil6/1119751862_18465_4818-X9008-Y11427_reg.swc,train,1207,6,0,CP,raw/bil/swc/1119751862_18465_4818-X9008-Y11427_reg.swc,1119751862_18465_4818-X9008-Y11427_reg.swc,true,48162e2961675c4e04f25c87bc7bebc8e78cec35046c7558814b42c83d5c6bd8
bil6,bil6/1119751864_18465_4822-X8699-Y9995_reg.swc,train,1208,7,0,CP,raw/bil/swc/1119751864_18465_4822-X8699-Y9995_reg.swc,1119751864_18465_4822-X8699-Y9995_reg.swc,true,f5ef5fcf734cb57d50289afbc54a2cae1cc475a438fd576892e333419c238b60
bil6,bil6/1119751870_18465_4875-X8909-Y10214_reg.swc,train,1210,3,0,CP,raw/bil/swc/1119751870_18465_4875-X8909-Y10214_reg.swc,1119751870_18465_4875-X8909-Y10214_reg.swc,true,29442835f4eccdb22a131bfbf710aa03c3c6873d3b1f1c679720e908311b3ce3
bil6,bil6/1119751868_18465_4875-X7054-Y11860_reg.swc,train,1211,4,0,CP,raw/bil/swc/1119751868_18465_4875-X7054-Y11860_reg.swc,1119751868_18465_4875-X7054-Y11860_reg.swc,true,297f6e82e8cdb955bea361f7637da5cdf3b010e6f932431950ecd4c8ab5890aa
bil6,bil6/1119751872_18465_4927-X7645-Y11238_reg.swc,train,1212,2,0,CP,raw/bil/swc/1119751872_18465_4927-X7645-Y11238_reg.swc,1119751872_18465_4927-X7645-Y11238_reg.swc,true,0182948d5c3e097a5e00f0d0eae87bf33e71010588565ba4291caf932dc8e676
bil6,bil6/1119751879_18465_4995-X22382-Y15690_reg.swc,train,1215,4,5,VPM,raw/bil/swc/1119751879_18465_4995-X22382-Y15690_reg.swc,1119751879_18465_4995-X22382-Y15690_reg.swc,true,bcdf31ddcacfbc38455b04ab89e46eb681d63f66f3c08ccec2a6d91d657777dd
bil6,bil6/1119751881_18465_5003-X12882-Y14289_reg.swc,train,1216,1,5,VPM,raw/bil/swc/1119751881_18465_5003-X12882-Y14289_reg.swc,1119751881_18465_5003-X12882-Y14289_reg.swc,true,c8a0fd015a0c1871c3d9c2fb961f133a722e84103271ce13347dd7a535f8ce9a
bil6,bil6/1119751883_18465_5019-X7656-Y9722_reg.swc,test,1217,8,0,CP,raw/bil/swc/1119751883_18465_5019-X7656-Y9722_reg.swc,1119751883_18465_5019-X7656-Y9722_reg.swc,true,c4c6f76aa90b7d20b2b41f1d05ef36d71a0c2f871de2f7534aba4137be7f1c80
bil6,bil6/1119751891_18465_5121-X8103-Y10000_reg.swc,train,1221,1,0,CP,raw/bil/swc/1119751891_18465_5121-X8103-Y10000_reg.swc,1119751891_18465_5121-X8103-Y10000_reg.swc,true,632f41e086e7b0a9bd8cde515d3d4186b98d956036992f28352988f098f310a4
bil6,bil6/1119751893_18465_5146-X7379-Y10539_reg.swc,train,1222,7,0,CP,raw/bil/swc/1119751893_18465_5146-X7379-Y10539_reg.swc,1119751893_18465_5146-X7379-Y10539_reg.swc,true,ab8b72a2ca52e03d23828d6ad03f9c8dd647fa79d2bcb748db5ed51f0289058d
bil6,bil6/1119751897_18465_5163-X11932-Y13060_reg.swc,test,1224,9,5,VPM,raw/bil/swc/1119751897_18465_5163-X11932-Y13060_reg.swc,1119751897_18465_5163-X11932-Y13060_reg.swc,true,e49d8bb10a41e4df8221f8a79e10f972ac6020c6fe157b528d32c840a3020c5f
bil6,bil6/1119751899_18465_5170-X24142-Y13777_reg.swc,train,1225,5,5,VPM,raw/bil/swc/1119751899_18465_5170-X24142-Y13777_reg.swc,1119751899_18465_5170-X24142-Y13777_reg.swc,true,556c20ea6069f4069b4aae5bf2eddfd3c5cf7dce7e662b8e28cb3803109c5642
bil6,bil6/1119751901_18465_5172-X23433-Y15416_reg.swc,train,1226,3,5,VPM,raw/bil/swc/1119751901_18465_5172-X23433-Y15416_reg.swc,1119751901_18465_5172-X23433-Y15416_reg.swc,true,b3c91aaf28905a4e84ef12a2084fe005424b4598423901652ea7ceff78390194
bil6,bil6/1119751905_18465_5191-X12454-Y12928_reg.swc,test,1228,8,5,VPM,raw/bil/swc/1119751905_18465_5191-X12454-Y12928_reg.swc,1119751905_18465_5191-X12454-Y12928_reg.swc,true,7353a5931782350f5acbd8216d92598631c082ddf0406bb627b2387e8f2711fb
bil6,bil6/1119751911_18465_5218-X25281-Y12809_reg.swc,train,1231,6,5,VPM,raw/bil/swc/1119751911_18465_5218-X25281-Y12809_reg.swc,1119751911_18465_5218-X25281-Y12809_reg.swc,true,62be0e19ac06ef886c0efdff9dc7a70806358f018f125a8ee364b12aa6c8c2eb
bil6,bil6/1119751913_18465_5221-X25146-Y14426_reg.swc,train,1232,2,5,VPM,raw/bil/swc/1119751913_18465_5221-X25146-Y14426_reg.swc,1119751913_18465_5221-X25146-Y14426_reg.swc,true,50f93473db5ed8c0d753d75c3ce1fef92468ec22be70e4a6ca854252a2942b9c
bil6,bil6/1119751917_18465_5234-X24679-Y13172_reg.swc,train,1234,4,5,VPM,raw/bil/swc/1119751917_18465_5234-X24679-Y13172_reg.swc,1119751917_18465_5234-X24679-Y13172_reg.swc,true,fbefca0a2b0b0a705f88cb753485a5dd9ffaeba0d266dbf09837b1f70d960c97
bil6,bil6/1119751924_18465_5257-X24095-Y13688_reg.swc,train,1237,7,5,VPM,raw/bil/swc/1119751924_18465_5257-X24095-Y13688_reg.swc,1119751924_18465_5257-X24095-Y13688_reg.swc,true,8d3557a22fd68b3c78514784134066b579e8edef973a1415309e6c4e7a81621a
bil6,bil6/1119751929_18465_5268-X11697-Y12728_reg.swc,train,1239,0,5,VPM,raw/bil/swc/1119751929_18465_5268-X11697-Y12728_reg.swc,1119751929_18465_5268-X11697-Y12728_reg.swc,true,fa16acd2226c9e2fa980945d71cbb721853ee7e5ba4b754f66b40027430e4412
bil6,bil6/1119751931_18465_5290-X12786-Y14054_reg.swc,test,1240,9,5,VPM,raw/bil/swc/1119751931_18465_5290-X12786-Y14054_reg.swc,1119751931_18465_5290-X12786-Y14054_reg.swc,true,8c219b38a7c754fb47f36c9bd530b8a6903046f69689e1cf201f4262a20a0873
bil6,bil6/1119751933_18465_5293-X30583-Y13343_reg.swc,test,1241,8,0,CP,raw/bil/swc/1119751933_18465_5293-X30583-Y13343_reg.swc,1119751933_18465_5293-X30583-Y13343_reg.swc,true,38c8851d1e1f30d46e0934de331e16e81ac4e597a9d5161a8b2c145f96948148
bil6,bil6/1119751935_18465_5308-X5976-Y13390_reg.swc,train,1242,6,0,CP,raw/bil/swc/1119751935_18465_5308-X5976-Y13390_reg.swc,1119751935_18465_5308-X5976-Y13390_reg.swc,true,9a7265bbcd83f0bea4262ed1505973e7fee5362018223c490021985d07cb1bc4
bil6,bil6/1119751937_18465_5363-X25249-Y12574_reg.swc,train,1243,2,5,VPM,raw/bil/swc/1119751937_18465_5363-X25249-Y12574_reg.swc,1119751937_18465_5363-X25249-Y12574_reg.swc,true,78ca02cb9ebd001a9db862838715fb0e11e20652e0e288783387f39f748e8fe1
bil6,bil6/1119751943_18465_5379-X24611-Y12908_reg.swc,train,1246,5,5,VPM,raw/bil/swc/1119751943_18465_5379-X24611-Y12908_reg.swc,1119751943_18465_5379-X24611-Y12908_reg.swc,true,1cbc29d4018352556e61bef744fb27f9a3cfb1fb947a46fd6c606110783ab943
bil6,bil6/1119751948_18465_5386-X10132-Y13167_reg.swc,train,1248,0,5,VPM,raw/bil/swc/1119751948_18465_5386-X10132-Y13167_reg.swc,1119751948_18465_5386-X10132-Y13167_reg.swc,true,2ae008ab9b2f5b695c14480cb14f7b037f760159fb364bbbe9c57d63504ce0d6
bil6,bil6/1119751950_18465_5398-X10529-Y12773_reg.swc,train,1249,7,5,VPM,raw/bil/swc/1119751950_18465_5398-X10529-Y12773_reg.swc,1119751950_18465_5398-X10529-Y12773_reg.swc,true,fd1f5c3248dfea5213260cb9f3c0cf2fc10783cf7cd8c0757fdf1acf6969a119
bil6,bil6/1119751954_18465_5418-X12668-Y12776_reg.swc,train,1251,3,5,VPM,raw/bil/swc/1119751954_18465_5418-X12668-Y12776_reg.swc,1119751954_18465_5418-X12668-Y12776_reg.swc,true,f447eec5176ac1d39ca3f6fc8146437de6a0cd9316a7f4d677ffe374797072f9
bil6,bil6/1119751958_18465_5429-X11178-Y12640_reg.swc,train,1253,1,5,VPM,raw/bil/swc/1119751958_18465_5429-X11178-Y12640_reg.swc,1119751958_18465_5429-X11178-Y12640_reg.swc,true,dcde6f44ad16aa43794c5f810fc88745e7fdb2d3a853c4b0a55db15e42a14b66
bil6,bil6/1119751962_18465_5459-X12039-Y12412_reg.swc,train,1255,4,5,VPM,raw/bil/swc/1119751962_18465_5459-X12039-Y12412_reg.swc,1119751962_18465_5459-X12039-Y12412_reg.swc,true,062ae82c8bb83bc4a2f75afdd08295b4d7d7ea8a7b72818f39941680d69ce16a
bil6,bil6/1119751966_18465_5493-X10154-Y12860_reg.swc,train,1257,6,5,VPM,raw/bil/swc/1119751966_18465_5493-X10154-Y12860_reg.swc,1119751966_18465_5493-X10154-Y12860_reg.swc,true,ec7c4300b742387a44577f06a2668f0e3cb4fe2d8dcba3c2e56f23534d340318
bil6,bil6/1119751970_18465_5504-X11174-Y12578_reg.swc,test,1259,8,5,VPM,raw/bil/swc/1119751970_18465_5504-X11174-Y12578_reg.swc,1119751970_18465_5504-X11174-Y12578_reg.swc,true,9e4637b3f21d5fac3500889acef2fce9fc154ca87f484214ea52de83a9f2c157
bil6,bil6/1119751972_18465_5519-X26181-Y12500_reg.swc,train,1260,0,5,VPM,raw/bil/swc/1119751972_18465_5519-X26181-Y12500_reg.swc,1119751972_18465_5519-X26181-Y12500_reg.swc,true,0d7984c313686cdfec041deb3c83d11249460758d506b281931211bd41ed3a3a
bil6,bil6/1119751976_18465_5530-X10853-Y13207_reg.swc,train,1262,7,5,VPM,raw/bil/swc/1119751976_18465_5530-X10853-Y13207_reg.swc,1119751976_18465_5530-X10853-Y13207_reg.swc,true,7417d2149309af22b849e0db2ff91d4cd9d223fc08ede67b8c31838be65d39b8
bil6,bil6/1119751978_18465_5540-X26513-Y12131_reg.swc,test,1263,8,5,VPM,raw/bil/swc/1119751978_18465_5540-X26513-Y12131_reg.swc,1119751978_18465_5540-X26513-Y12131_reg.swc,true,b761d61340bcd58d666c5ff8e39eb0841a12e26c71dbe2d4f60eb835afcf9260
bil6,bil6/1119751980_18465_5541-X10410-Y12949_reg.swc,train,1264,4,5,VPM,raw/bil/swc/1119751980_18465_5541-X10410-Y12949_reg.swc,1119751980_18465_5541-X10410-Y12949_reg.swc,true,459867bfcba52d5fb611b24638ec44e42ae8a86eec21103fa37783cfd04c5053
bil6,bil6/1119751984_18465_5580-X25425-Y13237_reg.swc,train,1266,5,5,VPM,raw/bil/swc/1119751984_18465_5580-X25425-Y13237_reg.swc,1119751984_18465_5580-X25425-Y13237_reg.swc,true,4c21afc4292b4d122550dc64a4cec71b85bfe739cae8c56fcc47d42b58cac00b
bil6,bil6/1119751996_18465_5618-X11189-Y12656_reg.swc,train,1271,2,5,VPM,raw/bil/swc/1119751996_18465_5618-X11189-Y12656_reg.swc,1119751996_18465_5618-X11189-Y12656_reg.swc,true,9d79a68c76bde53c9595679d64228c445474e5d5b7a9f6d9297cca933ca0906a
bil6,bil6/1119752004_18465_5699-X10553-Y13300_reg.swc,train,1275,1,5,VPM,raw/bil/swc/1119752004_18465_5699-X10553-Y13300_reg.swc,1119752004_18465_5699-X10553-Y13300_reg.swc,true,7270e497f6661f287800d3d3b141739fd90d63b7f7eecb93f0c253501e1ddceb
bil6,bil6/1119752008_18465_5712-X10951-Y12970_reg.swc,test,1277,9,5,VPM,raw/bil/swc/1119752008_18465_5712-X10951-Y12970_reg.swc,1119752008_18465_5712-X10951-Y12970_reg.swc,true,80b74b2a88293621a4ca9e8b75541b555d3a08732c0f3ec4e9c942bd267db016
bil6,bil6/1119752012_18465_5759-X25539-Y13006_reg.swc,train,1279,6,5,VPM,raw/bil/swc/1119752012_18465_5759-X25539-Y13006_reg.swc,1119752012_18465_5759-X25539-Y13006_reg.swc,true,ba634c7419d2e445f61fabf3803aa647199caa9ff8e039066927c3236e4b37f8
bil6,bil6/1119752014_18465_5773-X10505-Y13629_reg.swc,train,1280,3,5,VPM,raw/bil/swc/1119752014_18465_5773-X10505-Y13629_reg.swc,1119752014_18465_5773-X10505-Y13629_reg.swc,true,4bd7f79bbd23be67b97d58d2e2dbe722263c18964cfde89dd43a4cb478458583
bil6,bil6/1119752018_18465_5811-X26242-Y12398_reg.swc,train,1282,0,5,VPM,raw/bil/swc/1119752018_18465_5811-X26242-Y12398_reg.swc,1119752018_18465_5811-X26242-Y12398_reg.swc,true,d0de10ecf5d6c94d23904f6e047859617576f2f54a68345fd0553ae0741c25d3
bil6,bil6/1119751545_18463_3291-X13200-Y8084_reg.swc,train,1298,0,0,CP,raw/bil/swc/1119751545_18463_3291-X13200-Y8084_reg.swc,1119751545_18463_3291-X13200-Y8084_reg.swc,true,b1350d1de3b3503bf7322f8371ede53792d8bcc8829d874db3c7cbbf2cd7d355
bil6,bil6/1119751547_18463_3483-X10263-Y10098_reg.swc,test,1299,9,0,CP,raw/bil/swc/1119751547_18463_3483-X10263-Y10098_reg.swc,1119751547_18463_3483-X10263-Y10098_reg.swc,true,1b79087230bbddb4b44a8f6f8b6df78c2c7e0e0e831d75095616df4e82453af5
bil6,bil6/1119751549_18463_3748-X9794-Y9638_reg.swc,train,1300,4,0,CP,raw/bil/swc/1119751549_18463_3748-X9794-Y9638_reg.swc,1119751549_18463_3748-X9794-Y9638_reg.swc,true,cc4987139910042d655bfa493cd0e1d45b247144dc38bcc3f16e08754186f9bf
bil6,bil6/1119751551_18463_3802-X11824-Y7953_reg.swc,train,1301,2,0,CP,raw/bil/swc/1119751551_18463_3802-X11824-Y7953_reg.swc,1119751551_18463_3802-X11824-Y7953_reg.swc,true,713c022ca6ef36182098320b7d243648bc3d3e3fdeb655fbe1a69dcea9a97443
bil6,bil6/1119751554_18463_3924-X9814-Y8998_reg.swc,train,1302,1,0,CP,raw/bil/swc/1119751554_18463_3924-X9814-Y8998_reg.swc,1119751554_18463_3924-X9814-Y8998_reg.swc,true,f82f30a575fbfd096be0faedad1022bac5c555b3f4711ea51056fd127da807e1
bil6,bil6/1119751556_18463_3956-X10040-Y9340_reg.swc,train,1303,5,0,CP,raw/bil/swc/1119751556_18463_3956-X10040-Y9340_reg.swc,1119751556_18463_3956-X10040-Y9340_reg.swc,true,d9831a282e311592fd331811d3ce99a7705516643146186fde4f91f35d017d79
bil6,bil6/1119751558_18463_4053-X13269-Y7021_reg.swc,train,1304,3,0,CP,raw/bil/swc/1119751558_18463_4053-X13269-Y7021_reg.swc,1119751558_18463_4053-X13269-Y7021_reg.swc,true,50339fc692fec3be13e74543a24eb3cfa9a848473ee79999beef5502c924705e
bil6,bil6/1119751560_18463_4335-X11683-Y7276_reg.swc,train,1305,6,0,CP,raw/bil/swc/1119751560_18463_4335-X11683-Y7276_reg.swc,1119751560_18463_4335-X11683-Y7276_reg.swc,true,54500672c40e36f51f1169d2563cffd165f8305a0f43954daf83c80ad72a05b9
bil6,bil6/1119751562_18463_4618-X24880-Y11588_reg.swc,test,1306,8,0,CP,raw/bil/swc/1119751562_18463_4618-X24880-Y11588_reg.swc,1119751562_18463_4618-X24880-Y11588_reg.swc,true,79c05f294054c05fee7df03c91501720edc4e65a2966aeac94e25925a68d6168
bil6,bil6/1119751564_18463_4656-X11624-Y6518_reg.swc,train,1307,3,0,CP,raw/bil/swc/1119751564_18463_4656-X11624-Y6518_reg.swc,1119751564_18463_4656-X11624-Y6518_reg.swc,true,f4a057d36cac37d34b2b70941d8624d2c71e465bcfd5e63047bce3b87607f1af
bil6,bil6/1119751575_18463_5487-X11977-Y9298_reg.swc,train,1312,6,5,VPM,raw/bil/swc/1119751575_18463_5487-X11977-Y9298_reg.swc,1119751575_18463_5487-X11977-Y9298_reg.swc,true,5d6bb1daea337076bd23ae7f9ecf228f9f029a59412d38cecd94d63b9497ecdb
bil6,bil6/1119751577_18463_5506-X12440-Y10367_reg.swc,test,1313,8,5,VPM,raw/bil/swc/1119751577_18463_5506-X12440-Y10367_reg.swc,1119751577_18463_5506-X12440-Y10367_reg.swc,true,9c607b3907ae4a02f5901cdb0dded477f77e027668387cdae29b93d4f054f27a
bil6,bil6/1119751581_18463_5519-X20055-Y10768_reg.swc,test,1315,9,5,VPM,raw/bil/swc/1119751581_18463_5519-X20055-Y10768_reg.swc,1119751581_18463_5519-X20055-Y10768_reg.swc,true,ff444f83ef276bb29fc89b6c02bc5ebf9fef74603134db640c989f504cac825d
bil6,bil6/1119751585_18463_5544-X21451-Y9901_reg.swc,train,1317,1,5,VPM,raw/bil/swc/1119751585_18463_5544-X21451-Y9901_reg.swc,1119751585_18463_5544-X21451-Y9901_reg.swc,true,74d81ef3f0d734573396fce6baf9c840489a7e83364671c06a37c48f4e91c758
bil6,bil6/1119751587_18463_5546-X24958-Y11130_reg.swc,test,1318,9,0,CP,raw/bil/swc/1119751587_18463_5546-X24958-Y11130_reg.swc,1119751587_18463_5546-X24958-Y11130_reg.swc,true,6eeb2bb3e15823ffe287fe9e26d80f319c9e8bbbafbfcf23d0d04e7909f9ae38
bil6,bil6/1119751589_18463_5604-X20943-Y9860_reg.swc,train,1319,5,5,VPM,raw/bil/swc/1119751589_18463_5604-X20943-Y9860_reg.swc,1119751589_18463_5604-X20943-Y9860_reg.swc,true,0cb1a2f9b4fcc05fe9a82c136b6640383d16e61e275b032d3481aeaa8c450072
bil6,bil6/1119751591_18463_5707-X20585-Y9083_reg.swc,train,1320,3,5,VPM,raw/bil/swc/1119751591_18463_5707-X20585-Y9083_reg.swc,1119751591_18463_5707-X20585-Y9083_reg.swc,true,43185e4d99277a8054dbdd6e423764c30eb2b4d7861028711b4833c2e878237a
bil6,bil6/1119751593_18463_5709-X12326-Y9645_reg.swc,train,1321,7,5,VPM,raw/bil/swc/1119751593_18463_5709-X12326-Y9645_reg.swc,1119751593_18463_5709-X12326-Y9645_reg.swc,true,a6a86bee6ddd8909e3e3a860a0c1c2495d7af6b92c12bffd55663f20ba23f5cb
bil6,bil6/1119751597_18463_5729-X12218-Y8924_reg.swc,train,1323,2,5,VPM,raw/bil/swc/1119751597_18463_5729-X12218-Y8924_reg.swc,1119751597_18463_5729-X12218-Y8924_reg.swc,true,424fa2db0af360ffd96b6f77f01e527e646629e5157593d1c1a0cff6a849baf0
bil6,bil6/1119751599_18463_5757-X11522-Y9030_reg.swc,train,1324,4,5,VPM,raw/bil/swc/1119751599_18463_5757-X11522-Y9030_reg.swc,1119751599_18463_5757-X11522-Y9030_reg.swc,true,af5e84d6c352100f67453131a37f645328bb6d7f887f1eafe86c8b7e7ae0c1c2
bil6,bil6/1119751601_18463_5784-X12485-Y9938_reg.swc,test,1325,8,5,VPM,raw/bil/swc/1119751601_18463_5784-X12485-Y9938_reg.swc,1119751601_18463_5784-X12485-Y9938_reg.swc,true,8c15cfa049c5bff3e5d5313a92eccd9ac768661c2ef97bc438c8be7e3272ea70
bil6,bil6/1119751607_18463_5800-X21008-Y10045_reg.swc,train,1328,1,5,VPM,raw/bil/swc/1119751607_18463_5800-X21008-Y10045_reg.swc,1119751607_18463_5800-X21008-Y10045_reg.swc,true,b26858280828f1552f86a245e328b08affed0cda0276f8d690ff54d73397562b
bil6,bil6/1119751609_18463_5848-X20224-Y10448_reg.swc,train,1329,4,5,VPM,raw/bil/swc/1119751609_18463_5848-X20224-Y10448_reg.swc,1119751609_18463_5848-X20224-Y10448_reg.swc,true,f2b49719cd9e96fb9d75e328b72f41f6bd27cf6f6e0573257663cc8840603731
bil6,bil6/1119751612_18463_5874-X20195-Y10354_reg.swc,train,1330,5,5,VPM,raw/bil/swc/1119751612_18463_5874-X20195-Y10354_reg.swc,1119751612_18463_5874-X20195-Y10354_reg.swc,true,03c32a24ed0479944542645fb270094cde731ce5533b36c5fc4057d669a385d5
bil6,bil6/1119751614_18463_5932-X25452-Y10372_reg.swc,train,1331,7,0,CP,raw/bil/swc/1119751614_18463_5932-X25452-Y10372_reg.swc,1119751614_18463_5932-X25452-Y10372_reg.swc,true,8c1d5b675942ee03a7a7ae9da499b6207df7ab0de9706605ffd9c2fe0dc3ffa1
bil6,bil6/1119751616_18463_5961-X22024-Y9147_reg.swc,train,1332,2,5,VPM,raw/bil/swc/1119751616_18463_5961-X22024-Y9147_reg.swc,1119751616_18463_5961-X22024-Y9147_reg.swc,true,9ff96aa1233435c2b711698dbf052e0199399c6f6edb4976eed04151929bd8c7
bil6,bil6/1119751619_18463_5962-X11429-Y9197_reg.swc,train,1333,3,5,VPM,raw/bil/swc/1119751619_18463_5962-X11429-Y9197_reg.swc,1119751619_18463_5962-X11429-Y9197_reg.swc,true,48df2f6282c2cb7efa657173be12599d8ffbf4a64971c5f1cf56694a215d32e5
bil6,bil6/1119751623_18463_6032-X12059-Y9273_reg.swc,train,1335,7,5,VPM,raw/bil/swc/1119751623_18463_6032-X12059-Y9273_reg.swc,1119751623_18463_6032-X12059-Y9273_reg.swc,true,42ce7232795896caca7d23799420166dc45ee5ef0260b844b172e67c01240881
bil6,bil6/1119751627_18463_6086-X11014-Y8527_reg.swc,train,1337,6,5,VPM,raw/bil/swc/1119751627_18463_6086-X11014-Y8527_reg.swc,1119751627_18463_6086-X11014-Y8527_reg.swc,true,3aacc349f3741b778bce105d24c15aef51cb3cb911b56c942d20eda31ead35fd
bil6,bil6/1119752150_18867_2903-X13633-Y8787_reg.swc,train,1347,1,3,Isocortex_layer5,raw/bil/swc/1119752150_18867_2903-X13633-Y8787_reg.swc,1119752150_18867_2903-X13633-Y8787_reg.swc,true,2a3fc05b908bd715538502e0277f7a278d367b7aa7a24863e869c9c6040947d3
bil6,bil6/1119752152_18867_3383-X10177-Y11497_reg.swc,train,1348,3,3,Isocortex_layer5,raw/bil/swc/1119752152_18867_3383-X10177-Y11497_reg.swc,1119752152_18867_3383-X10177-Y11497_reg.swc,true,b2535b6c44abbbc9a6298d9217fb23ea78159b4da51b33c1a44c8bdc024c53cd
bil6,bil6/1119752154_18867_3469-X10058-Y10954_reg.swc,train,1349,7,3,Isocortex_layer5,raw/bil/swc/1119752154_18867_3469-X10058-Y10954_reg.swc,1119752154_18867_3469-X10058-Y10954_reg.swc,true,b0823f25f91d7fea83b315f0b40b19ca1c2503699f20257e4f3d56bc29e85580
bil6,bil6/1119752156_18867_3525-X9958-Y10743_reg.swc,train,1350,7,3,Isocortex_layer5,raw/bil/swc/1119752156_18867_3525-X9958-Y10743_reg.swc,1119752156_18867_3525-X9958-Y10743_reg.swc,true,859eb093a96588404391ab8264e9e7b81237d261c70842a5c73757585c4e3be4
bil6,bil6/1119752158_18867_3758-X14594-Y6944_reg.swc,train,1351,3,3,Isocortex_layer5,raw/bil/swc/1119752158_18867_3758-X14594-Y6944_reg.swc,1119752158_18867_3758-X14594-Y6944_reg.swc,true,4dd6e16249f948452d9cf9a8f791bf720ca4af3545364dddf58f94884f242bda
bil6,bil6/1119752160_18867_3801-X9223-Y10977_reg.swc,train,1352,0,3,Isocortex_layer5,raw/bil/swc/1119752160_18867_3801-X9223-Y10977_reg.swc,1119752160_18867_3801-X9223-Y10977_reg.swc,true,6099fabf1ff70effa841aa0baf4dafd97520d80d9defed8aca0e0d1752a19a34
bil6,bil6/1119752162_18867_3807-X9130-Y11820_reg.swc,test,1353,8,3,Isocortex_layer5,raw/bil/swc/1119752162_18867_3807-X9130-Y11820_reg.swc,1119752162_18867_3807-X9130-Y11820_reg.swc,true,a4980fe493eded89ded4f0bbda934811f8c02bfa67100861f2c46542e749fef5
bil6,bil6/1119752165_18867_3832-X10338-Y8748_reg.swc,train,1354,5,3,Isocortex_layer5,raw/bil/swc/1119752165_18867_3832-X10338-Y8748_reg.swc,1119752165_18867_3832-X10338-Y8748_reg.swc,true,c5fcabf92f5355be659e3f3b1943f4d6072c93c1b5cbba0855439c1ec0ce8610
bil6,bil6/1119752167_18867_3855-X11412-Y8044_reg.swc,train,1355,1,3,Isocortex_layer5,raw/bil/swc/1119752167_18867_3855-X11412-Y8044_reg.swc,1119752167_18867_3855-X11412-Y8044_reg.swc,true,78eb821214fbe340f804b93c8ca9ffbeeff96e3d0abccd62c378e746a228dac9
bil6,bil6/1119752169_18867_3926-X8710-Y12751_reg.swc,train,1356,5,3,Isocortex_layer5,raw/bil/swc/1119752169_18867_3926-X8710-Y12751_reg.swc,1119752169_18867_3926-X8710-Y12751_reg.swc,true,274b77f9ee0f5e7ac607eec76c15f2adc71a27e08985ac87c862bfdeeacfcf33
bil6,bil6/1119752173_18867_3973-X31634-Y12362_reg.swc,test,1357,9,3,Isocortex_layer5,raw/bil/swc/1119752173_18867_3973-X31634-Y12362_reg.swc,1119752173_18867_3973-X31634-Y12362_reg.swc,true,5291addaad9566f36354e1bebf3f9c9e555599bb822237c51353bbaea775e5ca
bil6,bil6/1119752178_18867_3994-X27846-Y7437_reg.swc,train,1358,5,3,Isocortex_layer5,raw/bil/swc/1119752178_18867_3994-X27846-Y7437_reg.swc,1119752178_18867_3994-X27846-Y7437_reg.swc,true,33c5bfe9799a85b812a3062e7ddeae69447966fa18c737e16d9f9065403b01de
bil6,bil6/1119752182_18867_4052-X9852-Y8712_reg.swc,train,1359,3,3,Isocortex_layer5,raw/bil/swc/1119752182_18867_4052-X9852-Y8712_reg.swc,1119752182_18867_4052-X9852-Y8712_reg.swc,true,b5b7af78dbbdfe9dab4b479c05a6170354f021d663d61c01d95cea5bf99fdf7a
bil6,bil6/1119752186_18867_4156-X9348-Y9148_reg.swc,test,1360,9,3,Isocortex_layer5,raw/bil/swc/1119752186_18867_4156-X9348-Y9148_reg.swc,1119752186_18867_4156-X9348-Y9148_reg.swc,true,e70a4529ed3e882cd6c75006254808f7dafb4639e0323f0db2878f6b1de85fdc
bil6,bil6/1119752190_18867_4202-X26848-Y7080_reg.swc,test,1361,9,3,Isocortex_layer5,raw/bil/swc/1119752190_18867_4202-X26848-Y7080_reg.swc,1119752190_18867_4202-X26848-Y7080_reg.swc,true,cf864037b7b424a101b9e2fb6dc60dd85208b2cb499e7d0885b65a62cc874810
bil6,bil6/1119752195_18867_4216-X9933-Y8365_reg.swc,train,1362,2,3,Isocortex_layer5,raw/bil/swc/1119752195_18867_4216-X9933-Y8365_reg.swc,1119752195_18867_4216-X9933-Y8365_reg.swc,true,4525ec9c955273914ae554f945e12484cb173698b8f32984de7b14bc704b76ce
bil6,bil6/1119752199_18867_4218-X8269-Y11914_reg.swc,train,1363,1,3,Isocortex_layer5,raw/bil/swc/1119752199_18867_4218-X8269-Y11914_reg.swc,1119752199_18867_4218-X8269-Y11914_reg.swc,true,b71c9dcdf227009c7a9ea7bef41d94723cd2385bfcfe92028cc805bba491dd09
bil6,bil6/1119752203_18867_4259-X9977-Y8313_reg.swc,train,1364,7,3,Isocortex_layer5,raw/bil/swc/1119752203_18867_4259-X9977-Y8313_reg.swc,1119752203_18867_4259-X9977-Y8313_reg.swc,true,be2cae3a6c3a1c381370e0745b451151b0507e3970fd164929017093555c9fc3
bil6,bil6/1119752207_18867_4296-X31171-Y9797_reg.swc,train,1365,6,3,Isocortex_layer5,raw/bil/swc/1119752207_18867_4296-X31171-Y9797_reg.swc,1119752207_18867_4296-X31171-Y9797_reg.swc,true,f385bb838ccec6169396d8ec5d0b8d070412ad19691060349f963e7fbbae812b
bil6,bil6/1119752211_18867_4302-X30805-Y9233_reg.swc,train,1366,4,3,Isocortex_layer5,raw/bil/swc/1119752211_18867_4302-X30805-Y9233_reg.swc,1119752211_18867_4302-X30805-Y9233_reg.swc,true,6a00b1c158913e11681783036437bc22caef2e58e81ca2c2753982d940c91b5d
bil6,bil6/1119752215_18867_4330-X29413-Y7746_reg.swc,train,1367,0,3,Isocortex_layer5,raw/bil/swc/1119752215_18867_4330-X29413-Y7746_reg.swc,1119752215_18867_4330-X29413-Y7746_reg.swc,true,33fa5fc11e57eed1dfce85080aa5aba1567cbb834d2de47c36a329f107db55d6
bil6,bil6/1119752220_18867_4336-X10280-Y7972_reg.swc,test,1368,8,3,Isocortex_layer5,raw/bil/swc/1119752220_18867_4336-X10280-Y7972_reg.swc,1119752220_18867_4336-X10280-Y7972_reg.swc,true,c508b180f1f3abcaadd5810117262265ccef64c93f05d6cce94200872a2fe15a
bil6,bil6/1119752222_18867_4392-X7633-Y13301_reg.swc,train,1369,3,3,Isocortex_layer5,raw/bil/swc/1119752222_18867_4392-X7633-Y13301_reg.swc,1119752222_18867_4392-X7633-Y13301_reg.swc,true,488b59313f5c24b14bb6b13ae37aebc15b7de6c5dd53ae8bb1a0ff2f160c1d86
bil6,bil6/1119752226_18867_4397-X8352-Y9768_reg.swc,train,1370,2,3,Isocortex_layer5,raw/bil/swc/1119752226_18867_4397-X8352-Y9768_reg.swc,1119752226_18867_4397-X8352-Y9768_reg.swc,true,e70815ef585503d3442e5c548c367f042e2aa2e1418c8ac2f499c59e8135bbd8
bil6,bil6/1119752230_18867_4421-X31775-Y9812_reg.swc,test,1371,8,3,Isocortex_layer5,raw/bil/swc/1119752230_18867_4421-X31775-Y9812_reg.swc,1119752230_18867_4421-X31775-Y9812_reg.swc,true,29ac75734afd5065f6a9dbd9aeae94d06b671e3114504e5c9127d7f59afad768
bil6,bil6/1119752234_18867_4457-X7592-Y10554_reg.swc,test,1372,9,3,Isocortex_layer5,raw/bil/swc/1119752234_18867_4457-X7592-Y10554_reg.swc,1119752234_18867_4457-X7592-Y10554_reg.swc,true,ee5aabc9d4948c633144362b5b45f3f3d4b186861dbef90baa9cc8783bb3395d
bil6,bil6/1119752238_18867_4473-X25161-Y6054_reg.swc,train,1373,2,3,Isocortex_layer5,raw/bil/swc/1119752238_18867_4473-X25161-Y6054_reg.swc,1119752238_18867_4473-X25161-Y6054_reg.swc,true,02685ccf9fb0ddd3c1a64c4d5c47cbd375e85cd2f8cc18e14434784a9b4a97c8
bil6,bil6/1119752243_18867_4513-X27588-Y6824_reg.swc,train,1374,2,3,Isocortex_layer5,raw/bil/swc/1119752243_18867_4513-X27588-Y6824_reg.swc,1119752243_18867_4513-X27588-Y6824_reg.swc,true,13b392d011473d29abd9bb2b0819a75d9de3534827b413846aab9f7858392b3d
bil6,bil6/1119752247_18867_4533-X14227-Y15937_reg.swc,train,1375,4,0,CP,raw/bil/swc/1119752247_18867_4533-X14227-Y15937_reg.swc,1119752247_18867_4533-X14227-Y15937_reg.swc,true,a03619287348e48d97b29c1d0119e83d2f8b4939171d011d9d63870c0f75264c
bil6,bil6/1119752252_18867_4554-X26130-Y14869_reg.swc,train,1376,2,0,CP,raw/bil/swc/1119752252_18867_4554-X26130-Y14869_reg.swc,1119752252_18867_4554-X26130-Y14869_reg.swc,true,f9e429f99864e7f8e694938a24c01d8389479bf8ea954b92636db8c5864832a4
bil6,bil6/1119752256_18867_4593-X26568-Y15120_reg.swc,train,1377,0,0,CP,raw/bil/swc/1119752256_18867_4593-X26568-Y15120_reg.swc,1119752256_18867_4593-X26568-Y15120_reg.swc,true,01fc2320e23d1ecf437a8d330f57dffd32e9be77421a9f46c3a0d8755b04bf64
bil6,bil6/1119752263_18867_4605-X30309-Y8068_reg.swc,train,1378,0,3,Isocortex_layer5,raw/bil/swc/1119752263_18867_4605-X30309-Y8068_reg.swc,1119752263_18867_4605-X30309-Y8068_reg.swc,true,97697d3ea1048f3d3388e34fff27090f6f414da87851666d85884a85e4d981f0
bil6,bil6/1119752271_18867_4647-X12409-Y6656_reg.swc,train,1380,7,3,Isocortex_layer5,raw/bil/swc/1119752271_18867_4647-X12409-Y6656_reg.swc,1119752271_18867_4647-X12409-Y6656_reg.swc,true,2db54e27cd5df2c1afdbd502464134a8b25abcca67c700677e7636be90a4da57
bil6,bil6/1119752279_18867_4689-X11723-Y7039_reg.swc,train,1382,3,3,Isocortex_layer5,raw/bil/swc/1119752279_18867_4689-X11723-Y7039_reg.swc,1119752279_18867_4689-X11723-Y7039_reg.swc,true,70bf234191bd37b7bd27e8bf0783ff8d382cf3cb40054f4e2ad9c6dd5258f83e
bil6,bil6/1119752282_18867_4724-X12558-Y16835_reg.swc,train,1383,1,0,CP,raw/bil/swc/1119752282_18867_4724-X12558-Y16835_reg.swc,1119752282_18867_4724-X12558-Y16835_reg.swc,true,6bd337e3cc02c00e614859708f3a273525db0dff35b66584f316b2217f033289
bil6,bil6/1119752286_18867_4768-X26326-Y6150_reg.swc,train,1384,4,3,Isocortex_layer5,raw/bil/swc/1119752286_18867_4768-X26326-Y6150_reg.swc,1119752286_18867_4768-X26326-Y6150_reg.swc,true,2dc29c880be6139b2d1e4bf3c5caa95b3ee801fea3fa2abd1ebc2b5d5447bd32
bil6,bil6/1119752289_18867_4776-X28359-Y6621_reg.swc,train,1385,1,3,Isocortex_layer5,raw/bil/swc/1119752289_18867_4776-X28359-Y6621_reg.swc,1119752289_18867_4776-X28359-Y6621_reg.swc,true,638f9c52b61697755511657f7b29ba19d29c49d64903f52dec98dc26969de98c
bil6,bil6/1119752295_18867_4801-X7068-Y12938_reg.swc,train,1387,0,3,Isocortex_layer5,raw/bil/swc/1119752295_18867_4801-X7068-Y12938_reg.swc,1119752295_18867_4801-X7068-Y12938_reg.swc,true,15c09b39e4f3eed7e7e065e3b6c2d0c276111ac1b7e27ffb3b3b35f8d06c4ae5
bil6,bil6/1119752299_18867_4824-X31628-Y8902_reg.swc,train,1389,1,3,Isocortex_layer5,raw/bil/swc/1119752299_18867_4824-X31628-Y8902_reg.swc,1119752299_18867_4824-X31628-Y8902_reg.swc,true,2ab4a6cbf015c187a48c159060ac1b67bcd076abf692ab951482d3faac84d884
bil6,bil6/1119752302_18867_4826-X11914-Y16564_reg.swc,train,1390,5,0,CP,raw/bil/swc/1119752302_18867_4826-X11914-Y16564_reg.swc,1119752302_18867_4826-X11914-Y16564_reg.swc,true,278d7c70d767f21e2cfc13c478a3e26b0504d3ab772cf84d33ef150f124e3487
bil6,bil6/1119752304_18867_4831-X27808-Y6496_reg.swc,train,1391,1,3,Isocortex_layer5,raw/bil/swc/1119752304_18867_4831-X27808-Y6496_reg.swc,1119752304_18867_4831-X27808-Y6496_reg.swc,true,5ed3cc933474a8ba9e4451b0c88bb94af335a3d1f6fcfad17b730d8351058313
bil6,bil6/1119752308_18867_4889-X28329-Y6770_reg.swc,test,1393,9,3,Isocortex_layer5,raw/bil/swc/1119752308_18867_4889-X28329-Y6770_reg.swc,1119752308_18867_4889-X28329-Y6770_reg.swc,true,c7e9c32d7710041c25f1c5093877c3abda99938a9789444dd3957e83f56954df
bil6,bil6/1119752310_18867_4922-X30354-Y7405_reg.swc,train,1394,0,3,Isocortex_layer5,raw/bil/swc/1119752310_18867_4922-X30354-Y7405_reg.swc,1119752310_18867_4922-X30354-Y7405_reg.swc,true,e69257c97064617d9db9eae914451c902f15dd5873a00fa8334f21d6e0337ca0
bil6,bil6/1119752314_18867_4954-X9860-Y7599_reg.swc,train,1396,6,3,Isocortex_layer5,raw/bil/swc/1119752314_18867_4954-X9860-Y7599_reg.swc,1119752314_18867_4954-X9860-Y7599_reg.swc,true,a07bded8976fd9853bf6298054047403dd63fd3741302705cb982731cd2bb756
bil6,bil6/1119752316_18867_4957-X30093-Y7560_reg.swc,train,1397,2,3,Isocortex_layer5,raw/bil/swc/1119752316_18867_4957-X30093-Y7560_reg.swc,1119752316_18867_4957-X30093-Y7560_reg.swc,true,74ed9296a7cdbd585c38a8d9078e5b8d223515614cbf08c606c607c61fa75be5
bil6,bil6/1119752318_18867_4984-X30860-Y8156_reg.swc,test,1398,8,3,Isocortex_layer5,raw/bil/swc/1119752318_18867_4984-X30860-Y8156_reg.swc,1119752318_18867_4984-X30860-Y8156_reg.swc,true,455fd02e61a09b9e4c8d7b5f10e2e1c2d9b8d09b95dda013baf7b778b31525a3
bil6,bil6/1119752324_18867_5169-X12576-Y5864_reg.swc,test,1401,8,3,Isocortex_layer5,raw/bil/swc/1119752324_18867_5169-X12576-Y5864_reg.swc,1119752324_18867_5169-X12576-Y5864_reg.swc,true,db3a2d63f49671139d6ee70117d344a57fc53424def5cde3c625a63e69248233
bil6,bil6/1119752326_18867_5194-X29530-Y6807_reg.swc,train,1402,7,3,Isocortex_layer5,raw/bil/swc/1119752326_18867_5194-X29530-Y6807_reg.swc,1119752326_18867_5194-X29530-Y6807_reg.swc,true,eefa84f59ab581032b23f41ea2ca279e1b326095dfa0f661afd328a6b0ec3c2e
bil6,bil6/1119752328_18867_5203-X10027-Y7237_reg.swc,test,1403,9,3,Isocortex_layer5,raw/bil/swc/1119752328_18867_5203-X10027-Y7237_reg.swc,1119752328_18867_5203-X10027-Y7237_reg.swc,true,aca1f129341c2d504c6e41e2747bb9b3bca63b7fde2072a162ed39493b12a642
bil6,bil6/1119752330_18867_5287-X32054-Y8614_reg.swc,train,1404,7,3,Isocortex_layer5,raw/bil/swc/1119752330_18867_5287-X32054-Y8614_reg.swc,1119752330_18867_5287-X32054-Y8614_reg.swc,true,6e58c761f0883ef5b666ef380a3b2b5550b22cc573cc4c8a15a9c4e747a9a472
bil6,bil6/1119752332_18867_5319-X14289-Y4114_reg.swc,train,1405,3,1,Isocortex_layer23,raw/bil/swc/1119752332_18867_5319-X14289-Y4114_reg.swc,1119752332_18867_5319-X14289-Y4114_reg.swc,true,c957358fc27ac3c9316bf7bc6c571921f93ab398df76728c9673891e7f343ec3
bil6,bil6/1119752334_18867_5408-X30554-Y7318_reg.swc,train,1406,1,3,Isocortex_layer5,raw/bil/swc/1119752334_18867_5408-X30554-Y7318_reg.swc,1119752334_18867_5408-X30554-Y7318_reg.swc,true,bd418b3034bbf05d65acf7e463e39b283ae492f146d77d8b9250bee67db16fb7
bil6,bil6/1119752336_18867_5486-X20836-Y5690_reg.swc,test,1407,8,3,Isocortex_layer5,raw/bil/swc/1119752336_18867_5486-X20836-Y5690_reg.swc,1119752336_18867_5486-X20836-Y5690_reg.swc,true,d9da0ba81c83c89de45e8e27e9d1c68d122fbe2bfc9b63c398e43d6cb68f9fcd
bil6,bil6/1119752338_18867_5640-X21236-Y5683_reg.swc,train,1408,2,3,Isocortex_layer5,raw/bil/swc/1119752338_18867_5640-X21236-Y5683_reg.swc,1119752338_18867_5640-X21236-Y5683_reg.swc,true,b171810cf7932dabf41a3fe303ea6848c2d0cf6cc079f2f4b2123099b988783f
bil6,bil6/1119752340_18867_5654-X12080-Y5724_reg.swc,train,1409,4,3,Isocortex_layer5,raw/bil/swc/1119752340_18867_5654-X12080-Y5724_reg.swc,1119752340_18867_5654-X12080-Y5724_reg.swc,true,0e6f9522728a4089da2158c7aa12d28927b07b2108521e89d7329284f38cc117
bil6,bil6/1119752342_18867_5665-X20882-Y6561_reg.swc,train,1410,4,3,Isocortex_layer5,raw/bil/swc/1119752342_18867_5665-X20882-Y6561_reg.swc,1119752342_18867_5665-X20882-Y6561_reg.swc,true,ce2f825026aa77f5517781f848304be1d93b8736d9f2db3020ad8f02c6b8a5e1
bil6,bil6/1119752344_18867_5867-X21009-Y6208_reg.swc,train,1411,3,3,Isocortex_layer5,raw/bil/swc/1119752344_18867_5867-X21009-Y6208_reg.swc,1119752344_18867_5867-X21009-Y6208_reg.swc,true,e3488b995b6ebf3ce8445dd7621e1ac7d237fc6818cf8e5a9515bfca58226d59
bil6,bil6/1119752346_18867_5894-X10157-Y6463_reg.swc,train,1412,5,3,Isocortex_layer5,raw/bil/swc/1119752346_18867_5894-X10157-Y6463_reg.swc,1119752346_18867_5894-X10157-Y6463_reg.swc,true,3cdffd1aba2a468ccd335947efd3b22797ae08e8650fcab648b4f47e5ff71dc0
bil6,bil6/1119752349_18867_5942-X29015-Y5711_reg.swc,train,1413,4,3,Isocortex_layer5,raw/bil/swc/1119752349_18867_5942-X29015-Y5711_reg.swc,1119752349_18867_5942-X29015-Y5711_reg.swc,true,4c5c2e367d129cee9dd2a1b2120e84de1702bb283df499ae248d6b8dd5ff092f
bil6,bil6/1119752352_18867_6003-X18592-Y6204_reg.swc,train,1414,6,3,Isocortex_layer5,raw/bil/swc/1119752352_18867_6003-X18592-Y6204_reg.swc,1119752352_18867_6003-X18592-Y6204_reg.swc,true,1526eb8d8a1985638a3f7af2b87f158d7b786e862a57b5599d6bfee41cbcd2ce
bil6,bil6/1119752354_18867_6007-X18415-Y4843_reg.swc,test,1415,9,3,Isocortex_layer5,raw/bil/swc/1119752354_18867_6007-X18415-Y4843_reg.swc,1119752354_18867_6007-X18415-Y4843_reg.swc,true,15e620d31d8a274ea580556f2977aa480d3ee494f3432ff93673ccebf4314160
bil6,bil6/1119752356_18867_6014-X17935-Y4434_reg.swc,train,1416,0,3,Isocortex_layer5,raw/bil/swc/1119752356_18867_6014-X17935-Y4434_reg.swc,1119752356_18867_6014-X17935-Y4434_reg.swc,true,e686833885ba87e3f1124b036ea02be9a594b5bcd0c034b9a30c0989f5f8b239
bil6,bil6/1119752358_18867_6085-X20833-Y6331_reg.swc,train,1417,0,3,Isocortex_layer5,raw/bil/swc/1119752358_18867_6085-X20833-Y6331_reg.swc,1119752358_18867_6085-X20833-Y6331_reg.swc,true,ee35ed7dbd00261cbe7ad3cf468ed694e436de3485baecc65856b3ec05078fbf
bil6,bil6/1119752360_18867_6091-X30186-Y6043_reg.swc,train,1418,5,3,Isocortex_layer5,raw/bil/swc/1119752360_18867_6091-X30186-Y6043_reg.swc,1119752360_18867_6091-X30186-Y6043_reg.swc,true,51a1319d25e2252953f067b73bbc7794a03188048e54b7bde2aa6ec1b120e0a7
bil6,bil6/1119752362_18867_6408-X9343-Y6158_reg.swc,train,1419,3,3,Isocortex_layer5,raw/bil/swc/1119752362_18867_6408-X9343-Y6158_reg.swc,1119752362_18867_6408-X9343-Y6158_reg.swc,true,da121eb0a11e1ec0087c186bd35d73c23d53e4500bda1bbeac1ce8518254bd25
bil6,bil6/1119752364_18867_6413-X20950-Y6015_reg.swc,train,1420,1,3,Isocortex_layer5,raw/bil/swc/1119752364_18867_6413-X20950-Y6015_reg.swc,1119752364_18867_6413-X20950-Y6015_reg.swc,true,465e9606e4d681d6025cd78523d461c1f014a3dfdbd507c53a402413b24b1d79
bil6,bil6/1119752370_18867_6985-X12525-Y4095_reg.swc,train,1423,2,1,Isocortex_layer23,raw/bil/swc/1119752370_18867_6985-X12525-Y4095_reg.swc,1119752370_18867_6985-X12525-Y4095_reg.swc,true,171fdbd95cdbd9c4457dad17bd0e0c566fa69cfdf5c02fcfc17a5a9bbe1ac2f8
bil6,bil6/1119752372_18867_6986-X31479-Y5932_reg.swc,train,1424,1,3,Isocortex_layer5,raw/bil/swc/1119752372_18867_6986-X31479-Y5932_reg.swc,1119752372_18867_6986-X31479-Y5932_reg.swc,true,e1434ba106044877071178cb8c91967082cb170d2825d047c79d21d882baa8ba
bil6,bil6/1119752375_18867_7123-X11808-Y5131_reg.swc,train,1425,3,3,Isocortex_layer5,raw/bil/swc/1119752375_18867_7123-X11808-Y5131_reg.swc,1119752375_18867_7123-X11808-Y5131_reg.swc,true,a2ce5360470ab3a5edb3efcebb611e4d5cdd900cc81c41ca52ceefdd1b76ba31
bil6,bil6/1119752377_18867_7172-X22280-Y4802_reg.swc,train,1426,5,3,Isocortex_layer5,raw/bil/swc/1119752377_18867_7172-X22280-Y4802_reg.swc,1119752377_18867_7172-X22280-Y4802_reg.swc,true,bcaf2194688c51daf43d45523420423cc9527e8705ba7d87457eccc95801f3d3
bil6,bil6/1119752379_18867_7390-X9887-Y4961_reg.swc,train,1427,5,1,Isocortex_layer23,raw/bil/swc/1119752379_18867_7390-X9887-Y4961_reg.swc,1119752379_18867_7390-X9887-Y4961_reg.swc,true,71f53a11d040883ea8d715f9bfd2fc7dce860442d839ff68424c0869bce11ec1
bil6,bil6/1119752381_18867_7541-X13210-Y4462_reg.swc,train,1428,2,3,Isocortex_layer5,raw/bil/swc/1119752381_18867_7541-X13210-Y4462_reg.swc,1119752381_18867_7541-X13210-Y4462_reg.swc,true,ae82bf846647258416778b3903dd76c0b65668e50bfeabc6595922a4f39c2637
bil6,bil6/1119752385_18867_7584-X10560-Y5816_reg.swc,test,1430,9,3,Isocortex_layer5,raw/bil/swc/1119752385_18867_7584-X10560-Y5816_reg.swc,1119752385_18867_7584-X10560-Y5816_reg.swc,true,352387711ca5bd35129fe2dc962bc85ca32e390a47a2286d11e284fb4711158f
bil6,bil6/1119752393_18868_2225-X15897-Y10006_reg.swc,test,1434,9,3,Isocortex_layer5,raw/bil/swc/1119752393_18868_2225-X15897-Y10006_reg.swc,1119752393_18868_2225-X15897-Y10006_reg.swc,true,4458ec7a32c831e95f145ae226f6d03798aa2ca3b4e41c4ad4b9c1181b797692
bil6,bil6/1119752395_18868_2559-X15436-Y13207_reg.swc,train,1435,0,3,Isocortex_layer5,raw/bil/swc/1119752395_18868_2559-X15436-Y13207_reg.swc,1119752395_18868_2559-X15436-Y13207_reg.swc,true,fb797e9c9fcd76ddaa77c56574cc97892e31c4e716db998a516d4e57d938fde3
bil6,bil6/1119752397_18868_2584-X14386-Y13639_reg.swc,train,1436,2,3,Isocortex_layer5,raw/bil/swc/1119752397_18868_2584-X14386-Y13639_reg.swc,1119752397_18868_2584-X14386-Y13639_reg.swc,true,e24e527350f5ea73da1b03789b261825cdfb4b149afd45e4d4563ca0de9806da
bil6,bil6/1119752399_18868_2593-X15801-Y13755_reg.swc,train,1437,5,3,Isocortex_layer5,raw/bil/swc/1119752399_18868_2593-X15801-Y13755_reg.swc,1119752399_18868_2593-X15801-Y13755_reg.swc,true,717acae425e8e0630a967f93eba4dd574215cabc4ada1f0fcc3b4763d366978a
bil6,bil6/1119752403_18868_2621-X11765-Y8944_reg.swc,train,1439,3,3,Isocortex_layer5,raw/bil/swc/1119752403_18868_2621-X11765-Y8944_reg.swc,1119752403_18868_2621-X11765-Y8944_reg.swc,true,8c8661134ad632c38cc76e8cdf99c2f89983a4f69a5de4d1d206e3113e5dbf57
bil6,bil6/1119752405_18868_2924-X10668-Y9719_reg.swc,train,1440,5,3,Isocortex_layer5,raw/bil/swc/1119752405_18868_2924-X10668-Y9719_reg.swc,1119752405_18868_2924-X10668-Y9719_reg.swc,true,168c42826e0ec8621559f165878e3ca639674f0f08643a66ff26a5d309a6c39d
bil6,bil6/1119752407_18868_3009-X28076-Y11485_reg.swc,test,1441,9,3,Isocortex_layer5,raw/bil/swc/1119752407_18868_3009-X28076-Y11485_reg.swc,1119752407_18868_3009-X28076-Y11485_reg.swc,true,c8ee4be9fe4920d266c09b7147706dab6d64a92d1fb3144c2dc0c1ef9fbe9745
bil6,bil6/1119752409_18868_3112-X27714-Y10534_reg.swc,test,1442,8,3,Isocortex_layer5,raw/bil/swc/1119752409_18868_3112-X27714-Y10534_reg.swc,1119752409_18868_3112-X27714-Y10534_reg.swc,true,94e31255f9c659eed3889833ba73801cd5ba08a481623363bb90073935eccde1
bil6,bil6/1119752411_18868_3207-X27726-Y9448_reg.swc,train,1443,5,3,Isocortex_layer5,raw/bil/swc/1119752411_18868_3207-X27726-Y9448_reg.swc,1119752411_18868_3207-X27726-Y9448_reg.swc,true,13943ef84087d0845022787bdee5fb76380a7dcd3ceb200f0441500d48dd55c6
bil6,bil6/1119752413_18868_3228-X28576-Y10788_reg.swc,train,1444,1,3,Isocortex_layer5,raw/bil/swc/1119752413_18868_3228-X28576-Y10788_reg.swc,1119752413_18868_3228-X28576-Y10788_reg.swc,true,7d1f744271cf426f9cccb8f5f21d009c1cf07141cb1285c33716b95c274522ab
bil6,bil6/1119752415_18868_3389-X28317-Y9872_reg.swc,train,1445,0,3,Isocortex_layer5,raw/bil/swc/1119752415_18868_3389-X28317-Y9872_reg.swc,1119752415_18868_3389-X28317-Y9872_reg.swc,true,3c31794c671bf2c432783f2647761b91058417cc8c4289ae2860675337941556
bil6,bil6/1119752417_18868_3419-X27168-Y8481_reg.swc,train,1446,6,3,Isocortex_layer5,raw/bil/swc/1119752417_18868_3419-X27168-Y8481_reg.swc,1119752417_18868_3419-X27168-Y8481_reg.swc,true,4bf516bbb100c2c1e43de80a3683721a5a52e14c450e26f2624100235ef24651
bil6,bil6/1119752419_18868_3453-X28753-Y10380_reg.swc,train,1447,3,3,Isocortex_layer5,raw/bil/swc/1119752419_18868_3453-X28753-Y10380_reg.swc,1119752419_18868_3453-X28753-Y10380_reg.swc,true,ab6c2093f627fccb3cca796538f54f5ef4ee8a07bae369efd609a825029fb6eb
bil6,bil6/1119752422_18868_3488-X24952-Y7321_reg.swc,train,1448,3,3,Isocortex_layer5,raw/bil/swc/1119752422_18868_3488-X24952-Y7321_reg.swc,1119752422_18868_3488-X24952-Y7321_reg.swc,true,d83641383f08be9d8677f95bf38c1988f60329dc8a720ff098367c047118a1c1
bil6,bil6/1119752424_18868_3507-X7704-Y10476_reg.swc,train,1449,4,3,Isocortex_layer5,raw/bil/swc/1119752424_18868_3507-X7704-Y10476_reg.swc,1119752424_18868_3507-X7704-Y10476_reg.swc,true,be30a95b2ceb4143d5b50e54238da81c47e35ed9b4cf16db111ac94c8cac6cb4
bil6,bil6/1119752427_18868_3547-X28065-Y9077_reg.swc,train,1450,7,3,Isocortex_layer5,raw/bil/swc/1119752427_18868_3547-X28065-Y9077_reg.swc,1119752427_18868_3547-X28065-Y9077_reg.swc,true,a4f3c7e8e74667667b55caea10bc1d613a1d02822b2ebc3a89149042710d44e2
bil6,bil6/1119752429_18868_3552-X28542-Y9340_reg.swc,train,1451,6,3,Isocortex_layer5,raw/bil/swc/1119752429_18868_3552-X28542-Y9340_reg.swc,1119752429_18868_3552-X28542-Y9340_reg.swc,true,801be427d51a8cc463fad6b68e1a5955ab59f212afca06594cdf3efea9186eb3
bil6,bil6/1119752431_18868_3564-X27379-Y8431_reg.swc,train,1452,6,3,Isocortex_layer5,raw/bil/swc/1119752431_18868_3564-X27379-Y8431_reg.swc,1119752431_18868_3564-X27379-Y8431_reg.swc,true,fc0d144b4e158f513f0d19c227ab1813004fcd0778212f0fa2fa7b908db168d7
bil6,bil6/1119752433_18868_3592-X9776-Y8113_reg.swc,train,1453,1,3,Isocortex_layer5,raw/bil/swc/1119752433_18868_3592-X9776-Y8113_reg.swc,1119752433_18868_3592-X9776-Y8113_reg.swc,true,edb51ac95ca6532cd9fa471ae1d22f8bc55a495028592a984a3dc1caf913e547
bil6,bil6/1119752435_18868_3626-X29809-Y12585_reg.swc,train,1454,7,3,Isocortex_layer5,raw/bil/swc/1119752435_18868_3626-X29809-Y12585_reg.swc,1119752435_18868_3626-X29809-Y12585_reg.swc,true,1f7303035cfea86743e21638c80bef42f3a3374d6a7deb80ad7c2526ff1f8616
bil6,bil6/1119752437_18868_3627-X28035-Y8749_reg.swc,train,1455,5,3,Isocortex_layer5,raw/bil/swc/1119752437_18868_3627-X28035-Y8749_reg.swc,1119752437_18868_3627-X28035-Y8749_reg.swc,true,4fae8d72f76ffe924ef6e8d08170e9220438cd8044e6f2f5bfbe645a1a826699
bil6,bil6/1119752439_18868_3658-X9598-Y8113_reg.swc,train,1456,0,3,Isocortex_layer5,raw/bil/swc/1119752439_18868_3658-X9598-Y8113_reg.swc,1119752439_18868_3658-X9598-Y8113_reg.swc,true,f2ac90718249524959845802f8c63a94fd22678a74d42464f8e7d6c60dcba693
bil6,bil6/1119752443_18868_3715-X8453-Y8977_reg.swc,train,1458,3,3,Isocortex_layer5,raw/bil/swc/1119752443_18868_3715-X8453-Y8977_reg.swc,1119752443_18868_3715-X8453-Y8977_reg.swc,true,8fad8ea7afa7195c4e1ad49206eda258005291a7ba83c1532631be8977ae07ba
bil6,bil6/1119752445_18868_3781-X6715-Y11703_reg.swc,train,1459,4,3,Isocortex_layer5,raw/bil/swc/1119752445_18868_3781-X6715-Y11703_reg.swc,1119752445_18868_3781-X6715-Y11703_reg.swc,true,9371c7dd77da5a569d3579d84a2c9f0e0fec55c2be7c21d7bc8af9ed1f242343
bil6,bil6/1119752447_18868_3783-X28846-Y9268_reg.swc,train,1460,7,3,Isocortex_layer5,raw/bil/swc/1119752447_18868_3783-X28846-Y9268_reg.swc,1119752447_18868_3783-X28846-Y9268_reg.swc,true,44a7295a2a89c96c6d599bff5221ba164bfb21ae85c88cc648a6a98febe47ce0
bil6,bil6/1119752452_18868_3799-X6462-Y13405_reg.swc,test,1461,8,3,Isocortex_layer5,raw/bil/swc/1119752452_18868_3799-X6462-Y13405_reg.swc,1119752452_18868_3799-X6462-Y13405_reg.swc,true,edfd47e3bd113aa1df9e7a8e6dcf82c760d2aec3d449bab34fa64dcf021b8ed4
bil6,bil6/1119752450_18868_3799-X26336-Y7466_reg.swc,train,1462,4,3,Isocortex_layer5,raw/bil/swc/1119752450_18868_3799-X26336-Y7466_reg.swc,1119752450_18868_3799-X26336-Y7466_reg.swc,true,d5f2affd9b6472735da01b71bfd28409d335c9e6870129637b70acb03a715d93
bil6,bil6/1119752454_18868_3853-X29683-Y10294_reg.swc,train,1463,6,3,Isocortex_layer5,raw/bil/swc/1119752454_18868_3853-X29683-Y10294_reg.swc,1119752454_18868_3853-X29683-Y10294_reg.swc,true,c2e02e2ef8ddca1a1240d1a3ba188e1f8bf6405b3aeb694f9e18e948c007b0a0
bil6,bil6/1119752456_18868_3856-X26025-Y7205_reg.swc,test,1464,9,3,Isocortex_layer5,raw/bil/swc/1119752456_18868_3856-X26025-Y7205_reg.swc,1119752456_18868_3856-X26025-Y7205_reg.swc,true,c72c19e1e07900a4fc27f8e4220e4fb4ded50c3196697fcbd234e93af567efed
bil6,bil6/1119752458_18868_3871-X26350-Y7564_reg.swc,test,1465,8,3,Isocortex_layer5,raw/bil/swc/1119752458_18868_3871-X26350-Y7564_reg.swc,1119752458_18868_3871-X26350-Y7564_reg.swc,true,4bd6171295aa6a68e122544d002ca17dca1ef3490ebe47225d88d5bcdc4231e7
bil6,bil6/1119752460_18868_3875-X8707-Y8341_reg.swc,train,1466,1,3,Isocortex_layer5,raw/bil/swc/1119752460_18868_3875-X8707-Y8341_reg.swc,1119752460_18868_3875-X8707-Y8341_reg.swc,true,d83417b3ba92370a5930d606f4c011b8605d4fcefb3f5c10776e3490942b46db
bil6,bil6/1119752462_18868_3922-X26631-Y7518_reg.swc,train,1467,7,3,Isocortex_layer5,raw/bil/swc/1119752462_18868_3922-X26631-Y7518_reg.swc,1119752462_18868_3922-X26631-Y7518_reg.swc,true,8a20ce3882e16629334037614fa0b02edf70b512c6e4793c5f2054229650dace
bil6,bil6/1119752464_18868_3931-X26823-Y7496_reg.swc,train,1468,3,3,Isocortex_layer5,raw/bil/swc/1119752464_18868_3931-X26823-Y7496_reg.swc,1119752464_18868_3931-X26823-Y7496_reg.swc,true,79dfa01a83bb8f3de969f65ee9854b17049e537dc2cfdecd0c118ece0e077b28
bil6,bil6/1119752466_18868_3932-X25373-Y7132_reg.swc,train,1469,5,3,Isocortex_layer5,raw/bil/swc/1119752466_18868_3932-X25373-Y7132_reg.swc,1119752466_18868_3932-X25373-Y7132_reg.swc,true,74395449129c9f5832ace3ab012079277ae87d0265f89338cc5d739263df2c6a
bil6,bil6/1119752468_18868_3977-X25824-Y7160_reg.swc,train,1470,5,3,Isocortex_layer5,raw/bil/swc/1119752468_18868_3977-X25824-Y7160_reg.swc,1119752468_18868_3977-X25824-Y7160_reg.swc,true,21de1df8e8d76f06d41d75f74764dc181f69341846f82667ccbe4a0b6d2194c5
bil6,bil6/1119752470_18868_3981-X30626-Y12403_reg.swc,train,1471,2,3,Isocortex_layer5,raw/bil/swc/1119752470_18868_3981-X30626-Y12403_reg.swc,1119752470_18868_3981-X30626-Y12403_reg.swc,true,f82862717f6e68f3f235cdd08c9fe2535ec303e3e8a30e6b6dbda3b2d3dcd72d
bil6,bil6/1119752472_18868_4041-X10632-Y7193_reg.swc,train,1472,1,3,Isocortex_layer5,raw/bil/swc/1119752472_18868_4041-X10632-Y7193_reg.swc,1119752472_18868_4041-X10632-Y7193_reg.swc,true,da4657e46e621867a202632d184d46effba2079450187f8b86c3b7048f8aebe8
bil6,bil6/1119752474_18868_4047-X27203-Y7787_reg.swc,train,1473,2,3,Isocortex_layer5,raw/bil/swc/1119752474_18868_4047-X27203-Y7787_reg.swc,1119752474_18868_4047-X27203-Y7787_reg.swc,true,b881a55d13fb4ef91e0bb4bb0fa23150ec40c74318a78201c136b4dbe075161c
bil6,bil6/1119752476_18868_4132-X11881-Y6094_reg.swc,train,1474,4,3,Isocortex_layer5,raw/bil/swc/1119752476_18868_4132-X11881-Y6094_reg.swc,1119752476_18868_4132-X11881-Y6094_reg.swc,true,1dfd3769888036343a1c586565a396cab6c551ced9f2ea7089f439658aae1e0f
bil6,bil6/1119752478_18868_4192-X10967-Y7007_reg.swc,train,1475,0,3,Isocortex_layer5,raw/bil/swc/1119752478_18868_4192-X10967-Y7007_reg.swc,1119752478_18868_4192-X10967-Y7007_reg.swc,true,5544a8fc54e25e9d8aaf11d0c5f4230043b8b5567579399a72fa2ca5291a7d72
bil6,bil6/1119752480_18868_4221-X5685-Y12199_reg.swc,train,1476,4,3,Isocortex_layer5,raw/bil/swc/1119752480_18868_4221-X5685-Y12199_reg.swc,1119752480_18868_4221-X5685-Y12199_reg.swc,true,30c90c85e3f28727709a278c5312bd384b1b60e3f7c6903ba81e86611d1d351b
bil6,bil6/1119752482_18868_4317-X23980-Y6346_reg.swc,train,1477,6,3,Isocortex_layer5,raw/bil/swc/1119752482_18868_4317-X23980-Y6346_reg.swc,1119752482_18868_4317-X23980-Y6346_reg.swc,true,c6223016d976923d23d7560dd22737800af1f2396361c4ba4e304511ceb99e3a
bil6,bil6/1119752484_18868_4341-X30419-Y10114_reg.swc,train,1478,3,3,Isocortex_layer5,raw/bil/swc/1119752484_18868_4341-X30419-Y10114_reg.swc,1119752484_18868_4341-X30419-Y10114_reg.swc,true,60c03277def11dfac01dbde92c42d0072a2dbe65aa69a5858cdda73067b47898
bil6,bil6/1119752486_18868_4430-X9829-Y7185_reg.swc,train,1479,6,3,Isocortex_layer5,raw/bil/swc/1119752486_18868_4430-X9829-Y7185_reg.swc,1119752486_18868_4430-X9829-Y7185_reg.swc,true,35f9e4fefa4b046867e1ec8a4d983264a42c413e61d85a492dda6dee645fcf3c
bil6,bil6/1119752488_18868_4434-X10947-Y6887_reg.swc,train,1480,0,3,Isocortex_layer5,raw/bil/swc/1119752488_18868_4434-X10947-Y6887_reg.swc,1119752488_18868_4434-X10947-Y6887_reg.swc,true,d8f80d9fd43cd325555424555a73399c96397abb71cf871077d8a971b627f1a1
bil6,bil6/1119752490_18868_4464-X5477-Y11004_reg.swc,train,1481,6,3,Isocortex_layer5,raw/bil/swc/1119752490_18868_4464-X5477-Y11004_reg.swc,1119752490_18868_4464-X5477-Y11004_reg.swc,true,368acb2183c28c9645cabc9fbf84519920d5e41edda08aff1e40b4d274a61c46
bil6,bil6/1119752492_18868_4517-X31548-Y11591_reg.swc,test,1482,8,3,Isocortex_layer5,raw/bil/swc/1119752492_18868_4517-X31548-Y11591_reg.swc,1119752492_18868_4517-X31548-Y11591_reg.swc,true,e0fab06ff7f3147790a6b3908a5bbf86861bb03f5b867997d13f14fbc688014d
bil6,bil6/1119752497_18868_4549-X5910-Y9879_reg.swc,train,1484,2,3,Isocortex_layer5,raw/bil/swc/1119752497_18868_4549-X5910-Y9879_reg.swc,1119752497_18868_4549-X5910-Y9879_reg.swc,true,8cbfd9495254598927bbacb28418e65089ab237dada35a1f86532762e66c5a3a
bil6,bil6/1119752508_18868_4739-X28536-Y7468_reg.swc,train,1489,1,3,Isocortex_layer5,raw/bil/swc/1119752508_18868_4739-X28536-Y7468_reg.swc,1119752508_18868_4739-X28536-Y7468_reg.swc,true,adacb6a9a374a32dee4eb161689c2313624ace2e2bcb71909a5a89452fa759a7
bil6,bil6/1119752512_18868_4803-X7002-Y8311_reg.swc,train,1491,4,3,Isocortex_layer5,raw/bil/swc/1119752512_18868_4803-X7002-Y8311_reg.swc,1119752512_18868_4803-X7002-Y8311_reg.swc,true,e771c13a90a72415300e67d2819af65c374e29995d35d50e6de7f3bde9bfc87a
bil6,bil6/1119752516_18868_4863-X31402-Y10126_reg.swc,train,1493,1,3,Isocortex_layer5,raw/bil/swc/1119752516_18868_4863-X31402-Y10126_reg.swc,1119752516_18868_4863-X31402-Y10126_reg.swc,true,d5e39418d3410c74c8d10e3807f948ec835d83bf84fe3b1fee8e6b223599c15b
bil6,bil6/1119752518_18868_4883-X27078-Y6285_reg.swc,test,1494,8,3,Isocortex_layer5,raw/bil/swc/1119752518_18868_4883-X27078-Y6285_reg.swc,1119752518_18868_4883-X27078-Y6285_reg.swc,true,e36891408527e6f93ab6863b8ab5ecc574618ea756808ed4efcce021fb65c4af
bil6,bil6/1119752520_18868_5131-X7596-Y7239_reg.swc,train,1495,6,3,Isocortex_layer5,raw/bil/swc/1119752520_18868_5131-X7596-Y7239_reg.swc,1119752520_18868_5131-X7596-Y7239_reg.swc,true,53d72fc864cfd484755854ef636a175ec7c02fc10fff6b5fc6c6c05f07f0fd08
bil6,bil6/1119752523_18868_5141-X8535-Y6876_reg.swc,train,1496,0,3,Isocortex_layer5,raw/bil/swc/1119752523_18868_5141-X8535-Y6876_reg.swc,1119752523_18868_5141-X8535-Y6876_reg.swc,true,f161c3c631a080868d701aedbe696b9ae1505e8bcb23241dcd8f87ca17f70ca7
bil6,bil6/1119752525_18868_5156-X9540-Y6495_reg.swc,train,1497,7,3,Isocortex_layer5,raw/bil/swc/1119752525_18868_5156-X9540-Y6495_reg.swc,1119752525_18868_5156-X9540-Y6495_reg.swc,true,f87a2ea4abe6a1fdd6d2b3c08358159ea3d122f4c91bab519ba62d674b3d820d
bil6,bil6/1119752527_18868_5242-X9858-Y5968_reg.swc,test,1498,9,3,Isocortex_layer5,raw/bil/swc/1119752527_18868_5242-X9858-Y5968_reg.swc,1119752527_18868_5242-X9858-Y5968_reg.swc,true,623e61ea10536289b7d2d376f1cb56873ca092f439c457b760d421f5ad0bd06b
bil6,bil6/1119752529_18868_5369-X19532-Y5532_reg.swc,test,1499,9,3,Isocortex_layer5,raw/bil/swc/1119752529_18868_5369-X19532-Y5532_reg.swc,1119752529_18868_5369-X19532-Y5532_reg.swc,true,a628323138d606e842eab3bb0a5483894c9db8d4747b8b3175803a4ce5feb495
bil6,bil6/1119752531_18868_5397-X19819-Y6085_reg.swc,train,1500,5,3,Isocortex_layer5,raw/bil/swc/1119752531_18868_5397-X19819-Y6085_reg.swc,1119752531_18868_5397-X19819-Y6085_reg.swc,true,54532c3098a775b9ed9c216fbef8758c713d4152ca870fdf8981f369cfa741e7
bil6,bil6/1119752533_18868_5456-X7773-Y6771_reg.swc,train,1501,2,3,Isocortex_layer5,raw/bil/swc/1119752533_18868_5456-X7773-Y6771_reg.swc,1119752533_18868_5456-X7773-Y6771_reg.swc,true,0abfa23064433b8221ed2ec3f4b395ed3499f52a80d9f4aa5d1890180d47a23c
bil6,bil6/1119752535_18868_5531-X7356-Y7030_reg.swc,train,1502,1,3,Isocortex_layer5,raw/bil/swc/1119752535_18868_5531-X7356-Y7030_reg.swc,1119752535_18868_5531-X7356-Y7030_reg.swc,true,34b03b626d50d2d6a8ef6ca73f2381d8a8543f5e4468ff3a267b2ef9e4b49c9b
bil6,bil6/1119752537_18868_5686-X9887-Y5415_reg.swc,train,1503,6,3,Isocortex_layer5,raw/bil/swc/1119752537_18868_5686-X9887-Y5415_reg.swc,1119752537_18868_5686-X9887-Y5415_reg.swc,true,0e21a43d620398c2da9e30ffb893dda236c11f352a25e9a3c3602dbb264ff385
bil6,bil6/1119752539_18868_5701-X9538-Y5736_reg.swc,train,1504,3,3,Isocortex_layer5,raw/bil/swc/1119752539_18868_5701-X9538-Y5736_reg.swc,1119752539_18868_5701-X9538-Y5736_reg.swc,true,b2f7639d09ded216ccecb5399befaf54cd9433ff72b4b178807e40ec5090256e
bil6,bil6/1119752541_18868_5723-X7031-Y7203_reg.swc,train,1505,7,3,Isocortex_layer5,raw/bil/swc/1119752541_18868_5723-X7031-Y7203_reg.swc,1119752541_18868_5723-X7031-Y7203_reg.swc,true,b80a874b080cec71ef6291a28821f6ba3efd57d340e96138ff899f4304d17e40
bil6,bil6/1119752543_18868_5724-X8616-Y5999_reg.swc,train,1506,0,3,Isocortex_layer5,raw/bil/swc/1119752543_18868_5724-X8616-Y5999_reg.swc,1119752543_18868_5724-X8616-Y5999_reg.swc,true,c15a7676f2cd7c1724a6c55a178af89b95968bf16059fa581c006b5f327a3cdc
bil6,bil6/1119752545_18868_5965-X17541-Y6435_reg.swc,test,1507,8,3,Isocortex_layer5,raw/bil/swc/1119752545_18868_5965-X17541-Y6435_reg.swc,1119752545_18868_5965-X17541-Y6435_reg.swc,true,74254b686c82809f45b60720de3befe4d55e6ea99184a61846d65bfc63d185f9
bil6,bil6/1119752547_18868_5983-X17523-Y5085_reg.swc,train,1508,7,3,Isocortex_layer5,raw/bil/swc/1119752547_18868_5983-X17523-Y5085_reg.swc,1119752547_18868_5983-X17523-Y5085_reg.swc,true,69a2712eff0ab5dbdc3aa39c4e51e3156c00bd3a08445228525e54f941802a07
bil6,bil6/1119752549_18868_6000-X19811-Y5444_reg.swc,train,1509,0,3,Isocortex_layer5,raw/bil/swc/1119752549_18868_6000-X19811-Y5444_reg.swc,1119752549_18868_6000-X19811-Y5444_reg.swc,true,1b6159ae18e675b2f8e27100001041d261fdb78d4a2735ba39bc6867e577476b
bil6,bil6/1119752551_18868_6019-X9541-Y5296_reg.swc,train,1510,0,3,Isocortex_layer5,raw/bil/swc/1119752551_18868_6019-X9541-Y5296_reg.swc,1119752551_18868_6019-X9541-Y5296_reg.swc,true,907f0abb351a29a7b975bb50277127dd43b09c8d54a4639b3654e94cbf26db71
bil6,bil6/1119752553_18868_6196-X17668-Y4955_reg.swc,train,1511,3,3,Isocortex_layer5,raw/bil/swc/1119752553_18868_6196-X17668-Y4955_reg.swc,1119752553_18868_6196-X17668-Y4955_reg.swc,true,bf1f431640da430223d5d7e06c87e284c8e407d7d83fbcdaadb015bd4c79aaee
bil6,bil6/1119752555_18868_6405-X11428-Y4397_reg.swc,train,1512,4,3,Isocortex_layer5,raw/bil/swc/1119752555_18868_6405-X11428-Y4397_reg.swc,1119752555_18868_6405-X11428-Y4397_reg.swc,true,2230a94cd282cc82121def6daa567b568875d6e3b0c5da74a8ab28eb3002f16a
bil6,bil6/1119752557_18868_6757-X10353-Y4324_reg.swc,train,1513,7,2,Isocortex_layer4,raw/bil/swc/1119752557_18868_6757-X10353-Y4324_reg.swc,1119752557_18868_6757-X10353-Y4324_reg.swc,true,f6d2972281ab5edbd48b693c00afcefd1355ab2428b51b0ea0daf0205e71c09e
bil6,bil6/1119752561_18869_3064-X20999-Y7621_reg.swc,train,1515,0,3,Isocortex_layer5,raw/bil/swc/1119752561_18869_3064-X20999-Y7621_reg.swc,1119752561_18869_3064-X20999-Y7621_reg.swc,true,29e50555ffbbf0853746b629b3b2f4d0632e4eb5e419111b898b932375bfdfa8
bil6,bil6/1119752564_18869_3239-X6605-Y6691_reg.swc,test,1516,8,3,Isocortex_layer5,raw/bil/swc/1119752564_18869_3239-X6605-Y6691_reg.swc,1119752564_18869_3239-X6605-Y6691_reg.swc,true,d59d2a7884ad9c00b44f0b3e34a3493b1476c682b2e5399e134effa2fb9b74eb
bil6,bil6/1119752566_18869_3263-X6927-Y6229_reg.swc,test,1517,9,3,Isocortex_layer5,raw/bil/swc/1119752566_18869_3263-X6927-Y6229_reg.swc,1119752566_18869_3263-X6927-Y6229_reg.swc,true,2e4687ef8aa48fc37e88294e6b15a634a726aa39fa12f480681d0f336ade9b64
bil6,bil6/1119752568_18869_3305-X6812-Y6104_reg.swc,train,1518,3,3,Isocortex_layer5,raw/bil/swc/1119752568_18869_3305-X6812-Y6104_reg.swc,1119752568_18869_3305-X6812-Y6104_reg.swc,true,2e36111751ee9adada8b105ab81016a057b26b72d95fe7763630087b22c31b4e
bil6,bil6/1119752570_18869_3321-X21485-Y7678_reg.swc,train,1519,2,3,Isocortex_layer5,raw/bil/swc/1119752570_18869_3321-X21485-Y7678_reg.swc,1119752570_18869_3321-X21485-Y7678_reg.swc,true,78010d03aa4b835f89b47ffcca2d2f20f2414d3aff1c5561e97af253955e416c
bil6,bil6/1119752573_18869_3395-X6415-Y6741_reg.swc,test,1520,8,3,Isocortex_layer5,raw/bil/swc/1119752573_18869_3395-X6415-Y6741_reg.swc,1119752573_18869_3395-X6415-Y6741_reg.swc,true,bbe39a69d3065228cbcf175990f9e95d37217e706b004d6923fafb36ff7a5348
bil6,bil6/1119752575_18869_3398-X6248-Y7047_reg.swc,test,1521,9,3,Isocortex_layer5,raw/bil/swc/1119752575_18869_3398-X6248-Y7047_reg.swc,1119752575_18869_3398-X6248-Y7047_reg.swc,true,b9d19a98e220114533f9cc7a0e42a3c3c7d022b0a11e0c83cd50ea8ef0893933
bil6,bil6/1119752577_18869_3480-X6168-Y6983_reg.swc,train,1522,4,3,Isocortex_layer5,raw/bil/swc/1119752577_18869_3480-X6168-Y6983_reg.swc,1119752577_18869_3480-X6168-Y6983_reg.swc,true,bad4c8e43e3c58ea43a7242fd0ef6f91c0f67759ade306230cb5351435427aba
bil6,bil6/1119752579_18869_3482-X7077-Y5660_reg.swc,train,1523,6,3,Isocortex_layer5,raw/bil/swc/1119752579_18869_3482-X7077-Y5660_reg.swc,1119752579_18869_3482-X7077-Y5660_reg.swc,true,087c99813c855d54768246bed9c1346b59d4d29eec45e11a54f1555a60f686fc
bil6,bil6/1119752581_18869_3504-X6554-Y5961_reg.swc,train,1524,0,3,Isocortex_layer5,raw/bil/swc/1119752581_18869_3504-X6554-Y5961_reg.swc,1119752581_18869_3504-X6554-Y5961_reg.swc,true,da7a636b74eed05cc011c63f60df5f539248707d9bcb6902c89e473f50e2510a
bil6,bil6/1119752583_18869_3506-X6250-Y6810_reg.swc,train,1525,1,3,Isocortex_layer5,raw/bil/swc/1119752583_18869_3506-X6250-Y6810_reg.swc,1119752583_18869_3506-X6250-Y6810_reg.swc,true,f00caa1c51a23f223402e2992852fb8b342a0a9cd8b45eba5b05510bee45b8e6
bil6,bil6/1119752585_18869_3547-X21769-Y7449_reg.swc,train,1526,7,3,Isocortex_layer5,raw/bil/swc/1119752585_18869_3547-X21769-Y7449_reg.swc,1119752585_18869_3547-X21769-Y7449_reg.swc,true,e414cb73e2cbdd4999e0c1a17e1dc0d25ff0910e9e76fcabc6b0b50513b4b3c9
bil6,bil6/1119752587_18869_3590-X6132-Y6798_reg.swc,train,1527,5,3,Isocortex_layer5,raw/bil/swc/1119752587_18869_3590-X6132-Y6798_reg.swc,1119752587_18869_3590-X6132-Y6798_reg.swc,true,ea59bc0ea326535e40dcb8f0294603915f3c080de922ffdf925378ad5a2c8f98
bil6,bil6/1119752589_18869_3634-X20027-Y5437_reg.swc,train,1528,0,3,Isocortex_layer5,raw/bil/swc/1119752589_18869_3634-X20027-Y5437_reg.swc,1119752589_18869_3634-X20027-Y5437_reg.swc,true,47762f25eaa5de6a06cfe4f2923b99cff2f34e8271e6131ed6eaa51990d38fda
bil6,bil6/1119752591_18869_3634-X5750-Y7170_reg.swc,train,1529,3,3,Isocortex_layer5,raw/bil/swc/1119752591_18869_3634-X5750-Y7170_reg.swc,1119752591_18869_3634-X5750-Y7170_reg.swc,true,1d6cae3975b9ea04c5993a92491d18c167be35b671afd93618a04ed016379758
bil6,bil6/1119752594_18869_3659-X21701-Y7032_reg.swc,train,1530,2,3,Isocortex_layer5,raw/bil/swc/1119752594_18869_3659-X21701-Y7032_reg.swc,1119752594_18869_3659-X21701-Y7032_reg.swc,true,b6ffa4225d7c9ef2e24d127d2bfbd906571175fa1d999c0dc0a945a4be459121
bil6,bil6/1119752598_18869_3701-X7703-Y4993_reg.swc,train,1531,6,3,Isocortex_layer5,raw/bil/swc/1119752598_18869_3701-X7703-Y4993_reg.swc,1119752598_18869_3701-X7703-Y4993_reg.swc,true,c532af05c9bffc9a929b164c7260b17be374745218daef236d1bd50db5081714
bil6,bil6/1119752596_18869_3701-X5589-Y7633_reg.swc,train,1532,7,3,Isocortex_layer5,raw/bil/swc/1119752596_18869_3701-X5589-Y7633_reg.swc,1119752596_18869_3701-X5589-Y7633_reg.swc,true,463294d5911b75921ceef44607284e082645b9dbc57ec91ccb330ec6106a5b95
bil6,bil6/1119752600_18869_3741-X6284-Y6163_reg.swc,train,1533,5,3,Isocortex_layer5,raw/bil/swc/1119752600_18869_3741-X6284-Y6163_reg.swc,1119752600_18869_3741-X6284-Y6163_reg.swc,true,d66b95ae97a82a555149463222c9940cf93722289835c92a026c61fa21123b69
bil6,bil6/1119752602_18869_3751-X5868-Y6832_reg.swc,test,1534,8,3,Isocortex_layer5,raw/bil/swc/1119752602_18869_3751-X5868-Y6832_reg.swc,1119752602_18869_3751-X5868-Y6832_reg.swc,true,e370a382f56f751c40a6af97a6741403b1fa7654d848b2a008f8dcc15cc017b7
bil6,bil6/1119752604_18869_3761-X5335-Y8118_reg.swc,train,1535,3,3,Isocortex_layer5,raw/bil/swc/1119752604_18869_3761-X5335-Y8118_reg.swc,1119752604_18869_3761-X5335-Y8118_reg.swc,true,90a779157088aaec9f76b2c7b5c27bb66d8ecc261609d06bef80c288ff07bbbd
bil6,bil6/1119752606_18869_3857-X22137-Y7268_reg.swc,train,1536,1,3,Isocortex_layer5,raw/bil/swc/1119752606_18869_3857-X22137-Y7268_reg.swc,1119752606_18869_3857-X22137-Y7268_reg.swc,true,5f2874d64d172148ff3beef6b166850752e007828aab3284116ff2396d389afc
bil6,bil6/1119752608_18869_3937-X5000-Y8198_reg.swc,train,1537,4,3,Isocortex_layer5,raw/bil/swc/1119752608_18869_3937-X5000-Y8198_reg.swc,1119752608_18869_3937-X5000-Y8198_reg.swc,true,4ad38ed644a91da1fc1f11209fec19dceb43de2c2a4a74db78a0bfa0117a6917
bil6,bil6/1119752610_18869_4001-X4383-Y7249_reg.swc,train,1538,7,1,Isocortex_layer23,raw/bil/swc/1119752610_18869_4001-X4383-Y7249_reg.swc,1119752610_18869_4001-X4383-Y7249_reg.swc,true,be86ecbe33893b2ee219caf1aa1bdabfc77c533355cea1628a996117d4541d76
bil6,bil6/1119752612_18869_4026-X21667-Y6102_reg.swc,test,1539,9,3,Isocortex_layer5,raw/bil/swc/1119752612_18869_4026-X21667-Y6102_reg.swc,1119752612_18869_4026-X21667-Y6102_reg.swc,true,c9b7615e076f6d65d943ae5407b211c1c1a1b1d1a038afcc2239ccef1625d95d
bil6,bil6/1119752614_18869_4036-X8032-Y4635_reg.swc,train,1540,5,3,Isocortex_layer5,raw/bil/swc/1119752614_18869_4036-X8032-Y4635_reg.swc,1119752614_18869_4036-X8032-Y4635_reg.swc,true,03fd4eafbb2e0738b333c3059b4fb94024bba8f2eaac4ed4931305c50094082f
bil6,bil6/1119752616_18869_4050-X21764-Y6239_reg.swc,test,1541,8,3,Isocortex_layer5,raw/bil/swc/1119752616_18869_4050-X21764-Y6239_reg.swc,1119752616_18869_4050-X21764-Y6239_reg.swc,true,48f27e002289f02fe50f12c650e04d77dbc4bf5103ca6adfd3e333023726ba59
bil6,bil6/1119752618_18869_4054-X19963-Y5080_reg.swc,train,1542,6,3,Isocortex_layer5,raw/bil/swc/1119752618_18869_4054-X19963-Y5080_reg.swc,1119752618_18869_4054-X19963-Y5080_reg.swc,true,b624cb304e5a63c2fd12c0db595eb62400dc087df73261eb94a75c0d3c0c347d
bil6,bil6/1119752620_18869_4089-X6848-Y5110_reg.swc,train,1543,1,3,Isocortex_layer5,raw/bil/swc/1119752620_18869_4089-X6848-Y5110_reg.swc,1119752620_18869_4089-X6848-Y5110_reg.swc,true,65427064f8a94b7406ed73e63e10a960b2194db31ee0e81fda7ce1407ac3d0ae
bil6,bil6/1119752622_18869_4091-X4807-Y8065_reg.swc,test,1544,9,3,Isocortex_layer5,raw/bil/swc/1119752622_18869_4091-X4807-Y8065_reg.swc,1119752622_18869_4091-X4807-Y8065_reg.swc,true,b5d7e1a19a6b276195f33f4b9937b43eb9b6875aece6b58d143b88f38d03a1f0
bil6,bil6/1119752624_18869_4181-X21056-Y5611_reg.swc,test,1545,9,3,Isocortex_layer5,raw/bil/swc/1119752624_18869_4181-X21056-Y5611_reg.swc,1119752624_18869_4181-X21056-Y5611_reg.swc,true,172f4942b178e5d692f14f24d11aba48f315f5a661afa61e93b1198f171264f7
bil6,bil6/1119752626_18869_4184-X11041-Y4195_reg.swc,train,1546,7,3,Isocortex_layer5,raw/bil/swc/1119752626_18869_4184-X11041-Y4195_reg.swc,1119752626_18869_4184-X11041-Y4195_reg.swc,true,177a7e1c55ec2d0f26edcbebe2546add5e44492c0cd620a864a6405510c9c631
bil6,bil6/1119752628_18869_4196-X21043-Y5510_reg.swc,train,1547,0,3,Isocortex_layer5,raw/bil/swc/1119752628_18869_4196-X21043-Y5510_reg.swc,1119752628_18869_4196-X21043-Y5510_reg.swc,true,902d47a52d0b1225a1f0e06a9bbfeb8daba333bb3bb7c733c2f873abecad1a21
bil6,bil6/1119752630_18869_4253-X4991-Y7023_reg.swc,train,1548,5,3,Isocortex_layer5,raw/bil/swc/1119752630_18869_4253-X4991-Y7023_reg.swc,1119752630_18869_4253-X4991-Y7023_reg.swc,true,f4c72dac054dc9b1643613b49a5a3e296212f3251010db4336e952260f232ede
bil6,bil6/1119752635_18869_4275-X8819-Y9368_reg.swc,train,1550,2,0,CP,raw/bil/swc/1119752635_18869_4275-X8819-Y9368_reg.swc,1119752635_18869_4275-X8819-Y9368_reg.swc,true,9925e69ad1706aef9bce95f2f7f56709caa5f03cfac8792da26e579d7db115d7
bil6,bil6/1119752637_18869_4282-X22276-Y6457_reg.swc,train,1551,5,3,Isocortex_layer5,raw/bil/swc/1119752637_18869_4282-X22276-Y6457_reg.swc,1119752637_18869_4282-X22276-Y6457_reg.swc,true,667f8a457c4d1310d8111cb1dbcde734604c0a0c28210f2d5da41a41f1c29e4b
bil6,bil6/1119752639_18869_4301-X16815-Y4413_reg.swc,test,1552,9,3,Isocortex_layer5,raw/bil/swc/1119752639_18869_4301-X16815-Y4413_reg.swc,1119752639_18869_4301-X16815-Y4413_reg.swc,true,97bc4214dd91c11c17b870e2831f45c6e85d07e7053f54e3d9b0523f3433e373
bil6,bil6/1119752641_18869_4301-X20547-Y5218_reg.swc,train,1553,0,3,Isocortex_layer5,raw/bil/swc/1119752641_18869_4301-X20547-Y5218_reg.swc,1119752641_18869_4301-X20547-Y5218_reg.swc,true,c4cdc54cd11c94c5a4e0cb1f5698bbb48ad1f4cbd4d6d81aa0101d118410723b
bil6,bil6/1119752644_18869_4302-X23433-Y9053_reg.swc,train,1554,0,3,Isocortex_layer5,raw/bil/swc/1119752644_18869_4302-X23433-Y9053_reg.swc,1119752644_18869_4302-X23433-Y9053_reg.swc,true,97cec10f00e7901bcfbcaeda4e2aad903cbdadb9b0cb94dab79e1dc9d5083f95
bil6,bil6/1119752646_18869_4345-X7097-Y4738_reg.swc,train,1555,7,3,Isocortex_layer5,raw/bil/swc/1119752646_18869_4345-X7097-Y4738_reg.swc,1119752646_18869_4345-X7097-Y4738_reg.swc,true,144612422218b1bcf4a90a4cfb5fa484266f82aeaec83b44606c2fc9c80b43f7
bil6,bil6/1119752648_18869_4347-X8166-Y4281_reg.swc,train,1556,7,3,Isocortex_layer5,raw/bil/swc/1119752648_18869_4347-X8166-Y4281_reg.swc,1119752648_18869_4347-X8166-Y4281_reg.swc,true,4c00264451b0a724007ce20056a6f2ea25477991dc37acd93c73ccad9ee163d7
bil6,bil6/1119752650_18869_4371-X21382-Y5522_reg.swc,train,1557,0,3,Isocortex_layer5,raw/bil/swc/1119752650_18869_4371-X21382-Y5522_reg.swc,1119752650_18869_4371-X21382-Y5522_reg.swc,true,069b0c5ff8d4c8e109d0a108432f8d754cd9ee5d0a5c117f9a19118fc5f7f36a
bil6,bil6/1119752654_18869_4410-X8772-Y3996_reg.swc,train,1559,3,3,Isocortex_layer5,raw/bil/swc/1119752654_18869_4410-X8772-Y3996_reg.swc,1119752654_18869_4410-X8772-Y3996_reg.swc,true,36c3ea68bdc7a6fa44dd826c67714b639fbac0a30917b0bbbdb2bfbffc9229c7
bil6,bil6/1119752656_18869_4414-X15653-Y4273_reg.swc,test,1560,8,3,Isocortex_layer5,raw/bil/swc/1119752656_18869_4414-X15653-Y4273_reg.swc,1119752656_18869_4414-X15653-Y4273_reg.swc,true,61409f2a09d351a5d9d6bf9728f9fce1f59b647b31eec2df0bc3911f0af1703b
bil6,bil6/1119752660_18869_4426-X7611-Y4421_reg.swc,test,1562,8,3,Isocortex_layer5,raw/bil/swc/1119752660_18869_4426-X7611-Y4421_reg.swc,1119752660_18869_4426-X7611-Y4421_reg.swc,true,d1a76e4e3304e81055d854c72260d694057a9af265848393d065509fd1a3b741
bil6,bil6/1119752667_18869_4468-X23035-Y7089_reg.swc,test,1565,8,3,Isocortex_layer5,raw/bil/swc/1119752667_18869_4468-X23035-Y7089_reg.swc,1119752667_18869_4468-X23035-Y7089_reg.swc,true,f0761836a9aae1acbefcd5c31c4d239b37a7d63dc54e8e364ae1fbaf003b2b49
bil6,bil6/1119752669_18869_4469-X21852-Y5924_reg.swc,train,1566,5,3,Isocortex_layer5,raw/bil/swc/1119752669_18869_4469-X21852-Y5924_reg.swc,1119752669_18869_4469-X21852-Y5924_reg.swc,true,806cc78fc2d20415b838f0400f12645e3b7d816ac9c5f25b4db85dc75a111211
bil6,bil6/1119752671_18869_4511-X11720-Y4070_reg.swc,train,1567,5,3,Isocortex_layer5,raw/bil/swc/1119752671_18869_4511-X11720-Y4070_reg.swc,1119752671_18869_4511-X11720-Y4070_reg.swc,true,ecf5e4f042a4ffaba59b70c0d17d7973854e7a79891a2f199fbc35435d733321
bil6,bil6/1119752673_18869_4520-X23555-Y8194_reg.swc,train,1568,4,3,Isocortex_layer5,raw/bil/swc/1119752673_18869_4520-X23555-Y8194_reg.swc,1119752673_18869_4520-X23555-Y8194_reg.swc,true,543ee83dfc53b4d6e493892df43818254962c64ffe4ba4279d7c88cb38695e94
bil6,bil6/1119752675_18869_4550-X17965-Y4177_reg.swc,train,1569,7,3,Isocortex_layer5,raw/bil/swc/1119752675_18869_4550-X17965-Y4177_reg.swc,1119752675_18869_4550-X17965-Y4177_reg.swc,true,1e3a7b829efd2337699126e7fbb2ff1be4a1ce7871ef31cb16ff94aadbc2c0e9
bil6,bil6/1119752677_18869_4550-X7203-Y4574_reg.swc,test,1570,9,3,Isocortex_layer5,raw/bil/swc/1119752677_18869_4550-X7203-Y4574_reg.swc,1119752677_18869_4550-X7203-Y4574_reg.swc,true,aab3c18ead17b1ce605683f42132de3375f4229275db7dd42daceb0e366de54a
bil6,bil6/1119752681_18869_4587-X23021-Y6827_reg.swc,train,1572,2,3,Isocortex_layer5,raw/bil/swc/1119752681_18869_4587-X23021-Y6827_reg.swc,1119752681_18869_4587-X23021-Y6827_reg.swc,true,094176b407a23a6b96e3e662a27e964daf19c3e6ad5137f64ff9b6f1d244155d
bil6,bil6/1119752683_18869_4599-X7153-Y3640_reg.swc,train,1573,7,1,Isocortex_layer23,raw/bil/swc/1119752683_18869_4599-X7153-Y3640_reg.swc,1119752683_18869_4599-X7153-Y3640_reg.swc,true,50c3a0be10d42c2a1bbc8cf701f5f2e0eeb8f6e8cbc7cb693ddd892604926f1f
bil6,bil6/1119752685_18869_4625-X5853-Y5391_reg.swc,train,1574,2,3,Isocortex_layer5,raw/bil/swc/1119752685_18869_4625-X5853-Y5391_reg.swc,1119752685_18869_4625-X5853-Y5391_reg.swc,true,5de4fa38b4dc332a43c7fd3b39be8ba065ad26ed27a5ebed4c40e057b97b40b2
bil6,bil6/1119752687_18869_4629-X8451-Y4031_reg.swc,train,1575,1,3,Isocortex_layer5,raw/bil/swc/1119752687_18869_4629-X8451-Y4031_reg.swc,1119752687_18869_4629-X8451-Y4031_reg.swc,true,a6be08f56a3f9aeb267290390044be683ace578ea332b7c363750fe31079509c
bil6,bil6/1119752697_18869_4722-X18329-Y4110_reg.swc,train,1578,4,3,Isocortex_layer5,raw/bil/swc/1119752697_18869_4722-X18329-Y4110_reg.swc,1119752697_18869_4722-X18329-Y4110_reg.swc,true,ee76321f9667eec66ed959b1c2cd6af89ceb0055f807e4b33047b22725111147
bil6,bil6/1119752710_18869_4764-X5211-Y5995_reg.swc,test,1581,8,3,Isocortex_layer5,raw/bil/swc/1119752710_18869_4764-X5211-Y5995_reg.swc,1119752710_18869_4764-X5211-Y5995_reg.swc,true,74df855b1b8c97cc2274312b9d24af0fe5249a956fa9d5b9c410002f2fc1efa3
bil6,bil6/1119752721_18869_4837-X18229-Y3163_reg.swc,train,1584,2,1,Isocortex_layer23,raw/bil/swc/1119752721_18869_4837-X18229-Y3163_reg.swc,1119752721_18869_4837-X18229-Y3163_reg.swc,true,ea2cef33cbf26d7c08e796e8cbfcfbbf95915895df7baf3c77c14f3b422819e0
bil6,bil6/1119752733_18869_4883-X18883-Y4120_reg.swc,test,1587,8,3,Isocortex_layer5,raw/bil/swc/1119752733_18869_4883-X18883-Y4120_reg.swc,1119752733_18869_4883-X18883-Y4120_reg.swc,true,7c3f9dc74ec72b6c1a35e94fe6b327614aa3d587449c116af76da4946fefdc51
bil6,bil6/1119752745_18869_4953-X22613-Y6076_reg.swc,train,1590,1,3,Isocortex_layer5,raw/bil/swc/1119752745_18869_4953-X22613-Y6076_reg.swc,1119752745_18869_4953-X22613-Y6076_reg.swc,true,01b9294241e9535c7c2feb75928c518286488c7e5e73c2cb7e4c54b5d6f501c9
bil6,bil6/1119752752_18869_4997-X13063-Y4444_reg.swc,train,1592,2,3,Isocortex_layer5,raw/bil/swc/1119752752_18869_4997-X13063-Y4444_reg.swc,1119752752_18869_4997-X13063-Y4444_reg.swc,true,281f9586eb5235ac3c4ad9fca5865362d53591c77fa8b795ab097f89763de85c
bil6,bil6/1119752755_18869_5019-X5442-Y5910_reg.swc,train,1593,6,3,Isocortex_layer5,raw/bil/swc/1119752755_18869_5019-X5442-Y5910_reg.swc,1119752755_18869_5019-X5442-Y5910_reg.swc,true,319417ae3d2477b15c7aec2c910a7712b778f8d4d6f4e6ce8e5d1636218d4b44
bil6,bil6/1119752758_18869_5024-X5544-Y5480_reg.swc,train,1594,0,3,Isocortex_layer5,raw/bil/swc/1119752758_18869_5024-X5544-Y5480_reg.swc,1119752758_18869_5024-X5544-Y5480_reg.swc,true,84fdeb5c9ff343b96c6b5dda076da5c52dd19555ead89ec61ab4b7d92ee08c52
bil6,bil6/1119752762_18869_5033-X23046-Y6158_reg.swc,train,1595,3,3,Isocortex_layer5,raw/bil/swc/1119752762_18869_5033-X23046-Y6158_reg.swc,1119752762_18869_5033-X23046-Y6158_reg.swc,true,0b194a8891f263f48cd29b3ee33ef5f51d01798702b7880c78bfe6350d17ec81
bil6,bil6/1119752766_18869_5108-X7688-Y4065_reg.swc,train,1596,2,3,Isocortex_layer5,raw/bil/swc/1119752766_18869_5108-X7688-Y4065_reg.swc,1119752766_18869_5108-X7688-Y4065_reg.swc,true,b8a5686c71e93c08133e48e8bc0531aa09fe7d41614b3cba98040f7583e7f34b
bil6,bil6/1119752769_18869_5123-X17555-Y3609_reg.swc,test,1597,8,3,Isocortex_layer5,raw/bil/swc/1119752769_18869_5123-X17555-Y3609_reg.swc,1119752769_18869_5123-X17555-Y3609_reg.swc,true,447a61be334995675d449d137c1c5fb25f99825f13ba4b1f2e6b9301d22f50e1
bil6,bil6/1119752781_18869_5213-X7186-Y4274_reg.swc,train,1600,5,3,Isocortex_layer5,raw/bil/swc/1119752781_18869_5213-X7186-Y4274_reg.swc,1119752781_18869_5213-X7186-Y4274_reg.swc,true,8c5e5f74565ab96998c49d3343bdd1583ad4ba12da5bf4d14eebcbaa3d543676
bil6,bil6/1119752785_18869_5237-X7485-Y4162_reg.swc,test,1601,8,3,Isocortex_layer5,raw/bil/swc/1119752785_18869_5237-X7485-Y4162_reg.swc,1119752785_18869_5237-X7485-Y4162_reg.swc,true,fd3e1189b8c3d4768663cc9742f100c0bcf6fbb9c7637d9e33edd7794e10a879
bil6,bil6/1119752789_18869_5286-X15761-Y3297_reg.swc,train,1602,4,3,Isocortex_layer5,raw/bil/swc/1119752789_18869_5286-X15761-Y3297_reg.swc,1119752789_18869_5286-X15761-Y3297_reg.swc,true,4cfc2f9c16294170ffc3a81c849026c6d9f96d8bcda7e66432ea29f7b1ec4fa7
bil6,bil6/1119752792_18869_5317-X6063-Y4638_reg.swc,train,1603,7,3,Isocortex_layer5,raw/bil/swc/1119752792_18869_5317-X6063-Y4638_reg.swc,1119752792_18869_5317-X6063-Y4638_reg.swc,true,fb84221e3dc27f5adf30a651a45d83a1805bc48504e84a6e9757d01d2c9de97f
bil6,bil6/1119752796_18869_5343-X5414-Y5337_reg.swc,train,1604,7,3,Isocortex_layer5,raw/bil/swc/1119752796_18869_5343-X5414-Y5337_reg.swc,1119752796_18869_5343-X5414-Y5337_reg.swc,true,1bbc6ade490508af17b10be575d057f0ee8cbc5f87baf24e35895b9215cf0408
bil6,bil6/1119752799_18869_5393-X8284-Y3671_reg.swc,test,1605,9,3,Isocortex_layer5,raw/bil/swc/1119752799_18869_5393-X8284-Y3671_reg.swc,1119752799_18869_5393-X8284-Y3671_reg.swc,true,6c8bad02300aa5c9fc3deb4695ec7d99483336b66c97719d8bb43d4919c9f0fa
bil6,bil6/1119752803_18869_5418-X23277-Y4971_reg.swc,train,1606,5,2,Isocortex_layer4,raw/bil/swc/1119752803_18869_5418-X23277-Y4971_reg.swc,1119752803_18869_5418-X23277-Y4971_reg.swc,true,17e09c971f5cd771f7f2f680dfb76ddc942e800457cf1925c5d28c5f894a704b
bil6,bil6/1119752807_18869_5431-X21494-Y4633_reg.swc,train,1607,4,3,Isocortex_layer5,raw/bil/swc/1119752807_18869_5431-X21494-Y4633_reg.swc,1119752807_18869_5431-X21494-Y4633_reg.swc,true,4d5c9d5933081bb7b529ed762c9e14522ba758140da2a281b7888fc19f309449
bil6,bil6/1119752810_18869_5444-X13271-Y3998_reg.swc,train,1608,1,3,Isocortex_layer5,raw/bil/swc/1119752810_18869_5444-X13271-Y3998_reg.swc,1119752810_18869_5444-X13271-Y3998_reg.swc,true,ff7e3f218364170cb4814305f6c7bb849b36224fa62ec7f7e265b990d7a40e0e
bil6,bil6/1119752814_18869_5482-X15126-Y4142_reg.swc,train,1609,6,3,Isocortex_layer5,raw/bil/swc/1119752814_18869_5482-X15126-Y4142_reg.swc,1119752814_18869_5482-X15126-Y4142_reg.swc,true,def12c5346118b41234877052b8230b5f8a67f9859a9ec1d0ceade490d4d7855
bil6,bil6/1119752818_18869_5553-X7275-Y3994_reg.swc,train,1610,2,3,Isocortex_layer5,raw/bil/swc/1119752818_18869_5553-X7275-Y3994_reg.swc,1119752818_18869_5553-X7275-Y3994_reg.swc,true,be4f9adcda77b059eb7898ed144a9fe0265f7a41ed55f07de3645170f5b54952
bil6,bil6/1119752825_18869_5684-X13521-Y3699_reg.swc,train,1612,0,3,Isocortex_layer5,raw/bil/swc/1119752825_18869_5684-X13521-Y3699_reg.swc,1119752825_18869_5684-X13521-Y3699_reg.swc,true,d6dd3998a55a909f9bf0c3592def372f85538bfaff8cdeee955445bae73ac3e6
bil6,bil6/1119752828_18869_5692-X6534-Y3440_reg.swc,train,1613,6,2,Isocortex_layer4,raw/bil/swc/1119752828_18869_5692-X6534-Y3440_reg.swc,1119752828_18869_5692-X6534-Y3440_reg.swc,true,8917868ea9f56a0b163f56f5eefb24dddc86c4319a70143d5a87070e52400996
bil6,bil6/1119752832_18869_5694-X15073-Y4098_reg.swc,train,1614,2,3,Isocortex_layer5,raw/bil/swc/1119752832_18869_5694-X15073-Y4098_reg.swc,1119752832_18869_5694-X15073-Y4098_reg.swc,true,b7d0cb71a743f8bd6696a468a0baacf73ea44be7ba97128cce955de8941ef810
bil6,bil6/1119752836_18869_5705-X4706-Y6107_reg.swc,train,1615,0,3,Isocortex_layer5,raw/bil/swc/1119752836_18869_5705-X4706-Y6107_reg.swc,1119752836_18869_5705-X4706-Y6107_reg.swc,true,b554dfb6783e2bd3ad21a94dfba0b403662a0dd655ef53f871efa0509fc1e152
bil6,bil6/1119752838_18869_5754-X7159-Y3959_reg.swc,train,1616,1,3,Isocortex_layer5,raw/bil/swc/1119752838_18869_5754-X7159-Y3959_reg.swc,1119752838_18869_5754-X7159-Y3959_reg.swc,true,11402fe19d94e73487918c1576693f634af4b0430c9876b1595b3220c2dc765a
bil6,bil6/1119752840_18869_5802-X13547-Y4406_reg.swc,test,1617,8,3,Isocortex_layer5,raw/bil/swc/1119752840_18869_5802-X13547-Y4406_reg.swc,1119752840_18869_5802-X13547-Y4406_reg.swc,true,c6575162b7d0033740aa2b9321244c91ed5733212fa543ff26bfcf9bb74fa566
bil6,bil6/1119752842_18869_5941-X16325-Y2938_reg.swc,train,1618,3,3,Isocortex_layer5,raw/bil/swc/1119752842_18869_5941-X16325-Y2938_reg.swc,1119752842_18869_5941-X16325-Y2938_reg.swc,true,c9e46a0caaa5fd0602edbec5255944c96a3a8a7792197a1571e2336cc952b450
bil6,bil6/1119752844_18869_5980-X7654-Y3517_reg.swc,train,1619,6,3,Isocortex_layer5,raw/bil/swc/1119752844_18869_5980-X7654-Y3517_reg.swc,1119752844_18869_5980-X7654-Y3517_reg.swc,true,52735e31dd9568c44203a729c5d3fb1aee574340465ccef07fec6a5e342db318
bil6,bil6/1119752853_18869_6291-X15236-Y3478_reg.swc,train,1622,7,3,Isocortex_layer5,raw/bil/swc/1119752853_18869_6291-X15236-Y3478_reg.swc,1119752853_18869_6291-X15236-Y3478_reg.swc,true,392d51ad0691ab3f1cd51ec85099fc36902aaf9290b8989292890391cf9e0e76
bil6,bil6/1119752855_18869_6454-X17703-Y2478_reg.swc,train,1623,1,1,Isocortex_layer23,raw/bil/swc/1119752855_18869_6454-X17703-Y2478_reg.swc,1119752855_18869_6454-X17703-Y2478_reg.swc,true,6259c45f6ee4162e10cef1b1fd40e7d51b297effaa1b2e0573495044a9a7ffdd
bil6,bil6/1119752860_18869_6854-X10735-Y2978_reg.swc,train,1625,7,3,Isocortex_layer5,raw/bil/swc/1119752860_18869_6854-X10735-Y2978_reg.swc,1119752860_18869_6854-X10735-Y2978_reg.swc,true,c1ea05c902618c657c2a43dbabaa5e5c963c156e7ecec33231db81705ca13851
bil6,bil6/1119752862_18869_7121-X17742-Y2862_reg.swc,train,1626,6,3,Isocortex_layer5,raw/bil/swc/1119752862_18869_7121-X17742-Y2862_reg.swc,1119752862_18869_7121-X17742-Y2862_reg.swc,true,d3d368a90b04b851dd41a1288a96de92d678432d69271c37ba6a1dc562d88f00
bil6,bil6/1119749994_182725_2241-X9113-Y11193_reg.swc,train,1654,5,3,Isocortex_layer5,raw/bil/swc/1119749994_182725_2241-X9113-Y11193_reg.swc,1119749994_182725_2241-X9113-Y11193_reg.swc,true,d6229bc2bac83f5171d529fa3c72c286659618b8cde623d548f5d93cc6909323
bil6,bil6/1119749996_182725_2376-X10033-Y10786_reg.swc,train,1655,2,3,Isocortex_layer5,raw/bil/swc/1119749996_182725_2376-X10033-Y10786_reg.swc,1119749996_182725_2376-X10033-Y10786_reg.swc,true,cf6511b59d414e035f9ae5bed6f9129121fb973b09eaa1dc7fb951b8adf71e40
bil6,bil6/1119749998_182725_2390-X8944-Y12077_reg.swc,train,1656,4,3,Isocortex_layer5,raw/bil/swc/1119749998_182725_2390-X8944-Y12077_reg.swc,1119749998_182725_2390-X8944-Y12077_reg.swc,true,873ee5b2bb20b26713d3bf0ba4e439586bff19ebde1a1b681e02c396d244fb4c
bil6,bil6/1119750000_182725_2581-X9375-Y21137_reg.swc,train,1657,6,3,Isocortex_layer5,raw/bil/swc/1119750000_182725_2581-X9375-Y21137_reg.swc,1119750000_182725_2581-X9375-Y21137_reg.swc,true,cb2231bd9ff4ada3a244ac0ecbd405b168d79e4563107e3ad93875f4aa82c694
bil6,bil6/1119750002_182725_2917-X9391-Y22263_reg.swc,train,1658,1,3,Isocortex_layer5,raw/bil/swc/1119750002_182725_2917-X9391-Y22263_reg.swc,1119750002_182725_2917-X9391-Y22263_reg.swc,true,27e8f810d704408e2ccc6efa8427b9557e5df28d81a0670faae83e807cc8d4be
bil6,bil6/1119750004_182725_3680-X13452-Y7614_reg.swc,test,1659,9,3,Isocortex_layer5,raw/bil/swc/1119750004_182725_3680-X13452-Y7614_reg.swc,1119750004_182725_3680-X13452-Y7614_reg.swc,true,850efbb36650c3a079c63d942ba87ef691267428b4c0c291b909c22072c57321
bil6,bil6/1119750007_182725_3762-X5563-Y19178_reg.swc,train,1660,6,3,Isocortex_layer5,raw/bil/swc/1119750007_182725_3762-X5563-Y19178_reg.swc,1119750007_182725_3762-X5563-Y19178_reg.swc,true,dba82d5613784e25c66447cd845f5374afa7b9162aba6fa867e3d343f9eb5675
bil6,bil6/1119750009_182725_4080-X6576-Y11407_reg.swc,test,1661,9,3,Isocortex_layer5,raw/bil/swc/1119750009_182725_4080-X6576-Y11407_reg.swc,1119750009_182725_4080-X6576-Y11407_reg.swc,true,864f67e92497538c56917661149103e2fcdbca88a2ecc717b423b1fc17b76e5e
bil6,bil6/1119750011_182725_4160-X5717-Y19181_reg.swc,train,1662,1,3,Isocortex_layer5,raw/bil/swc/1119750011_182725_4160-X5717-Y19181_reg.swc,1119750011_182725_4160-X5717-Y19181_reg.swc,true,66472d1b36a9d1497b2786e7334ea7ddb1c026d7efda2aea1ffcb4eab746627f
bil6,bil6/1119750013_182725_4290-X5671-Y18488_reg.swc,train,1663,7,3,Isocortex_layer5,raw/bil/swc/1119750013_182725_4290-X5671-Y18488_reg.swc,1119750013_182725_4290-X5671-Y18488_reg.swc,true,3c7fdbce09202515ecba252b91ec896a563e658334e62b342bf55cc308a0d9f3
bil6,bil6/1119750015_182725_4390-X5078-Y18459_reg.swc,train,1664,0,3,Isocortex_layer5,raw/bil/swc/1119750015_182725_4390-X5078-Y18459_reg.swc,1119750015_182725_4390-X5078-Y18459_reg.swc,true,a5e0d793c9c4d88a7c9fd59ee9481f627a8a8d2a24554672d9c7a09d45eafbb9
bil6,bil6/1119750017_182725_5012-X5980-Y10427_reg.swc,train,1665,7,3,Isocortex_layer5,raw/bil/swc/1119750017_182725_5012-X5980-Y10427_reg.swc,1119750017_182725_5012-X5980-Y10427_reg.swc,true,3d2f147e06ae82173fed631aa1c07c329debc4c5769aa7445860fe89d1baf295
bil6,bil6/1119750019_182725_6819-X6109-Y7853_reg.swc,train,1667,1,3,Isocortex_layer5,raw/bil/swc/1119750019_182725_6819-X6109-Y7853_reg.swc,1119750019_182725_6819-X6109-Y7853_reg.swc,true,6050191007ad1450521a19093eef36e2fc255e2b7bd11e12e3f6b9a2c849f374
bil6,bil6/1119750021_182725_7341-X4593-Y22594_reg.swc,train,1668,6,3,Isocortex_layer5,raw/bil/swc/1119750021_182725_7341-X4593-Y22594_reg.swc,1119750021_182725_7341-X4593-Y22594_reg.swc,true,97b0d6633321c227c201ec32a8f4dec05dcf5fb3b4d4a3875a3fec0e8cb34ed5
bil6,bil6/1119752879_191801_4180-X7440-Y5386_reg.swc,train,1671,4,1,Isocortex_layer23,raw/bil/swc/1119752879_191801_4180-X7440-Y5386_reg.swc,1119752879_191801_4180-X7440-Y5386_reg.swc,true,426660efe0aa8f8e456695a99992603ec9e6bba4b9a4f2c27870e0507f91af6b
bil6,bil6/1119752883_191801_4724-X4226-Y10240_reg.swc,train,1673,5,1,Isocortex_layer23,raw/bil/swc/1119752883_191801_4724-X4226-Y10240_reg.swc,1119752883_191801_4724-X4226-Y10240_reg.swc,true,76fb2fc218bf4491444351203398695ee52be8db044e2b00b02a646c4d4b0054
bil6,bil6/1119752895_15257_2226-X16029-Y23953_reg.swc,train,1688,2,4,Isocortex_layer6,raw/bil/swc/1119752895_15257_2226-X16029-Y23953_reg.swc,1119752895_15257_2226-X16029-Y23953_reg.swc,true,68a73c1341e9ffc42bf649d8081989dd277b46a7171710cdcd0c8316ae519b31
bil6,bil6/1119752897_15257_2309-X13266-Y25533_reg.swc,test,1689,8,4,Isocortex_layer6,raw/bil/swc/1119752897_15257_2309-X13266-Y25533_reg.swc,1119752897_15257_2309-X13266-Y25533_reg.swc,true,0cdeb3b04ccde034f21607210afa25f6eb86b0435a3c6dfb6ac00a2f326c4a55
bil6,bil6/1119752899_15257_2627-X17126-Y20600_reg.swc,test,1690,8,3,Isocortex_layer5,raw/bil/swc/1119752899_15257_2627-X17126-Y20600_reg.swc,1119752899_15257_2627-X17126-Y20600_reg.swc,true,3af20c105de3698adcbec15f57feb84b57aaa9f49594294b72116fd73ed90106
bil6,bil6/1119752901_15257_3271-X15413-Y13333_reg.swc,test,1691,9,4,Isocortex_layer6,raw/bil/swc/1119752901_15257_3271-X15413-Y13333_reg.swc,1119752901_15257_3271-X15413-Y13333_reg.swc,true,52cce2577cbeccc0aaf9dc59ace7078839acd5c56012c165f4b78cb0230bbcd7
bil6,bil6/1119752903_15257_4021-X16401-Y21556_reg.swc,train,1692,1,4,Isocortex_layer6,raw/bil/swc/1119752903_15257_4021-X16401-Y21556_reg.swc,1119752903_15257_4021-X16401-Y21556_reg.swc,true,8b65d26d9ed833ae4f14c45cfe3b3524da6a6703fe03be40f22011c3b255c590
bil6,bil6/1119752905_15257_4149-X16164-Y21238_reg.swc,train,1693,0,4,Isocortex_layer6,raw/bil/swc/1119752905_15257_4149-X16164-Y21238_reg.swc,1119752905_15257_4149-X16164-Y21238_reg.swc,true,41b246378382198d9c166c25aaa95eec6c217245e041b27fb9a230fa318b8393
bil6,bil6/1119752907_15257_4397-X16794-Y21812_reg.swc,train,1694,3,4,Isocortex_layer6,raw/bil/swc/1119752907_15257_4397-X16794-Y21812_reg.swc,1119752907_15257_4397-X16794-Y21812_reg.swc,true,ff3acbba33fdfe96d5f77edad344272cdd32962309e3734947ca73c5a7d68f48
bil6,bil6/1119752909_15257_4485-X16442-Y16836_reg.swc,train,1695,5,4,Isocortex_layer6,raw/bil/swc/1119752909_15257_4485-X16442-Y16836_reg.swc,1119752909_15257_4485-X16442-Y16836_reg.swc,true,ba17ccffdeaecf8dd4e323d000ae6d8896db5f5da3447c266c5826e6aa037c11
bil6,bil6/1119752911_15257_4500-X16614-Y17147_reg.swc,train,1696,4,4,Isocortex_layer6,raw/bil/swc/1119752911_15257_4500-X16614-Y17147_reg.swc,1119752911_15257_4500-X16614-Y17147_reg.swc,true,299ddf4cdce4bfc54a92a92ab493a8575de5beaa25bac0f3a687b9d0f116f665
bil6,bil6/1119752913_16124_2657-X11930-Y12250_reg.swc,train,1697,3,4,Isocortex_layer6,raw/bil/swc/1119752913_16124_2657-X11930-Y12250_reg.swc,1119752913_16124_2657-X11930-Y12250_reg.swc,true,d5a953e2d7336b6ee15690bb208e1f42a75b36db0a3cf37e18d6588931a922fe
bil6,bil6/1119752915_16124_2669-X10674-Y13239_reg.swc,train,1698,6,4,Isocortex_layer6,raw/bil/swc/1119752915_16124_2669-X10674-Y13239_reg.swc,1119752915_16124_2669-X10674-Y13239_reg.swc,true,97567a1bbb8eb2b7fbea8c7f0bad3d157d59d1b85dff68159d1a096777503656
bil6,bil6/1119752917_16124_2801-X11376-Y11451_reg.swc,train,1699,0,4,Isocortex_layer6,raw/bil/swc/1119752917_16124_2801-X11376-Y11451_reg.swc,1119752917_16124_2801-X11376-Y11451_reg.swc,true,9ab6d680e1a8f2bad8a4451bdf8346aafaaf1f5d1a434def3522faa7462a3aef
bil6,bil6/1119752920_16124_3001-X12887-Y24248_reg.swc,test,1700,9,4,Isocortex_layer6,raw/bil/swc/1119752920_16124_3001-X12887-Y24248_reg.swc,1119752920_16124_3001-X12887-Y24248_reg.swc,true,9e606832ac64b07a885a90501fecc1234f3123b672154221f424e2f718a3b47b
bil6,bil6/1119752922_16124_3029-X12820-Y24699_reg.swc,test,1701,8,4,Isocortex_layer6,raw/bil/swc/1119752922_16124_3029-X12820-Y24699_reg.swc,1119752922_16124_3029-X12820-Y24699_reg.swc,true,7c462048f5db1c18acf0acd9444c2fa9d53a5ba7bea57309fe19bb6772cd4010
bil6,bil6/1119752924_16124_3215-X11999-Y11133_reg.swc,train,1702,7,4,Isocortex_layer6,raw/bil/swc/1119752924_16124_3215-X11999-Y11133_reg.swc,1119752924_16124_3215-X11999-Y11133_reg.swc,true,0cd68ab8d9e90c0702802a5ed087dad65205ddd9c3805bd6e0b98818c49d82f2
bil6,bil6/1119752926_16124_3229-X11884-Y10380_reg.swc,test,1703,8,4,Isocortex_layer6,raw/bil/swc/1119752926_16124_3229-X11884-Y10380_reg.swc,1119752926_16124_3229-X11884-Y10380_reg.swc,true,4de9f8cc54756b971da9ec7961677a9ac162b30eda67d6ca4a4cc53553dd3952
bil6,bil6/1119752933_16124_3329-X13938-Y26099_reg.swc,train,1706,4,4,Isocortex_layer6,raw/bil/swc/1119752933_16124_3329-X13938-Y26099_reg.swc,1119752933_16124_3329-X13938-Y26099_reg.swc,true,7d14fb63b1030a52bf95abc84582460f6296e5381845994f5126a7f4e3d5cf40
bil6,bil6/1119752941_16124_3529-X13394-Y26567_reg.swc,train,1710,0,4,Isocortex_layer6,raw/bil/swc/1119752941_16124_3529-X13394-Y26567_reg.swc,1119752941_16124_3529-X13394-Y26567_reg.swc,true,b31b6942427ce1b95877b99fd353503af12e1f02855740b03ea010df79bc8a04
bil6,bil6/1119752943_16124_3529-X13688-Y26111_reg.swc,test,1711,8,4,Isocortex_layer6,raw/bil/swc/1119752943_16124_3529-X13688-Y26111_reg.swc,1119752943_16124_3529-X13688-Y26111_reg.swc,true,1311f69e3b8eb82d73ae6371c4a8df1110fd596e5a00d1aa9e76bcb03ad86294
bil6,bil6/1119752952_16124_3729-X15151-Y26698_reg.swc,train,1715,4,4,Isocortex_layer6,raw/bil/swc/1119752952_16124_3729-X15151-Y26698_reg.swc,1119752952_16124_3729-X15151-Y26698_reg.swc,true,35a190903c989fe25a1bc33472411f9e1afdaa3becd4ecc5c55a9b143c781d00
bil6,bil6/1119752958_16124_3829-X14826-Y27255_reg.swc,train,1718,3,4,Isocortex_layer6,raw/bil/swc/1119752958_16124_3829-X14826-Y27255_reg.swc,1119752958_16124_3829-X14826-Y27255_reg.swc,true,a98ec0edcf6c166e94dea13eea5d244d5c3797c02b6ae9137013ed7e3a35a0ff
bil6,bil6/1119752964_16124_3929-X12721-Y8845_reg.swc,train,1721,2,4,Isocortex_layer6,raw/bil/swc/1119752964_16124_3929-X12721-Y8845_reg.swc,1119752964_16124_3929-X12721-Y8845_reg.swc,true,fa7bc03678123b957563a5fde0c75312d9afa7bea9ae70fb8adc47d1865d5694
bil6,bil6/1119752976_16124_4266-X13848-Y8550_reg.swc,train,1727,1,4,Isocortex_layer6,raw/bil/swc/1119752976_16124_4266-X13848-Y8550_reg.swc,1119752976_16124_4266-X13848-Y8550_reg.swc,true,96a40479778b41af9b1e42e4832f7b25b962b937ed2cf72e2bf5fe5ed76376d5
bil6,bil6/1119752986_16124_5338-X13590-Y7348_reg.swc,train,1732,4,4,Isocortex_layer6,raw/bil/swc/1119752986_16124_5338-X13590-Y7348_reg.swc,1119752986_16124_5338-X13590-Y7348_reg.swc,true,77f96f4cce8e5ce89b0bf10f90686c0594000f123ba4a6e88b19524d0b5063ce
bil6,bil6/1119752988_16124_5670-X14073-Y29439_reg.swc,train,1733,5,4,Isocortex_layer6,raw/bil/swc/1119752988_16124_5670-X14073-Y29439_reg.swc,1119752988_16124_5670-X14073-Y29439_reg.swc,true,d673cf566ff69a64bce0314eccaa5a8d8d6b34f690503982719e992d799a0e55
bil6,bil6/1119752991_16124_5738-X11712-Y6818_reg.swc,train,1734,3,4,Isocortex_layer6,raw/bil/swc/1119752991_16124_5738-X11712-Y6818_reg.swc,1119752991_16124_5738-X11712-Y6818_reg.swc,true,a276ef1bec578861038a636338777dde8df2461649d62c54800521e8ef8e5c99
bil6,bil6/1119752993_16124_5840-X15240-Y29741_reg.swc,test,1735,9,4,Isocortex_layer6,raw/bil/swc/1119752993_16124_5840-X15240-Y29741_reg.swc,1119752993_16124_5840-X15240-Y29741_reg.swc,true,720eac0947544d79c423a9a6075fc01961843ae2203de5e233fb10fd6806f311
bil6,bil6/1119752995_16124_6338-X12092-Y5845_reg.swc,train,1736,6,4,Isocortex_layer6,raw/bil/swc/1119752995_16124_6338-X12092-Y5845_reg.swc,1119752995_16124_6338-X12092-Y5845_reg.swc,true,9bf0593d6cf50d49ad8df5e95e67cd0aa46891669fefa20b18d551db4341f585
bil6,bil6/1119752997_16124_6338-X12496-Y6617_reg.swc,test,1737,8,4,Isocortex_layer6,raw/bil/swc/1119752997_16124_6338-X12496-Y6617_reg.swc,1119752997_16124_6338-X12496-Y6617_reg.swc,true,d29c21934c5b44d9e9a29872a9736ea530c6d9eca2294647ad3946901b7dafb2
bil6,bil6/1119752999_16124_6438-X12218-Y5897_reg.swc,train,1738,2,4,Isocortex_layer6,raw/bil/swc/1119752999_16124_6438-X12218-Y5897_reg.swc,1119752999_16124_6438-X12218-Y5897_reg.swc,true,76208e46d1907b0d4e57ae8fa4187f7b68e1f4df4fee8fcfd6c0f0bdc3ca1725
bil6,bil6/1119753001_16124_6855-X15550-Y29832_reg.swc,test,1739,9,4,Isocortex_layer6,raw/bil/swc/1119753001_16124_6855-X15550-Y29832_reg.swc,1119753001_16124_6855-X15550-Y29832_reg.swc,true,646a9fabf9dfb674988627d4c3a7c130bc95230188d9eaca02f380aa2287e262
bil6,bil6/1119753004_16124_7077-X14579-Y30892_reg.swc,train,1740,5,4,Isocortex_layer6,raw/bil/swc/1119753004_16124_7077-X14579-Y30892_reg.swc,1119753004_16124_7077-X14579-Y30892_reg.swc,true,404c4bb618d7b5e9196a91e460cd40ccfabc96bd7ab09c638f6dcb1f8331b5a2
